date,scenic_id,scenic_name,altitude,scenic_type,temp_mean,temp_max,temp_min,rain_sum,snow_sum,weather_code,weather_desc,is_holiday,holiday_name,is_weekend,holiday_length,weekday,weather_factor,altitude_factor,holiday_factor,seasonal_factor,visitor_count
2024-01-01,1,梅花山风景区,2400,mountain,9.3,14.4,4.9,6.9,0.0,61,小雨,1,元旦,0,1,1,0.64,0.96,1.8,0.75,1235
2024-01-01,2,玉舍国家森林公园,2300,forest,9.3,14.4,4.9,6.9,0.0,61,小雨,1,元旦,0,1,1,0.64,0.962,1.8,0.75,988
2024-01-01,3,乌蒙大草原,2857,grassland,9.3,14.4,4.9,6.9,0.0,61,小雨,1,元旦,0,1,1,0.64,0.952,1.8,0.75,1472
2024-01-01,4,水城古镇,1800,ancient_town,9.3,14.4,4.9,6.9,0.0,61,小雨,1,元旦,0,1,1,0.846,0.97,2.07,0.75,1318
2024-01-01,5,明湖国家湿地公园,1750,wetland,9.3,14.4,4.9,6.9,0.0,61,小雨,1,元旦,0,1,1,0.512,0.971,1.89,0.75,630
2024-01-02,1,梅花山风景区,2400,mountain,6.4,11.3,4.2,4.1,0.14,71,小雪,0,,0,0,2,0.64,0.96,1.0,0.75,639
2024-01-02,2,玉舍国家森林公园,2300,forest,6.4,11.3,4.2,4.1,0.14,71,小雪,0,,0,0,2,0.64,0.962,1.0,0.75,563
2024-01-02,3,乌蒙大草原,2857,grassland,6.4,11.3,4.2,4.1,0.14,71,小雪,0,,0,0,2,0.64,0.952,1.0,0.75,811
2024-01-02,4,水城古镇,1800,ancient_town,6.4,11.3,4.2,4.1,0.14,71,小雪,0,,0,0,2,0.846,0.97,1.0,0.75,608
2024-01-02,5,明湖国家湿地公园,1750,wetland,6.4,11.3,4.2,4.1,0.14,71,小雪,0,,0,0,2,0.512,0.971,1.0,0.75,337
2024-01-03,1,梅花山风景区,2400,mountain,4.7,7.5,2.6,0.0,0.0,3,阴,0,,0,0,3,0.5,0.84,1.0,0.75,477
2024-01-03,2,玉舍国家森林公园,2300,forest,4.7,7.5,2.6,0.0,0.0,3,阴,0,,0,0,3,0.5,0.847,1.0,0.75,403
2024-01-03,3,乌蒙大草原,2857,grassland,4.7,7.5,2.6,0.0,0.0,3,阴,0,,0,0,3,0.5,0.81,1.0,0.75,564
2024-01-03,4,水城古镇,1800,ancient_town,4.7,7.5,2.6,0.0,0.0,3,阴,0,,0,0,3,0.75,0.88,1.0,0.75,497
2024-01-03,5,明湖国家湿地公园,1750,wetland,4.7,7.5,2.6,0.0,0.0,3,阴,0,,0,0,3,0.5,0.883,1.0,0.75,287
2024-01-04,1,梅花山风景区,2400,mountain,7.7,13.9,4.4,0.3,0.0,51,小雨,0,,0,0,4,0.8,0.96,1.0,0.75,820
2024-01-04,2,玉舍国家森林公园,2300,forest,7.7,13.9,4.4,0.3,0.0,51,小雨,0,,0,0,4,0.8,0.962,1.0,0.75,700
2024-01-04,3,乌蒙大草原,2857,grassland,7.7,13.9,4.4,0.3,0.0,51,小雨,0,,0,0,4,0.8,0.952,1.0,0.75,1096
2024-01-04,4,水城古镇,1800,ancient_town,7.7,13.9,4.4,0.3,0.0,51,小雨,0,,0,0,4,0.9,0.97,1.0,0.75,656
2024-01-04,5,明湖国家湿地公园,1750,wetland,7.7,13.9,4.4,0.3,0.0,51,小雨,0,,0,0,4,0.8,0.971,1.0,0.75,521
2024-01-05,1,梅花山风景区,2400,mountain,7.4,11.7,5.4,0.9,0.0,51,小雨,0,,0,0,5,0.8,0.96,1.0,0.75,886
2024-01-05,2,玉舍国家森林公园,2300,forest,7.4,11.7,5.4,0.9,0.0,51,小雨,0,,0,0,5,0.8,0.962,1.0,0.75,642
2024-01-05,3,乌蒙大草原,2857,grassland,7.4,11.7,5.4,0.9,0.0,51,小雨,0,,0,0,5,0.8,0.952,1.0,0.75,1012
2024-01-05,4,水城古镇,1800,ancient_town,7.4,11.7,5.4,0.9,0.0,51,小雨,0,,0,0,5,0.9,0.97,1.0,0.75,670
2024-01-05,5,明湖国家湿地公园,1750,wetland,7.4,11.7,5.4,0.9,0.0,51,小雨,0,,0,0,5,0.8,0.971,1.0,0.75,547
2024-01-06,1,梅花山风景区,2400,mountain,7.4,11.1,5.8,1.4,0.0,51,小雨,0,,1,0,6,0.8,0.96,1.6,0.75,1365
2024-01-06,2,玉舍国家森林公园,2300,forest,7.4,11.1,5.8,1.4,0.0,51,小雨,0,,1,0,6,0.8,0.962,1.6,0.75,1128
2024-01-06,3,乌蒙大草原,2857,grassland,7.4,11.1,5.8,1.4,0.0,51,小雨,0,,1,0,6,0.8,0.952,1.6,0.75,1666
2024-01-06,4,水城古镇,1800,ancient_town,7.4,11.1,5.8,1.4,0.0,51,小雨,0,,1,0,6,0.9,0.97,1.6,0.75,1088
2024-01-06,5,明湖国家湿地公园,1750,wetland,7.4,11.1,5.8,1.4,0.0,51,小雨,0,,1,0,6,0.8,0.971,1.6,0.75,792
2024-01-07,1,梅花山风景区,2400,mountain,8.7,13.1,6.3,5.4,0.0,63,中雨,0,,1,0,7,0.64,0.96,1.6,0.75,1137
2024-01-07,2,玉舍国家森林公园,2300,forest,8.7,13.1,6.3,5.4,0.0,63,中雨,0,,1,0,7,0.64,0.962,1.6,0.75,819
2024-01-07,3,乌蒙大草原,2857,grassland,8.7,13.1,6.3,5.4,0.0,63,中雨,0,,1,0,7,0.64,0.952,1.6,0.75,1144
2024-01-07,4,水城古镇,1800,ancient_town,8.7,13.1,6.3,5.4,0.0,63,中雨,0,,1,0,7,0.846,0.97,1.6,0.75,954
2024-01-07,5,明湖国家湿地公园,1750,wetland,8.7,13.1,6.3,5.4,0.0,63,中雨,0,,1,0,7,0.512,0.971,1.6,0.75,512
2024-01-08,1,梅花山风景区,2400,mountain,7.8,13.9,5.7,0.2,0.0,51,小雨,0,,0,0,1,0.8,0.96,1.0,0.75,901
2024-01-08,2,玉舍国家森林公园,2300,forest,7.8,13.9,5.7,0.2,0.0,51,小雨,0,,0,0,1,0.8,0.962,1.0,0.75,715
2024-01-08,3,乌蒙大草原,2857,grassland,7.8,13.9,5.7,0.2,0.0,51,小雨,0,,0,0,1,0.8,0.952,1.0,0.75,965
2024-01-08,4,水城古镇,1800,ancient_town,7.8,13.9,5.7,0.2,0.0,51,小雨,0,,0,0,1,0.9,0.97,1.0,0.75,682
2024-01-08,5,明湖国家湿地公园,1750,wetland,7.8,13.9,5.7,0.2,0.0,51,小雨,0,,0,0,1,0.8,0.971,1.0,0.75,497
2024-01-09,1,梅花山风景区,2400,mountain,7.5,11.3,4.0,0.0,0.0,3,阴,0,,0,0,2,0.8,0.96,1.0,0.75,860
2024-01-09,2,玉舍国家森林公园,2300,forest,7.5,11.3,4.0,0.0,0.0,3,阴,0,,0,0,2,0.8,0.962,1.0,0.75,682
2024-01-09,3,乌蒙大草原,2857,grassland,7.5,11.3,4.0,0.0,0.0,3,阴,0,,0,0,2,0.8,0.952,1.0,0.75,1034
2024-01-09,4,水城古镇,1800,ancient_town,7.5,11.3,4.0,0.0,0.0,3,阴,0,,0,0,2,0.9,0.97,1.0,0.75,681
2024-01-09,5,明湖国家湿地公园,1750,wetland,7.5,11.3,4.0,0.0,0.0,3,阴,0,,0,0,2,0.8,0.971,1.0,0.75,540
2024-01-10,1,梅花山风景区,2400,mountain,6.5,9.0,4.8,0.3,0.0,51,小雨,0,,0,0,3,0.8,0.96,1.0,0.75,879
2024-01-10,2,玉舍国家森林公园,2300,forest,6.5,9.0,4.8,0.3,0.0,51,小雨,0,,0,0,3,0.8,0.962,1.0,0.75,714
2024-01-10,3,乌蒙大草原,2857,grassland,6.5,9.0,4.8,0.3,0.0,51,小雨,0,,0,0,3,0.8,0.952,1.0,0.75,1053
2024-01-10,4,水城古镇,1800,ancient_town,6.5,9.0,4.8,0.3,0.0,51,小雨,0,,0,0,3,0.9,0.97,1.0,0.75,634
2024-01-10,5,明湖国家湿地公园,1750,wetland,6.5,9.0,4.8,0.3,0.0,51,小雨,0,,0,0,3,0.8,0.971,1.0,0.75,505
2024-01-11,1,梅花山风景区,2400,mountain,7.6,11.4,5.1,6.1,0.0,61,小雨,0,,0,0,4,0.64,0.96,1.0,0.75,674
2024-01-11,2,玉舍国家森林公园,2300,forest,7.6,11.4,5.1,6.1,0.0,61,小雨,0,,0,0,4,0.64,0.962,1.0,0.75,567
2024-01-11,3,乌蒙大草原,2857,grassland,7.6,11.4,5.1,6.1,0.0,61,小雨,0,,0,0,4,0.64,0.952,1.0,0.75,812
2024-01-11,4,水城古镇,1800,ancient_town,7.6,11.4,5.1,6.1,0.0,61,小雨,0,,0,0,4,0.846,0.97,1.0,0.75,687
2024-01-11,5,明湖国家湿地公园,1750,wetland,7.6,11.4,5.1,6.1,0.0,61,小雨,0,,0,0,4,0.512,0.971,1.0,0.75,321
2024-01-12,1,梅花山风景区,2400,mountain,8.9,13.4,7.3,1.1,0.0,51,小雨,0,,0,0,5,0.8,0.96,1.0,0.75,816
2024-01-12,2,玉舍国家森林公园,2300,forest,8.9,13.4,7.3,1.1,0.0,51,小雨,0,,0,0,5,0.8,0.962,1.0,0.75,719
2024-01-12,3,乌蒙大草原,2857,grassland,8.9,13.4,7.3,1.1,0.0,51,小雨,0,,0,0,5,0.8,0.952,1.0,0.75,1101
2024-01-12,4,水城古镇,1800,ancient_town,8.9,13.4,7.3,1.1,0.0,51,小雨,0,,0,0,5,0.9,0.97,1.0,0.75,671
2024-01-12,5,明湖国家湿地公园,1750,wetland,8.9,13.4,7.3,1.1,0.0,51,小雨,0,,0,0,5,0.8,0.971,1.0,0.75,546
2024-01-13,1,梅花山风景区,2400,mountain,10.5,16.6,7.3,0.0,0.0,3,阴,0,,1,0,6,0.8,0.96,1.6,0.75,1480
2024-01-13,2,玉舍国家森林公园,2300,forest,10.5,16.6,7.3,0.0,0.0,3,阴,0,,1,0,6,0.8,0.962,1.6,0.75,1102
2024-01-13,3,乌蒙大草原,2857,grassland,10.5,16.6,7.3,0.0,0.0,3,阴,0,,1,0,6,0.8,0.952,1.6,0.75,1528
2024-01-13,4,水城古镇,1800,ancient_town,10.5,16.6,7.3,0.0,0.0,3,阴,0,,1,0,6,0.9,0.97,1.6,0.75,1019
2024-01-13,5,明湖国家湿地公园,1750,wetland,10.5,16.6,7.3,0.0,0.0,3,阴,0,,1,0,6,0.8,0.971,1.6,0.75,878
2024-01-14,1,梅花山风景区,2400,mountain,10.2,15.4,6.8,0.2,0.0,51,小雨,0,,1,0,7,0.8,0.96,1.6,0.75,1282
2024-01-14,2,玉舍国家森林公园,2300,forest,10.2,15.4,6.8,0.2,0.0,51,小雨,0,,1,0,7,0.8,0.962,1.6,0.75,1109
2024-01-14,3,乌蒙大草原,2857,grassland,10.2,15.4,6.8,0.2,0.0,51,小雨,0,,1,0,7,0.8,0.952,1.6,0.75,1666
2024-01-14,4,水城古镇,1800,ancient_town,10.2,15.4,6.8,0.2,0.0,51,小雨,0,,1,0,7,0.9,0.97,1.6,0.75,1031
2024-01-14,5,明湖国家湿地公园,1750,wetland,10.2,15.4,6.8,0.2,0.0,51,小雨,0,,1,0,7,0.8,0.971,1.6,0.75,869
2024-01-15,1,梅花山风景区,2400,mountain,11.8,18.2,8.7,0.9,0.0,51,小雨,0,,0,0,1,0.8,0.96,1.0,0.75,889
2024-01-15,2,玉舍国家森林公园,2300,forest,11.8,18.2,8.7,0.9,0.0,51,小雨,0,,0,0,1,0.8,0.962,1.0,0.75,772
2024-01-15,3,乌蒙大草原,2857,grassland,11.8,18.2,8.7,0.9,0.0,51,小雨,0,,0,0,1,0.8,0.952,1.0,0.75,1060
2024-01-15,4,水城古镇,1800,ancient_town,11.8,18.2,8.7,0.9,0.0,51,小雨,0,,0,0,1,0.9,0.97,1.0,0.75,634
2024-01-15,5,明湖国家湿地公园,1750,wetland,11.8,18.2,8.7,0.9,0.0,51,小雨,0,,0,0,1,0.8,0.971,1.0,0.75,509
2024-01-16,1,梅花山风景区,2400,mountain,11.3,17.8,7.8,0.2,0.0,51,小雨,0,,0,0,2,0.8,0.96,1.0,0.75,828
2024-01-16,2,玉舍国家森林公园,2300,forest,11.3,17.8,7.8,0.2,0.0,51,小雨,0,,0,0,2,0.8,0.962,1.0,0.75,725
2024-01-16,3,乌蒙大草原,2857,grassland,11.3,17.8,7.8,0.2,0.0,51,小雨,0,,0,0,2,0.8,0.952,1.0,0.75,999
2024-01-16,4,水城古镇,1800,ancient_town,11.3,17.8,7.8,0.2,0.0,51,小雨,0,,0,0,2,0.9,0.97,1.0,0.75,652
2024-01-16,5,明湖国家湿地公园,1750,wetland,11.3,17.8,7.8,0.2,0.0,51,小雨,0,,0,0,2,0.8,0.971,1.0,0.75,543
2024-01-17,1,梅花山风景区,2400,mountain,10.7,15.6,7.8,0.7,0.0,51,小雨,0,,0,0,3,0.8,0.96,1.0,0.75,832
2024-01-17,2,玉舍国家森林公园,2300,forest,10.7,15.6,7.8,0.7,0.0,51,小雨,0,,0,0,3,0.8,0.962,1.0,0.75,682
2024-01-17,3,乌蒙大草原,2857,grassland,10.7,15.6,7.8,0.7,0.0,51,小雨,0,,0,0,3,0.8,0.952,1.0,0.75,933
2024-01-17,4,水城古镇,1800,ancient_town,10.7,15.6,7.8,0.7,0.0,51,小雨,0,,0,0,3,0.9,0.97,1.0,0.75,619
2024-01-17,5,明湖国家湿地公园,1750,wetland,10.7,15.6,7.8,0.7,0.0,51,小雨,0,,0,0,3,0.8,0.971,1.0,0.75,509
2024-01-18,1,梅花山风景区,2400,mountain,10.6,18.9,5.2,0.0,0.0,3,阴,0,,0,0,4,0.8,0.96,1.0,0.75,881
2024-01-18,2,玉舍国家森林公园,2300,forest,10.6,18.9,5.2,0.0,0.0,3,阴,0,,0,0,4,0.8,0.962,1.0,0.75,733
2024-01-18,3,乌蒙大草原,2857,grassland,10.6,18.9,5.2,0.0,0.0,3,阴,0,,0,0,4,0.8,0.952,1.0,0.75,1027
2024-01-18,4,水城古镇,1800,ancient_town,10.6,18.9,5.2,0.0,0.0,3,阴,0,,0,0,4,0.9,0.97,1.0,0.75,663
2024-01-18,5,明湖国家湿地公园,1750,wetland,10.6,18.9,5.2,0.0,0.0,3,阴,0,,0,0,4,0.8,0.971,1.0,0.75,528
2024-01-19,1,梅花山风景区,2400,mountain,7.1,11.0,4.1,5.5,0.0,63,中雨,0,,0,0,5,0.64,0.96,1.0,0.75,728
2024-01-19,2,玉舍国家森林公园,2300,forest,7.1,11.0,4.1,5.5,0.0,63,中雨,0,,0,0,5,0.64,0.962,1.0,0.75,578
2024-01-19,3,乌蒙大草原,2857,grassland,7.1,11.0,4.1,5.5,0.0,63,中雨,0,,0,0,5,0.64,0.952,1.0,0.75,834
2024-01-19,4,水城古镇,1800,ancient_town,7.1,11.0,4.1,5.5,0.0,63,中雨,0,,0,0,5,0.846,0.97,1.0,0.75,584
2024-01-19,5,明湖国家湿地公园,1750,wetland,7.1,11.0,4.1,5.5,0.0,63,中雨,0,,0,0,5,0.512,0.971,1.0,0.75,350
2024-01-20,1,梅花山风景区,2400,mountain,6.3,8.5,4.9,1.0,0.0,51,小雨,0,,1,0,6,0.8,0.96,1.6,0.75,1408
2024-01-20,2,玉舍国家森林公园,2300,forest,6.3,8.5,4.9,1.0,0.0,51,小雨,0,,1,0,6,0.8,0.962,1.6,0.75,1175
2024-01-20,3,乌蒙大草原,2857,grassland,6.3,8.5,4.9,1.0,0.0,51,小雨,0,,1,0,6,0.8,0.952,1.6,0.75,1643
2024-01-20,4,水城古镇,1800,ancient_town,6.3,8.5,4.9,1.0,0.0,51,小雨,0,,1,0,6,0.9,0.97,1.6,0.75,1149
2024-01-20,5,明湖国家湿地公园,1750,wetland,6.3,8.5,4.9,1.0,0.0,51,小雨,0,,1,0,6,0.8,0.971,1.6,0.75,823
2024-01-21,1,梅花山风景区,2400,mountain,4.4,6.2,0.8,6.2,1.12,73,中雪,0,,1,0,7,0.4,0.84,1.6,0.75,652
2024-01-21,2,玉舍国家森林公园,2300,forest,4.4,6.2,0.8,6.2,1.12,73,中雪,0,,1,0,7,0.4,0.847,1.6,0.75,490
2024-01-21,3,乌蒙大草原,2857,grassland,4.4,6.2,0.8,6.2,1.12,73,中雪,0,,1,0,7,0.4,0.81,1.6,0.75,681
2024-01-21,4,水城古镇,1800,ancient_town,4.4,6.2,0.8,6.2,1.12,73,中雪,0,,1,0,7,0.705,0.88,1.6,0.75,702
2024-01-21,5,明湖国家湿地公园,1750,wetland,4.4,6.2,0.8,6.2,1.12,73,中雪,0,,1,0,7,0.32,0.883,1.6,0.75,302
2024-01-22,1,梅花山风景区,2400,mountain,-1.2,1.4,-3.6,0.3,3.64,73,中雪,0,,0,0,1,0.6,0.84,1.0,0.75,607
2024-01-22,2,玉舍国家森林公园,2300,forest,-1.2,1.4,-3.6,0.3,3.64,73,中雪,0,,0,0,1,0.6,0.847,1.0,0.75,475
2024-01-22,3,乌蒙大草原,2857,grassland,-1.2,1.4,-3.6,0.3,3.64,73,中雪,0,,0,0,1,0.36,0.81,1.0,0.75,406
2024-01-22,4,水城古镇,1800,ancient_town,-1.2,1.4,-3.6,0.3,3.64,73,中雪,0,,0,0,1,0.45,0.88,1.0,0.75,261
2024-01-22,5,明湖国家湿地公园,1750,wetland,-1.2,1.4,-3.6,0.3,3.64,73,中雪,0,,0,0,1,0.3,0.883,1.0,0.75,185
2024-01-23,1,梅花山风景区,2400,mountain,-2.2,-0.2,-3.3,0.0,0.14,71,小雪,0,,0,0,2,0.5,0.84,1.0,0.75,485
2024-01-23,2,玉舍国家森林公园,2300,forest,-2.2,-0.2,-3.3,0.0,0.14,71,小雪,0,,0,0,2,0.5,0.847,1.0,0.75,370
2024-01-23,3,乌蒙大草原,2857,grassland,-2.2,-0.2,-3.3,0.0,0.14,71,小雪,0,,0,0,2,0.3,0.81,1.0,0.75,317
2024-01-23,4,水城古镇,1800,ancient_town,-2.2,-0.2,-3.3,0.0,0.14,71,小雪,0,,0,0,2,0.75,0.88,1.0,0.75,494
2024-01-23,5,明湖国家湿地公园,1750,wetland,-2.2,-0.2,-3.3,0.0,0.14,71,小雪,0,,0,0,2,0.5,0.883,1.0,0.75,323
2024-01-24,1,梅花山风景区,2400,mountain,-2.2,-0.2,-4.1,1.7,0.84,73,中雪,0,,0,0,3,0.5,0.84,1.0,0.75,447
2024-01-24,2,玉舍国家森林公园,2300,forest,-2.2,-0.2,-4.1,1.7,0.84,73,中雪,0,,0,0,3,0.5,0.847,1.0,0.75,372
2024-01-24,3,乌蒙大草原,2857,grassland,-2.2,-0.2,-4.1,1.7,0.84,73,中雪,0,,0,0,3,0.3,0.81,1.0,0.75,350
2024-01-24,4,水城古镇,1800,ancient_town,-2.2,-0.2,-4.1,1.7,0.84,73,中雪,0,,0,0,3,0.75,0.88,1.0,0.75,483
2024-01-24,5,明湖国家湿地公园,1750,wetland,-2.2,-0.2,-4.1,1.7,0.84,73,中雪,0,,0,0,3,0.5,0.883,1.0,0.75,292
2024-01-25,1,梅花山风景区,2400,mountain,-2.0,0.4,-3.9,0.3,0.21,71,小雪,0,,0,0,4,0.5,0.84,1.0,0.75,474
2024-01-25,2,玉舍国家森林公园,2300,forest,-2.0,0.4,-3.9,0.3,0.21,71,小雪,0,,0,0,4,0.5,0.847,1.0,0.75,357
2024-01-25,3,乌蒙大草原,2857,grassland,-2.0,0.4,-3.9,0.3,0.21,71,小雪,0,,0,0,4,0.3,0.81,1.0,0.75,331
2024-01-25,4,水城古镇,1800,ancient_town,-2.0,0.4,-3.9,0.3,0.21,71,小雪,0,,0,0,4,0.75,0.88,1.0,0.75,465
2024-01-25,5,明湖国家湿地公园,1750,wetland,-2.0,0.4,-3.9,0.3,0.21,71,小雪,0,,0,0,4,0.5,0.883,1.0,0.75,311
2024-01-26,1,梅花山风景区,2400,mountain,-1.6,0.6,-3.5,0.2,0.07,71,小雪,0,,0,0,5,0.5,0.84,1.0,0.75,472
2024-01-26,2,玉舍国家森林公园,2300,forest,-1.6,0.6,-3.5,0.2,0.07,71,小雪,0,,0,0,5,0.5,0.847,1.0,0.75,424
2024-01-26,3,乌蒙大草原,2857,grassland,-1.6,0.6,-3.5,0.2,0.07,71,小雪,0,,0,0,5,0.3,0.81,1.0,0.75,332
2024-01-26,4,水城古镇,1800,ancient_town,-1.6,0.6,-3.5,0.2,0.07,71,小雪,0,,0,0,5,0.75,0.88,1.0,0.75,528
2024-01-26,5,明湖国家湿地公园,1750,wetland,-1.6,0.6,-3.5,0.2,0.07,71,小雪,0,,0,0,5,0.5,0.883,1.0,0.75,278
2024-01-27,1,梅花山风景区,2400,mountain,-0.7,2.2,-2.5,0.1,0.07,71,小雪,0,,1,0,6,0.5,0.84,1.6,0.75,751
2024-01-27,2,玉舍国家森林公园,2300,forest,-0.7,2.2,-2.5,0.1,0.07,71,小雪,0,,1,0,6,0.5,0.847,1.6,0.75,619
2024-01-27,3,乌蒙大草原,2857,grassland,-0.7,2.2,-2.5,0.1,0.07,71,小雪,0,,1,0,6,0.3,0.81,1.6,0.75,570
2024-01-27,4,水城古镇,1800,ancient_town,-0.7,2.2,-2.5,0.1,0.07,71,小雪,0,,1,0,6,0.75,0.88,1.6,0.75,725
2024-01-27,5,明湖国家湿地公园,1750,wetland,-0.7,2.2,-2.5,0.1,0.07,71,小雪,0,,1,0,6,0.5,0.883,1.6,0.75,500
2024-01-28,1,梅花山风景区,2400,mountain,0.1,2.7,-1.9,0.2,0.07,71,小雪,0,,1,0,7,0.5,0.84,1.6,0.75,778
2024-01-28,2,玉舍国家森林公园,2300,forest,0.1,2.7,-1.9,0.2,0.07,71,小雪,0,,1,0,7,0.5,0.847,1.6,0.75,656
2024-01-28,3,乌蒙大草原,2857,grassland,0.1,2.7,-1.9,0.2,0.07,71,小雪,0,,1,0,7,0.5,0.81,1.6,0.75,905
2024-01-28,4,水城古镇,1800,ancient_town,0.1,2.7,-1.9,0.2,0.07,71,小雪,0,,1,0,7,0.75,0.88,1.6,0.75,794
2024-01-28,5,明湖国家湿地公园,1750,wetland,0.1,2.7,-1.9,0.2,0.07,71,小雪,0,,1,0,7,0.5,0.883,1.6,0.75,464
2024-01-29,1,梅花山风景区,2400,mountain,4.5,12.3,0.4,0.0,0.0,3,阴,0,,0,0,1,0.5,0.84,1.0,0.75,443
2024-01-29,2,玉舍国家森林公园,2300,forest,4.5,12.3,0.4,0.0,0.0,3,阴,0,,0,0,1,0.5,0.847,1.0,0.75,384
2024-01-29,3,乌蒙大草原,2857,grassland,4.5,12.3,0.4,0.0,0.0,3,阴,0,,0,0,1,0.5,0.81,1.0,0.75,541
2024-01-29,4,水城古镇,1800,ancient_town,4.5,12.3,0.4,0.0,0.0,3,阴,0,,0,0,1,0.75,0.88,1.0,0.75,545
2024-01-29,5,明湖国家湿地公园,1750,wetland,4.5,12.3,0.4,0.0,0.0,3,阴,0,,0,0,1,0.5,0.883,1.0,0.75,289
2024-01-30,1,梅花山风景区,2400,mountain,7.3,15.8,2.3,1.1,0.0,53,中雨,0,,0,0,2,0.8,0.96,1.0,0.75,877
2024-01-30,2,玉舍国家森林公园,2300,forest,7.3,15.8,2.3,1.1,0.0,53,中雨,0,,0,0,2,0.8,0.962,1.0,0.75,638
2024-01-30,3,乌蒙大草原,2857,grassland,7.3,15.8,2.3,1.1,0.0,53,中雨,0,,0,0,2,0.8,0.952,1.0,0.75,1008
2024-01-30,4,水城古镇,1800,ancient_town,7.3,15.8,2.3,1.1,0.0,53,中雨,0,,0,0,2,0.9,0.97,1.0,0.75,663
2024-01-30,5,明湖国家湿地公园,1750,wetland,7.3,15.8,2.3,1.1,0.0,53,中雨,0,,0,0,2,0.8,0.971,1.0,0.75,545
2024-01-31,1,梅花山风景区,2400,mountain,10.6,17.7,5.1,0.0,0.0,3,阴,0,,0,0,3,0.8,0.96,1.0,0.75,926
2024-01-31,2,玉舍国家森林公园,2300,forest,10.6,17.7,5.1,0.0,0.0,3,阴,0,,0,0,3,0.8,0.962,1.0,0.75,690
2024-01-31,3,乌蒙大草原,2857,grassland,10.6,17.7,5.1,0.0,0.0,3,阴,0,,0,0,3,0.8,0.952,1.0,0.75,971
2024-01-31,4,水城古镇,1800,ancient_town,10.6,17.7,5.1,0.0,0.0,3,阴,0,,0,0,3,0.9,0.97,1.0,0.75,669
2024-01-31,5,明湖国家湿地公园,1750,wetland,10.6,17.7,5.1,0.0,0.0,3,阴,0,,0,0,3,0.8,0.971,1.0,0.75,537
2024-02-01,1,梅花山风景区,2400,mountain,6.8,15.3,0.2,0.1,0.0,51,小雨,0,,0,0,4,0.8,0.96,1.0,0.75,885
2024-02-01,2,玉舍国家森林公园,2300,forest,6.8,15.3,0.2,0.1,0.0,51,小雨,0,,0,0,4,0.8,0.962,1.0,0.75,668
2024-02-01,3,乌蒙大草原,2857,grassland,6.8,15.3,0.2,0.1,0.0,51,小雨,0,,0,0,4,0.8,0.952,1.0,0.75,1086
2024-02-01,4,水城古镇,1800,ancient_town,6.8,15.3,0.2,0.1,0.0,51,小雨,0,,0,0,4,0.9,0.97,1.0,0.75,657
2024-02-01,5,明湖国家湿地公园,1750,wetland,6.8,15.3,0.2,0.1,0.0,51,小雨,0,,0,0,4,0.8,0.971,1.0,0.75,542
2024-02-02,1,梅花山风景区,2400,mountain,10.5,18.7,4.8,0.6,0.0,51,小雨,0,,0,0,5,0.8,0.96,1.0,0.75,919
2024-02-02,2,玉舍国家森林公园,2300,forest,10.5,18.7,4.8,0.6,0.0,51,小雨,0,,0,0,5,0.8,0.962,1.0,0.75,713
2024-02-02,3,乌蒙大草原,2857,grassland,10.5,18.7,4.8,0.6,0.0,51,小雨,0,,0,0,5,0.8,0.952,1.0,0.75,1043
2024-02-02,4,水城古镇,1800,ancient_town,10.5,18.7,4.8,0.6,0.0,51,小雨,0,,0,0,5,0.9,0.97,1.0,0.75,725
2024-02-02,5,明湖国家湿地公园,1750,wetland,10.5,18.7,4.8,0.6,0.0,51,小雨,0,,0,0,5,0.8,0.971,1.0,0.75,530
2024-02-03,1,梅花山风景区,2400,mountain,7.1,12.3,1.1,8.4,0.0,63,中雨,0,,1,0,6,0.64,0.96,1.6,0.75,1089
2024-02-03,2,玉舍国家森林公园,2300,forest,7.1,12.3,1.1,8.4,0.0,63,中雨,0,,1,0,6,0.64,0.962,1.6,0.75,891
2024-02-03,3,乌蒙大草原,2857,grassland,7.1,12.3,1.1,8.4,0.0,63,中雨,0,,1,0,6,0.64,0.952,1.6,0.75,1414
2024-02-03,4,水城古镇,1800,ancient_town,7.1,12.3,1.1,8.4,0.0,63,中雨,0,,1,0,6,0.846,0.97,1.6,0.75,990
2024-02-03,5,明湖国家湿地公园,1750,wetland,7.1,12.3,1.1,8.4,0.0,63,中雨,0,,1,0,6,0.512,0.971,1.6,0.75,550
2024-02-04,1,梅花山风景区,2400,mountain,6.7,14.4,0.9,0.2,0.0,51,小雨,0,,1,0,7,0.8,0.96,1.6,0.75,1465
2024-02-04,2,玉舍国家森林公园,2300,forest,6.7,14.4,0.9,0.2,0.0,51,小雨,0,,1,0,7,0.8,0.962,1.6,0.75,1079
2024-02-04,3,乌蒙大草原,2857,grassland,6.7,14.4,0.9,0.2,0.0,51,小雨,0,,1,0,7,0.8,0.952,1.6,0.75,1503
2024-02-04,4,水城古镇,1800,ancient_town,6.7,14.4,0.9,0.2,0.0,51,小雨,0,,1,0,7,0.9,0.97,1.6,0.75,1063
2024-02-04,5,明湖国家湿地公园,1750,wetland,6.7,14.4,0.9,0.2,0.0,51,小雨,0,,1,0,7,0.8,0.971,1.6,0.75,848
2024-02-05,1,梅花山风景区,2400,mountain,4.5,6.3,1.6,1.3,0.0,51,小雨,0,,0,0,1,0.5,0.84,1.0,0.75,458
2024-02-05,2,玉舍国家森林公园,2300,forest,4.5,6.3,1.6,1.3,0.0,51,小雨,0,,0,0,1,0.5,0.847,1.0,0.75,397
2024-02-05,3,乌蒙大草原,2857,grassland,4.5,6.3,1.6,1.3,0.0,51,小雨,0,,0,0,1,0.5,0.81,1.0,0.75,563
2024-02-05,4,水城古镇,1800,ancient_town,4.5,6.3,1.6,1.3,0.0,51,小雨,0,,0,0,1,0.75,0.88,1.0,0.75,470
2024-02-05,5,明湖国家湿地公园,1750,wetland,4.5,6.3,1.6,1.3,0.0,51,小雨,0,,0,0,1,0.5,0.883,1.0,0.75,305
2024-02-06,1,梅花山风景区,2400,mountain,3.2,7.8,0.8,0.9,0.0,51,小雨,0,,0,0,2,0.5,0.84,1.0,0.75,467
2024-02-06,2,玉舍国家森林公园,2300,forest,3.2,7.8,0.8,0.9,0.0,51,小雨,0,,0,0,2,0.5,0.847,1.0,0.75,352
2024-02-06,3,乌蒙大草原,2857,grassland,3.2,7.8,0.8,0.9,0.0,51,小雨,0,,0,0,2,0.5,0.81,1.0,0.75,558
2024-02-06,4,水城古镇,1800,ancient_town,3.2,7.8,0.8,0.9,0.0,51,小雨,0,,0,0,2,0.75,0.88,1.0,0.75,493
2024-02-06,5,明湖国家湿地公园,1750,wetland,3.2,7.8,0.8,0.9,0.0,51,小雨,0,,0,0,2,0.5,0.883,1.0,0.75,287
2024-02-07,1,梅花山风景区,2400,mountain,1.1,3.4,-0.1,0.0,0.0,3,阴,0,,0,0,3,0.5,0.84,1.0,0.75,484
2024-02-07,2,玉舍国家森林公园,2300,forest,1.1,3.4,-0.1,0.0,0.0,3,阴,0,,0,0,3,0.5,0.847,1.0,0.75,390
2024-02-07,3,乌蒙大草原,2857,grassland,1.1,3.4,-0.1,0.0,0.0,3,阴,0,,0,0,3,0.5,0.81,1.0,0.75,530
2024-02-07,4,水城古镇,1800,ancient_town,1.1,3.4,-0.1,0.0,0.0,3,阴,0,,0,0,3,0.75,0.88,1.0,0.75,504
2024-02-07,5,明湖国家湿地公园,1750,wetland,1.1,3.4,-0.1,0.0,0.0,3,阴,0,,0,0,3,0.5,0.883,1.0,0.75,313
2024-02-08,1,梅花山风景区,2400,mountain,0.9,3.6,-0.6,0.0,0.0,3,阴,0,,0,0,4,0.5,0.84,1.0,0.75,455
2024-02-08,2,玉舍国家森林公园,2300,forest,0.9,3.6,-0.6,0.0,0.0,3,阴,0,,0,0,4,0.5,0.847,1.0,0.75,388
2024-02-08,3,乌蒙大草原,2857,grassland,0.9,3.6,-0.6,0.0,0.0,3,阴,0,,0,0,4,0.5,0.81,1.0,0.75,546
2024-02-08,4,水城古镇,1800,ancient_town,0.9,3.6,-0.6,0.0,0.0,3,阴,0,,0,0,4,0.75,0.88,1.0,0.75,551
2024-02-08,5,明湖国家湿地公园,1750,wetland,0.9,3.6,-0.6,0.0,0.0,3,阴,0,,0,0,4,0.5,0.883,1.0,0.75,270
2024-02-09,1,梅花山风景区,2400,mountain,3.8,9.8,0.1,0.0,0.0,3,阴,0,,0,0,5,0.5,0.84,1.0,0.75,488
2024-02-09,2,玉舍国家森林公园,2300,forest,3.8,9.8,0.1,0.0,0.0,3,阴,0,,0,0,5,0.5,0.847,1.0,0.75,375
2024-02-09,3,乌蒙大草原,2857,grassland,3.8,9.8,0.1,0.0,0.0,3,阴,0,,0,0,5,0.5,0.81,1.0,0.75,543
2024-02-09,4,水城古镇,1800,ancient_town,3.8,9.8,0.1,0.0,0.0,3,阴,0,,0,0,5,0.75,0.88,1.0,0.75,542
2024-02-09,5,明湖国家湿地公园,1750,wetland,3.8,9.8,0.1,0.0,0.0,3,阴,0,,0,0,5,0.5,0.883,1.0,0.75,297
2024-02-10,1,梅花山风景区,2400,mountain,5.2,13.7,-1.4,0.0,0.0,2,多云,1,春节,1,8,6,0.8,0.96,4.5,0.75,4323
2024-02-10,2,玉舍国家森林公园,2300,forest,5.2,13.7,-1.4,0.0,0.0,2,多云,1,春节,1,8,6,0.8,0.962,4.5,0.75,3046
2024-02-10,3,乌蒙大草原,2857,grassland,5.2,13.7,-1.4,0.0,0.0,2,多云,1,春节,1,8,6,0.8,0.952,4.5,0.75,4709
2024-02-10,4,水城古镇,1800,ancient_town,5.2,13.7,-1.4,0.0,0.0,2,多云,1,春节,1,8,6,0.9,0.97,5.175,0.75,3305
2024-02-10,5,明湖国家湿地公园,1750,wetland,5.2,13.7,-1.4,0.0,0.0,2,多云,1,春节,1,8,6,0.8,0.971,4.725,0.75,2391
2024-02-11,1,梅花山风景区,2400,mountain,6.4,13.5,-0.5,0.0,0.0,3,阴,1,春节,1,8,7,0.8,0.96,4.5,0.75,3900
2024-02-11,2,玉舍国家森林公园,2300,forest,6.4,13.5,-0.5,0.0,0.0,3,阴,1,春节,1,8,7,0.8,0.962,4.5,0.75,3071
2024-02-11,3,乌蒙大草原,2857,grassland,6.4,13.5,-0.5,0.0,0.0,3,阴,1,春节,1,8,7,0.8,0.952,4.5,0.75,4675
2024-02-11,4,水城古镇,1800,ancient_town,6.4,13.5,-0.5,0.0,0.0,3,阴,1,春节,1,8,7,0.9,0.97,5.175,0.75,3031
2024-02-11,5,明湖国家湿地公园,1750,wetland,6.4,13.5,-0.5,0.0,0.0,3,阴,1,春节,1,8,7,0.8,0.971,4.725,0.75,2725
2024-02-12,1,梅花山风景区,2400,mountain,8.5,17.3,0.4,2.0,0.0,55,大雨,1,春节,0,8,1,0.64,0.96,4.5,0.75,3084
2024-02-12,2,玉舍国家森林公园,2300,forest,8.5,17.3,0.4,2.0,0.0,55,大雨,1,春节,0,8,1,0.64,0.962,4.5,0.75,2709
2024-02-12,3,乌蒙大草原,2857,grassland,8.5,17.3,0.4,2.0,0.0,55,大雨,1,春节,0,8,1,0.64,0.952,4.5,0.75,3516
2024-02-12,4,水城古镇,1800,ancient_town,8.5,17.3,0.4,2.0,0.0,55,大雨,1,春节,0,8,1,0.846,0.97,5.175,0.75,3231
2024-02-12,5,明湖国家湿地公园,1750,wetland,8.5,17.3,0.4,2.0,0.0,55,大雨,1,春节,0,8,1,0.512,0.971,4.725,0.75,1836
2024-02-13,1,梅花山风景区,2400,mountain,10.6,20.7,2.2,0.0,0.0,0,晴,1,春节,0,8,2,0.8,0.96,4.5,0.75,3718
2024-02-13,2,玉舍国家森林公园,2300,forest,10.6,20.7,2.2,0.0,0.0,0,晴,1,春节,0,8,2,0.8,0.962,4.5,0.75,2882
2024-02-13,3,乌蒙大草原,2857,grassland,10.6,20.7,2.2,0.0,0.0,0,晴,1,春节,0,8,2,0.8,0.952,4.5,0.75,4502
2024-02-13,4,水城古镇,1800,ancient_town,10.6,20.7,2.2,0.0,0.0,0,晴,1,春节,0,8,2,0.9,0.97,5.175,0.75,3468
2024-02-13,5,明湖国家湿地公园,1750,wetland,10.6,20.7,2.2,0.0,0.0,0,晴,1,春节,0,8,2,0.8,0.971,4.725,0.75,2562
2024-02-14,1,梅花山风景区,2400,mountain,10.4,19.4,4.9,0.0,0.0,3,阴,1,春节,0,8,3,0.8,0.96,4.5,0.75,4138
2024-02-14,2,玉舍国家森林公园,2300,forest,10.4,19.4,4.9,0.0,0.0,3,阴,1,春节,0,8,3,0.8,0.962,4.5,0.75,3075
2024-02-14,3,乌蒙大草原,2857,grassland,10.4,19.4,4.9,0.0,0.0,3,阴,1,春节,0,8,3,0.8,0.952,4.5,0.75,4257
2024-02-14,4,水城古镇,1800,ancient_town,10.4,19.4,4.9,0.0,0.0,3,阴,1,春节,0,8,3,0.9,0.97,5.175,0.75,3314
2024-02-14,5,明湖国家湿地公园,1750,wetland,10.4,19.4,4.9,0.0,0.0,3,阴,1,春节,0,8,3,0.8,0.971,4.725,0.75,2630
2024-02-15,1,梅花山风景区,2400,mountain,5.4,7.8,3.5,1.1,0.0,51,小雨,1,春节,0,8,4,0.8,0.96,4.5,0.75,3978
2024-02-15,2,玉舍国家森林公园,2300,forest,5.4,7.8,3.5,1.1,0.0,51,小雨,1,春节,0,8,4,0.8,0.962,4.5,0.75,2810
2024-02-15,3,乌蒙大草原,2857,grassland,5.4,7.8,3.5,1.1,0.0,51,小雨,1,春节,0,8,4,0.8,0.952,4.5,0.75,4620
2024-02-15,4,水城古镇,1800,ancient_town,5.4,7.8,3.5,1.1,0.0,51,小雨,1,春节,0,8,4,0.9,0.97,5.175,0.75,3625
2024-02-15,5,明湖国家湿地公园,1750,wetland,5.4,7.8,3.5,1.1,0.0,51,小雨,1,春节,0,8,4,0.8,0.971,4.725,0.75,2740
2024-02-16,1,梅花山风景区,2400,mountain,7.8,15.4,4.0,0.0,0.0,3,阴,1,春节,0,8,5,0.8,0.96,4.5,0.75,3997
2024-02-16,2,玉舍国家森林公园,2300,forest,7.8,15.4,4.0,0.0,0.0,3,阴,1,春节,0,8,5,0.8,0.962,4.5,0.75,3163
2024-02-16,3,乌蒙大草原,2857,grassland,7.8,15.4,4.0,0.0,0.0,3,阴,1,春节,0,8,5,0.8,0.952,4.5,0.75,4341
2024-02-16,4,水城古镇,1800,ancient_town,7.8,15.4,4.0,0.0,0.0,3,阴,1,春节,0,8,5,0.9,0.97,5.175,0.75,3245
2024-02-16,5,明湖国家湿地公园,1750,wetland,7.8,15.4,4.0,0.0,0.0,3,阴,1,春节,0,8,5,0.8,0.971,4.725,0.75,2482
2024-02-17,1,梅花山风景区,2400,mountain,12.3,21.7,4.2,0.0,0.0,1,晴转多云,1,春节,1,8,6,1.0,0.96,4.5,0.75,4982
2024-02-17,2,玉舍国家森林公园,2300,forest,12.3,21.7,4.2,0.0,0.0,1,晴转多云,1,春节,1,8,6,1.0,0.962,4.5,0.75,4007
2024-02-17,3,乌蒙大草原,2857,grassland,12.3,21.7,4.2,0.0,0.0,1,晴转多云,1,春节,1,8,6,1.0,0.952,4.5,0.75,5647
2024-02-17,4,水城古镇,1800,ancient_town,12.3,21.7,4.2,0.0,0.0,1,晴转多云,1,春节,1,8,6,1.0,0.97,5.175,0.75,3547
2024-02-17,5,明湖国家湿地公园,1750,wetland,12.3,21.7,4.2,0.0,0.0,1,晴转多云,1,春节,1,8,6,1.0,0.971,4.725,0.75,2975
2024-02-18,1,梅花山风景区,2400,mountain,16.6,24.1,11.6,0.0,0.0,0,晴,0,,1,0,7,1.0,1.08,1.6,0.75,1831
2024-02-18,2,玉舍国家森林公园,2300,forest,16.6,24.1,11.6,0.0,0.0,0,晴,0,,1,0,7,1.0,1.077,1.6,0.75,1600
2024-02-18,3,乌蒙大草原,2857,grassland,16.6,24.1,11.6,0.0,0.0,0,晴,0,,1,0,7,1.0,1.095,1.6,0.75,2092
2024-02-18,4,水城古镇,1800,ancient_town,16.6,24.1,11.6,0.0,0.0,0,晴,0,,1,0,7,1.0,1.06,1.6,0.75,1250
2024-02-18,5,明湖国家湿地公园,1750,wetland,16.6,24.1,11.6,0.0,0.0,0,晴,0,,1,0,7,1.0,1.058,1.6,0.75,1168
2024-02-19,1,梅花山风景区,2400,mountain,15.7,23.3,6.4,0.0,0.0,2,多云,0,,0,0,1,1.0,1.08,1.0,0.75,1307
2024-02-19,2,玉舍国家森林公园,2300,forest,15.7,23.3,6.4,0.0,0.0,2,多云,0,,0,0,1,1.0,1.077,1.0,0.75,972
2024-02-19,3,乌蒙大草原,2857,grassland,15.7,23.3,6.4,0.0,0.0,2,多云,0,,0,0,1,1.0,1.095,1.0,0.75,1552
2024-02-19,4,水城古镇,1800,ancient_town,15.7,23.3,6.4,0.0,0.0,2,多云,0,,0,0,1,1.0,1.06,1.0,0.75,779
2024-02-19,5,明湖国家湿地公园,1750,wetland,15.7,23.3,6.4,0.0,0.0,2,多云,0,,0,0,1,1.0,1.058,1.0,0.75,687
2024-02-20,1,梅花山风景区,2400,mountain,17.6,23.5,12.4,0.0,0.0,0,晴,0,,0,0,2,1.0,1.08,1.0,0.75,1174
2024-02-20,2,玉舍国家森林公园,2300,forest,17.6,23.5,12.4,0.0,0.0,0,晴,0,,0,0,2,1.0,1.077,1.0,0.75,1042
2024-02-20,3,乌蒙大草原,2857,grassland,17.6,23.5,12.4,0.0,0.0,0,晴,0,,0,0,2,1.0,1.095,1.0,0.75,1552
2024-02-20,4,水城古镇,1800,ancient_town,17.6,23.5,12.4,0.0,0.0,0,晴,0,,0,0,2,1.0,1.06,1.0,0.75,814
2024-02-20,5,明湖国家湿地公园,1750,wetland,17.6,23.5,12.4,0.0,0.0,0,晴,0,,0,0,2,1.0,1.058,1.0,0.75,833
2024-02-21,1,梅花山风景区,2400,mountain,14.8,23.1,5.8,0.0,0.0,3,阴,0,,0,0,3,1.0,0.96,1.0,0.75,1078
2024-02-21,2,玉舍国家森林公园,2300,forest,14.8,23.1,5.8,0.0,0.0,3,阴,0,,0,0,3,1.0,0.962,1.0,0.75,892
2024-02-21,3,乌蒙大草原,2857,grassland,14.8,23.1,5.8,0.0,0.0,3,阴,0,,0,0,3,1.0,0.952,1.0,0.75,1305
2024-02-21,4,水城古镇,1800,ancient_town,14.8,23.1,5.8,0.0,0.0,3,阴,0,,0,0,3,1.0,0.97,1.0,0.75,719
2024-02-21,5,明湖国家湿地公园,1750,wetland,14.8,23.1,5.8,0.0,0.0,3,阴,0,,0,0,3,1.0,0.971,1.0,0.75,731
2024-02-22,1,梅花山风景区,2400,mountain,7.2,15.2,2.2,0.0,0.0,3,阴,0,,0,0,4,0.8,0.96,1.0,0.75,929
2024-02-22,2,玉舍国家森林公园,2300,forest,7.2,15.2,2.2,0.0,0.0,3,阴,0,,0,0,4,0.8,0.962,1.0,0.75,643
2024-02-22,3,乌蒙大草原,2857,grassland,7.2,15.2,2.2,0.0,0.0,3,阴,0,,0,0,4,0.8,0.952,1.0,0.75,1008
2024-02-22,4,水城古镇,1800,ancient_town,7.2,15.2,2.2,0.0,0.0,3,阴,0,,0,0,4,0.9,0.97,1.0,0.75,668
2024-02-22,5,明湖国家湿地公园,1750,wetland,7.2,15.2,2.2,0.0,0.0,3,阴,0,,0,0,4,0.8,0.971,1.0,0.75,544
2024-02-23,1,梅花山风景区,2400,mountain,5.0,8.4,1.9,0.0,0.0,3,阴,0,,0,0,5,0.8,0.96,1.0,0.75,805
2024-02-23,2,玉舍国家森林公园,2300,forest,5.0,8.4,1.9,0.0,0.0,3,阴,0,,0,0,5,0.8,0.962,1.0,0.75,614
2024-02-23,3,乌蒙大草原,2857,grassland,5.0,8.4,1.9,0.0,0.0,3,阴,0,,0,0,5,0.8,0.952,1.0,0.75,930
2024-02-23,4,水城古镇,1800,ancient_town,5.0,8.4,1.9,0.0,0.0,3,阴,0,,0,0,5,0.9,0.97,1.0,0.75,652
2024-02-23,5,明湖国家湿地公园,1750,wetland,5.0,8.4,1.9,0.0,0.0,3,阴,0,,0,0,5,0.8,0.971,1.0,0.75,521
2024-02-24,1,梅花山风景区,2400,mountain,3.0,7.4,-0.4,0.1,0.0,51,小雨,0,,1,0,6,0.5,0.84,1.6,0.75,769
2024-02-24,2,玉舍国家森林公园,2300,forest,3.0,7.4,-0.4,0.1,0.0,51,小雨,0,,1,0,6,0.5,0.847,1.6,0.75,586
2024-02-24,3,乌蒙大草原,2857,grassland,3.0,7.4,-0.4,0.1,0.0,51,小雨,0,,1,0,6,0.5,0.81,1.6,0.75,820
2024-02-24,4,水城古镇,1800,ancient_town,3.0,7.4,-0.4,0.1,0.0,51,小雨,0,,1,0,6,0.75,0.88,1.6,0.75,711
2024-02-24,5,明湖国家湿地公园,1750,wetland,3.0,7.4,-0.4,0.1,0.0,51,小雨,0,,1,0,6,0.5,0.883,1.6,0.75,484
2024-02-25,1,梅花山风景区,2400,mountain,5.6,12.3,1.7,0.0,0.0,3,阴,0,,1,0,7,0.8,0.96,1.6,0.75,1407
2024-02-25,2,玉舍国家森林公园,2300,forest,5.6,12.3,1.7,0.0,0.0,3,阴,0,,1,0,7,0.8,0.962,1.6,0.75,1162
2024-02-25,3,乌蒙大草原,2857,grassland,5.6,12.3,1.7,0.0,0.0,3,阴,0,,1,0,7,0.8,0.952,1.6,0.75,1710
2024-02-25,4,水城古镇,1800,ancient_town,5.6,12.3,1.7,0.0,0.0,3,阴,0,,1,0,7,0.9,0.97,1.6,0.75,1037
2024-02-25,5,明湖国家湿地公园,1750,wetland,5.6,12.3,1.7,0.0,0.0,3,阴,0,,1,0,7,0.8,0.971,1.6,0.75,895
2024-02-26,1,梅花山风景区,2400,mountain,3.3,8.4,-0.7,0.0,0.0,3,阴,0,,0,0,1,0.5,0.84,1.0,0.75,469
2024-02-26,2,玉舍国家森林公园,2300,forest,3.3,8.4,-0.7,0.0,0.0,3,阴,0,,0,0,1,0.5,0.847,1.0,0.75,368
2024-02-26,3,乌蒙大草原,2857,grassland,3.3,8.4,-0.7,0.0,0.0,3,阴,0,,0,0,1,0.5,0.81,1.0,0.75,532
2024-02-26,4,水城古镇,1800,ancient_town,3.3,8.4,-0.7,0.0,0.0,3,阴,0,,0,0,1,0.75,0.88,1.0,0.75,480
2024-02-26,5,明湖国家湿地公园,1750,wetland,3.3,8.4,-0.7,0.0,0.0,3,阴,0,,0,0,1,0.5,0.883,1.0,0.75,265
2024-02-27,1,梅花山风景区,2400,mountain,3.3,9.6,-0.4,0.0,0.0,3,阴,0,,0,0,2,0.5,0.84,1.0,0.75,476
2024-02-27,2,玉舍国家森林公园,2300,forest,3.3,9.6,-0.4,0.0,0.0,3,阴,0,,0,0,2,0.5,0.847,1.0,0.75,385
2024-02-27,3,乌蒙大草原,2857,grassland,3.3,9.6,-0.4,0.0,0.0,3,阴,0,,0,0,2,0.5,0.81,1.0,0.75,536
2024-02-27,4,水城古镇,1800,ancient_town,3.3,9.6,-0.4,0.0,0.0,3,阴,0,,0,0,2,0.75,0.88,1.0,0.75,477
2024-02-27,5,明湖国家湿地公园,1750,wetland,3.3,9.6,-0.4,0.0,0.0,3,阴,0,,0,0,2,0.5,0.883,1.0,0.75,303
2024-02-28,1,梅花山风景区,2400,mountain,4.6,10.9,0.9,0.3,0.0,51,小雨,0,,0,0,3,0.5,0.84,1.0,0.75,513
2024-02-28,2,玉舍国家森林公园,2300,forest,4.6,10.9,0.9,0.3,0.0,51,小雨,0,,0,0,3,0.5,0.847,1.0,0.75,381
2024-02-28,3,乌蒙大草原,2857,grassland,4.6,10.9,0.9,0.3,0.0,51,小雨,0,,0,0,3,0.5,0.81,1.0,0.75,532
2024-02-28,4,水城古镇,1800,ancient_town,4.6,10.9,0.9,0.3,0.0,51,小雨,0,,0,0,3,0.75,0.88,1.0,0.75,480
2024-02-28,5,明湖国家湿地公园,1750,wetland,4.6,10.9,0.9,0.3,0.0,51,小雨,0,,0,0,3,0.5,0.883,1.0,0.75,297
2024-02-29,1,梅花山风景区,2400,mountain,3.3,8.2,0.2,0.0,0.0,3,阴,0,,0,0,4,0.5,0.84,1.0,0.75,442
2024-02-29,2,玉舍国家森林公园,2300,forest,3.3,8.2,0.2,0.0,0.0,3,阴,0,,0,0,4,0.5,0.847,1.0,0.75,378
2024-02-29,3,乌蒙大草原,2857,grassland,3.3,8.2,0.2,0.0,0.0,3,阴,0,,0,0,4,0.5,0.81,1.0,0.75,548
2024-02-29,4,水城古镇,1800,ancient_town,3.3,8.2,0.2,0.0,0.0,3,阴,0,,0,0,4,0.75,0.88,1.0,0.75,540
2024-02-29,5,明湖国家湿地公园,1750,wetland,3.3,8.2,0.2,0.0,0.0,3,阴,0,,0,0,4,0.5,0.883,1.0,0.75,312
2024-03-01,1,梅花山风景区,2400,mountain,3.1,8.9,1.1,1.1,0.21,71,小雪,0,,0,0,5,0.5,0.84,1.0,0.95,629
2024-03-01,2,玉舍国家森林公园,2300,forest,3.1,8.9,1.1,1.1,0.21,71,小雪,0,,0,0,5,0.5,0.847,1.0,0.95,465
2024-03-01,3,乌蒙大草原,2857,grassland,3.1,8.9,1.1,1.1,0.21,71,小雪,0,,0,0,5,0.5,0.81,1.0,0.95,715
2024-03-01,4,水城古镇,1800,ancient_town,3.1,8.9,1.1,1.1,0.21,71,小雪,0,,0,0,5,0.75,0.88,1.0,0.95,591
2024-03-01,5,明湖国家湿地公园,1750,wetland,3.1,8.9,1.1,1.1,0.21,71,小雪,0,,0,0,5,0.5,0.883,1.0,0.95,383
2024-03-02,1,梅花山风景区,2400,mountain,4.0,10.6,0.8,0.2,0.0,51,小雨,0,,1,0,6,0.5,0.84,1.6,0.95,977
2024-03-02,2,玉舍国家森林公园,2300,forest,4.0,10.6,0.8,0.2,0.0,51,小雨,0,,1,0,6,0.5,0.847,1.6,0.95,742
2024-03-02,3,乌蒙大草原,2857,grassland,4.0,10.6,0.8,0.2,0.0,51,小雨,0,,1,0,6,0.5,0.81,1.6,0.95,1218
2024-03-02,4,水城古镇,1800,ancient_town,4.0,10.6,0.8,0.2,0.0,51,小雨,0,,1,0,6,0.75,0.88,1.6,0.95,1031
2024-03-02,5,明湖国家湿地公园,1750,wetland,4.0,10.6,0.8,0.2,0.0,51,小雨,0,,1,0,6,0.5,0.883,1.6,0.95,546
2024-03-03,1,梅花山风景区,2400,mountain,7.2,17.0,1.5,0.0,0.0,3,阴,0,,1,0,7,0.8,0.96,1.6,0.95,1799
2024-03-03,2,玉舍国家森林公园,2300,forest,7.2,17.0,1.5,0.0,0.0,3,阴,0,,1,0,7,0.8,0.962,1.6,0.95,1374
2024-03-03,3,乌蒙大草原,2857,grassland,7.2,17.0,1.5,0.0,0.0,3,阴,0,,1,0,7,0.8,0.952,1.6,0.95,2084
2024-03-03,4,水城古镇,1800,ancient_town,7.2,17.0,1.5,0.0,0.0,3,阴,0,,1,0,7,0.9,0.97,1.6,0.95,1357
2024-03-03,5,明湖国家湿地公园,1750,wetland,7.2,17.0,1.5,0.0,0.0,3,阴,0,,1,0,7,0.8,0.971,1.6,0.95,1083
2024-03-04,1,梅花山风景区,2400,mountain,14.9,28.0,5.0,0.0,0.0,2,多云,0,,0,0,1,1.0,0.96,1.0,0.95,1228
2024-03-04,2,玉舍国家森林公园,2300,forest,14.9,28.0,5.0,0.0,0.0,2,多云,0,,0,0,1,1.0,0.962,1.0,0.95,1032
2024-03-04,3,乌蒙大草原,2857,grassland,14.9,28.0,5.0,0.0,0.0,2,多云,0,,0,0,1,1.0,0.952,1.0,0.95,1691
2024-03-04,4,水城古镇,1800,ancient_town,14.9,28.0,5.0,0.0,0.0,2,多云,0,,0,0,1,1.0,0.97,1.0,0.95,981
2024-03-04,5,明湖国家湿地公园,1750,wetland,14.9,28.0,5.0,0.0,0.0,2,多云,0,,0,0,1,1.0,0.971,1.0,0.95,909
2024-03-05,1,梅花山风景区,2400,mountain,9.5,17.5,3.3,0.0,0.0,3,阴,0,,0,0,2,0.8,0.96,1.0,0.95,1193
2024-03-05,2,玉舍国家森林公园,2300,forest,9.5,17.5,3.3,0.0,0.0,3,阴,0,,0,0,2,0.8,0.962,1.0,0.95,786
2024-03-05,3,乌蒙大草原,2857,grassland,9.5,17.5,3.3,0.0,0.0,3,阴,0,,0,0,2,0.8,0.952,1.0,0.95,1352
2024-03-05,4,水城古镇,1800,ancient_town,9.5,17.5,3.3,0.0,0.0,3,阴,0,,0,0,2,0.9,0.97,1.0,0.95,749
2024-03-05,5,明湖国家湿地公园,1750,wetland,9.5,17.5,3.3,0.0,0.0,3,阴,0,,0,0,2,0.8,0.971,1.0,0.95,717
2024-03-06,1,梅花山风景区,2400,mountain,7.0,10.7,4.7,0.2,0.0,51,小雨,0,,0,0,3,0.8,0.96,1.0,0.95,1108
2024-03-06,2,玉舍国家森林公园,2300,forest,7.0,10.7,4.7,0.2,0.0,51,小雨,0,,0,0,3,0.8,0.962,1.0,0.95,826
2024-03-06,3,乌蒙大草原,2857,grassland,7.0,10.7,4.7,0.2,0.0,51,小雨,0,,0,0,3,0.8,0.952,1.0,0.95,1433
2024-03-06,4,水城古镇,1800,ancient_town,7.0,10.7,4.7,0.2,0.0,51,小雨,0,,0,0,3,0.9,0.97,1.0,0.95,856
2024-03-06,5,明湖国家湿地公园,1750,wetland,7.0,10.7,4.7,0.2,0.0,51,小雨,0,,0,0,3,0.8,0.971,1.0,0.95,601
2024-03-07,1,梅花山风景区,2400,mountain,5.8,7.8,4.2,0.8,0.0,51,小雨,0,,0,0,4,0.8,0.96,1.0,0.95,1110
2024-03-07,2,玉舍国家森林公园,2300,forest,5.8,7.8,4.2,0.8,0.0,51,小雨,0,,0,0,4,0.8,0.962,1.0,0.95,844
2024-03-07,3,乌蒙大草原,2857,grassland,5.8,7.8,4.2,0.8,0.0,51,小雨,0,,0,0,4,0.8,0.952,1.0,0.95,1310
2024-03-07,4,水城古镇,1800,ancient_town,5.8,7.8,4.2,0.8,0.0,51,小雨,0,,0,0,4,0.9,0.97,1.0,0.95,810
2024-03-07,5,明湖国家湿地公园,1750,wetland,5.8,7.8,4.2,0.8,0.0,51,小雨,0,,0,0,4,0.8,0.971,1.0,0.95,709
2024-03-08,1,梅花山风景区,2400,mountain,6.6,10.2,4.2,2.3,0.0,51,小雨,0,,0,0,5,0.64,0.96,1.0,0.95,813
2024-03-08,2,玉舍国家森林公园,2300,forest,6.6,10.2,4.2,2.3,0.0,51,小雨,0,,0,0,5,0.64,0.962,1.0,0.95,712
2024-03-08,3,乌蒙大草原,2857,grassland,6.6,10.2,4.2,2.3,0.0,51,小雨,0,,0,0,5,0.64,0.952,1.0,0.95,1136
2024-03-08,4,水城古镇,1800,ancient_town,6.6,10.2,4.2,2.3,0.0,51,小雨,0,,0,0,5,0.846,0.97,1.0,0.95,747
2024-03-08,5,明湖国家湿地公园,1750,wetland,6.6,10.2,4.2,2.3,0.0,51,小雨,0,,0,0,5,0.512,0.971,1.0,0.95,429
2024-03-09,1,梅花山风景区,2400,mountain,7.2,11.4,4.6,1.2,0.0,51,小雨,0,,1,0,6,0.8,0.96,1.6,0.95,1768
2024-03-09,2,玉舍国家森林公园,2300,forest,7.2,11.4,4.6,1.2,0.0,51,小雨,0,,1,0,6,0.8,0.962,1.6,0.95,1354
2024-03-09,3,乌蒙大草原,2857,grassland,7.2,11.4,4.6,1.2,0.0,51,小雨,0,,1,0,6,0.8,0.952,1.6,0.95,2152
2024-03-09,4,水城古镇,1800,ancient_town,7.2,11.4,4.6,1.2,0.0,51,小雨,0,,1,0,6,0.9,0.97,1.6,0.95,1333
2024-03-09,5,明湖国家湿地公园,1750,wetland,7.2,11.4,4.6,1.2,0.0,51,小雨,0,,1,0,6,0.8,0.971,1.6,0.95,1012
2024-03-10,1,梅花山风景区,2400,mountain,8.0,11.5,6.1,2.0,0.0,51,小雨,0,,1,0,7,0.64,0.96,1.6,0.95,1524
2024-03-10,2,玉舍国家森林公园,2300,forest,8.0,11.5,6.1,2.0,0.0,51,小雨,0,,1,0,7,0.64,0.962,1.6,0.95,1167
2024-03-10,3,乌蒙大草原,2857,grassland,8.0,11.5,6.1,2.0,0.0,51,小雨,0,,1,0,7,0.64,0.952,1.6,0.95,1653
2024-03-10,4,水城古镇,1800,ancient_town,8.0,11.5,6.1,2.0,0.0,51,小雨,0,,1,0,7,0.846,0.97,1.6,0.95,1207
2024-03-10,5,明湖国家湿地公园,1750,wetland,8.0,11.5,6.1,2.0,0.0,51,小雨,0,,1,0,7,0.512,0.971,1.6,0.95,653
2024-03-11,1,梅花山风景区,2400,mountain,10.4,17.9,4.8,0.5,0.0,51,小雨,0,,0,0,1,0.8,0.96,1.0,0.95,1161
2024-03-11,2,玉舍国家森林公园,2300,forest,10.4,17.9,4.8,0.5,0.0,51,小雨,0,,0,0,1,0.8,0.962,1.0,0.95,870
2024-03-11,3,乌蒙大草原,2857,grassland,10.4,17.9,4.8,0.5,0.0,51,小雨,0,,0,0,1,0.8,0.952,1.0,0.95,1332
2024-03-11,4,水城古镇,1800,ancient_town,10.4,17.9,4.8,0.5,0.0,51,小雨,0,,0,0,1,0.9,0.97,1.0,0.95,821
2024-03-11,5,明湖国家湿地公园,1750,wetland,10.4,17.9,4.8,0.5,0.0,51,小雨,0,,0,0,1,0.8,0.971,1.0,0.95,684
2024-03-12,1,梅花山风景区,2400,mountain,11.0,17.2,4.8,0.0,0.0,3,阴,0,,0,0,2,0.8,0.96,1.0,0.95,1088
2024-03-12,2,玉舍国家森林公园,2300,forest,11.0,17.2,4.8,0.0,0.0,3,阴,0,,0,0,2,0.8,0.962,1.0,0.95,910
2024-03-12,3,乌蒙大草原,2857,grassland,11.0,17.2,4.8,0.0,0.0,3,阴,0,,0,0,2,0.8,0.952,1.0,0.95,1290
2024-03-12,4,水城古镇,1800,ancient_town,11.0,17.2,4.8,0.0,0.0,3,阴,0,,0,0,2,0.9,0.97,1.0,0.95,863
2024-03-12,5,明湖国家湿地公园,1750,wetland,11.0,17.2,4.8,0.0,0.0,3,阴,0,,0,0,2,0.8,0.971,1.0,0.95,686
2024-03-13,1,梅花山风景区,2400,mountain,10.4,13.4,8.1,0.9,0.0,51,小雨,0,,0,0,3,0.8,0.96,1.0,0.95,1088
2024-03-13,2,玉舍国家森林公园,2300,forest,10.4,13.4,8.1,0.9,0.0,51,小雨,0,,0,0,3,0.8,0.962,1.0,0.95,839
2024-03-13,3,乌蒙大草原,2857,grassland,10.4,13.4,8.1,0.9,0.0,51,小雨,0,,0,0,3,0.8,0.952,1.0,0.95,1241
2024-03-13,4,水城古镇,1800,ancient_town,10.4,13.4,8.1,0.9,0.0,51,小雨,0,,0,0,3,0.9,0.97,1.0,0.95,798
2024-03-13,5,明湖国家湿地公园,1750,wetland,10.4,13.4,8.1,0.9,0.0,51,小雨,0,,0,0,3,0.8,0.971,1.0,0.95,631
2024-03-14,1,梅花山风景区,2400,mountain,9.7,13.5,7.4,1.2,0.0,51,小雨,0,,0,0,4,0.8,0.96,1.0,0.95,1141
2024-03-14,2,玉舍国家森林公园,2300,forest,9.7,13.5,7.4,1.2,0.0,51,小雨,0,,0,0,4,0.8,0.962,1.0,0.95,874
2024-03-14,3,乌蒙大草原,2857,grassland,9.7,13.5,7.4,1.2,0.0,51,小雨,0,,0,0,4,0.8,0.952,1.0,0.95,1405
2024-03-14,4,水城古镇,1800,ancient_town,9.7,13.5,7.4,1.2,0.0,51,小雨,0,,0,0,4,0.9,0.97,1.0,0.95,923
2024-03-14,5,明湖国家湿地公园,1750,wetland,9.7,13.5,7.4,1.2,0.0,51,小雨,0,,0,0,4,0.8,0.971,1.0,0.95,664
2024-03-15,1,梅花山风景区,2400,mountain,13.1,20.9,9.2,0.1,0.0,51,小雨,0,,0,0,5,1.0,0.96,1.0,0.95,1262
2024-03-15,2,玉舍国家森林公园,2300,forest,13.1,20.9,9.2,0.1,0.0,51,小雨,0,,0,0,5,1.0,0.962,1.0,0.95,1075
2024-03-15,3,乌蒙大草原,2857,grassland,13.1,20.9,9.2,0.1,0.0,51,小雨,0,,0,0,5,1.0,0.952,1.0,0.95,1622
2024-03-15,4,水城古镇,1800,ancient_town,13.1,20.9,9.2,0.1,0.0,51,小雨,0,,0,0,5,1.0,0.97,1.0,0.95,852
2024-03-15,5,明湖国家湿地公园,1750,wetland,13.1,20.9,9.2,0.1,0.0,51,小雨,0,,0,0,5,1.0,0.971,1.0,0.95,819
2024-03-16,1,梅花山风景区,2400,mountain,13.8,21.1,10.5,2.6,0.0,51,小雨,0,,1,0,6,0.8,0.96,1.6,0.95,1776
2024-03-16,2,玉舍国家森林公园,2300,forest,13.8,21.1,10.5,2.6,0.0,51,小雨,0,,1,0,6,0.8,0.962,1.6,0.95,1371
2024-03-16,3,乌蒙大草原,2857,grassland,13.8,21.1,10.5,2.6,0.0,51,小雨,0,,1,0,6,0.8,0.952,1.6,0.95,2004
2024-03-16,4,水城古镇,1800,ancient_town,13.8,21.1,10.5,2.6,0.0,51,小雨,0,,1,0,6,0.94,0.97,1.6,0.95,1333
2024-03-16,5,明湖国家湿地公园,1750,wetland,13.8,21.1,10.5,2.6,0.0,51,小雨,0,,1,0,6,0.64,0.971,1.6,0.95,925
2024-03-17,1,梅花山风景区,2400,mountain,13.4,19.5,9.5,0.0,0.0,3,阴,0,,1,0,7,1.0,0.96,1.6,0.95,2171
2024-03-17,2,玉舍国家森林公园,2300,forest,13.4,19.5,9.5,0.0,0.0,3,阴,0,,1,0,7,1.0,0.962,1.6,0.95,1681
2024-03-17,3,乌蒙大草原,2857,grassland,13.4,19.5,9.5,0.0,0.0,3,阴,0,,1,0,7,1.0,0.952,1.6,0.95,2557
2024-03-17,4,水城古镇,1800,ancient_town,13.4,19.5,9.5,0.0,0.0,3,阴,0,,1,0,7,1.0,0.97,1.6,0.95,1544
2024-03-17,5,明湖国家湿地公园,1750,wetland,13.4,19.5,9.5,0.0,0.0,3,阴,0,,1,0,7,1.0,0.971,1.6,0.95,1282
2024-03-18,1,梅花山风景区,2400,mountain,9.7,13.3,6.1,1.9,0.0,53,中雨,0,,0,0,1,0.8,0.96,1.0,0.95,1120
2024-03-18,2,玉舍国家森林公园,2300,forest,9.7,13.3,6.1,1.9,0.0,53,中雨,0,,0,0,1,0.8,0.962,1.0,0.95,908
2024-03-18,3,乌蒙大草原,2857,grassland,9.7,13.3,6.1,1.9,0.0,53,中雨,0,,0,0,1,0.8,0.952,1.0,0.95,1351
2024-03-18,4,水城古镇,1800,ancient_town,9.7,13.3,6.1,1.9,0.0,53,中雨,0,,0,0,1,0.9,0.97,1.0,0.95,887
2024-03-18,5,明湖国家湿地公园,1750,wetland,9.7,13.3,6.1,1.9,0.0,53,中雨,0,,0,0,1,0.8,0.971,1.0,0.95,645
2024-03-19,1,梅花山风景区,2400,mountain,7.2,11.1,5.0,1.2,0.0,51,小雨,0,,0,0,2,0.8,0.96,1.0,0.95,1156
2024-03-19,2,玉舍国家森林公园,2300,forest,7.2,11.1,5.0,1.2,0.0,51,小雨,0,,0,0,2,0.8,0.962,1.0,0.95,842
2024-03-19,3,乌蒙大草原,2857,grassland,7.2,11.1,5.0,1.2,0.0,51,小雨,0,,0,0,2,0.8,0.952,1.0,0.95,1277
2024-03-19,4,水城古镇,1800,ancient_town,7.2,11.1,5.0,1.2,0.0,51,小雨,0,,0,0,2,0.9,0.97,1.0,0.95,878
2024-03-19,5,明湖国家湿地公园,1750,wetland,7.2,11.1,5.0,1.2,0.0,51,小雨,0,,0,0,2,0.8,0.971,1.0,0.95,691
2024-03-20,1,梅花山风景区,2400,mountain,8.8,13.0,6.5,0.6,0.0,51,小雨,0,,0,0,3,0.8,0.96,1.0,0.95,1094
2024-03-20,2,玉舍国家森林公园,2300,forest,8.8,13.0,6.5,0.6,0.0,51,小雨,0,,0,0,3,0.8,0.962,1.0,0.95,824
2024-03-20,3,乌蒙大草原,2857,grassland,8.8,13.0,6.5,0.6,0.0,51,小雨,0,,0,0,3,0.8,0.952,1.0,0.95,1339
2024-03-20,4,水城古镇,1800,ancient_town,8.8,13.0,6.5,0.6,0.0,51,小雨,0,,0,0,3,0.9,0.97,1.0,0.95,803
2024-03-20,5,明湖国家湿地公园,1750,wetland,8.8,13.0,6.5,0.6,0.0,51,小雨,0,,0,0,3,0.8,0.971,1.0,0.95,633
2024-03-21,1,梅花山风景区,2400,mountain,13.0,22.9,3.5,0.0,0.0,3,阴,0,,0,0,4,1.0,0.96,1.0,0.95,1323
2024-03-21,2,玉舍国家森林公园,2300,forest,13.0,22.9,3.5,0.0,0.0,3,阴,0,,0,0,4,1.0,0.962,1.0,0.95,1109
2024-03-21,3,乌蒙大草原,2857,grassland,13.0,22.9,3.5,0.0,0.0,3,阴,0,,0,0,4,1.0,0.952,1.0,0.95,1455
2024-03-21,4,水城古镇,1800,ancient_town,13.0,22.9,3.5,0.0,0.0,3,阴,0,,0,0,4,1.0,0.97,1.0,0.95,938
2024-03-21,5,明湖国家湿地公园,1750,wetland,13.0,22.9,3.5,0.0,0.0,3,阴,0,,0,0,4,1.0,0.971,1.0,0.95,837
2024-03-22,1,梅花山风景区,2400,mountain,16.6,25.8,8.7,0.0,0.0,3,阴,0,,0,0,5,1.0,1.08,1.0,0.95,1494
2024-03-22,2,玉舍国家森林公园,2300,forest,16.6,25.8,8.7,0.0,0.0,3,阴,0,,0,0,5,1.0,1.077,1.0,0.95,1291
2024-03-22,3,乌蒙大草原,2857,grassland,16.6,25.8,8.7,0.0,0.0,3,阴,0,,0,0,5,1.0,1.095,1.0,0.95,1930
2024-03-22,4,水城古镇,1800,ancient_town,16.6,25.8,8.7,0.0,0.0,3,阴,0,,0,0,5,1.0,1.06,1.0,0.95,976
2024-03-22,5,明湖国家湿地公园,1750,wetland,16.6,25.8,8.7,0.0,0.0,3,阴,0,,0,0,5,1.0,1.058,1.0,0.95,874
2024-03-23,1,梅花山风景区,2400,mountain,18.1,24.9,11.4,0.0,0.0,0,晴,0,,1,0,6,1.0,1.08,1.6,0.95,2547
2024-03-23,2,玉舍国家森林公园,2300,forest,18.1,24.9,11.4,0.0,0.0,0,晴,0,,1,0,6,1.0,1.077,1.6,0.95,1814
2024-03-23,3,乌蒙大草原,2857,grassland,18.1,24.9,11.4,0.0,0.0,0,晴,0,,1,0,6,1.0,1.095,1.6,0.95,2946
2024-03-23,4,水城古镇,1800,ancient_town,18.1,24.9,11.4,0.0,0.0,0,晴,0,,1,0,6,1.0,1.06,1.6,0.95,1560
2024-03-23,5,明湖国家湿地公园,1750,wetland,18.1,24.9,11.4,0.0,0.0,0,晴,0,,1,0,6,1.0,1.058,1.6,0.95,1452
2024-03-24,1,梅花山风景区,2400,mountain,18.6,25.8,12.4,0.0,0.0,2,多云,0,,1,0,7,1.0,1.08,1.6,0.95,2488
2024-03-24,2,玉舍国家森林公园,2300,forest,18.6,25.8,12.4,0.0,0.0,2,多云,0,,1,0,7,1.0,1.077,1.6,0.95,1967
2024-03-24,3,乌蒙大草原,2857,grassland,18.6,25.8,12.4,0.0,0.0,2,多云,0,,1,0,7,1.0,1.095,1.6,0.95,3166
2024-03-24,4,水城古镇,1800,ancient_town,18.6,25.8,12.4,0.0,0.0,2,多云,0,,1,0,7,1.0,1.06,1.6,0.95,1629
2024-03-24,5,明湖国家湿地公园,1750,wetland,18.6,25.8,12.4,0.0,0.0,2,多云,0,,1,0,7,1.0,1.058,1.6,0.95,1424
2024-03-25,1,梅花山风景区,2400,mountain,14.0,21.4,7.7,0.0,0.0,3,阴,0,,0,0,1,1.0,0.96,1.0,0.95,1285
2024-03-25,2,玉舍国家森林公园,2300,forest,14.0,21.4,7.7,0.0,0.0,3,阴,0,,0,0,1,1.0,0.962,1.0,0.95,1135
2024-03-25,3,乌蒙大草原,2857,grassland,14.0,21.4,7.7,0.0,0.0,3,阴,0,,0,0,1,1.0,0.952,1.0,0.95,1671
2024-03-25,4,水城古镇,1800,ancient_town,14.0,21.4,7.7,0.0,0.0,3,阴,0,,0,0,1,1.0,0.97,1.0,0.95,988
2024-03-25,5,明湖国家湿地公园,1750,wetland,14.0,21.4,7.7,0.0,0.0,3,阴,0,,0,0,1,1.0,0.971,1.0,0.95,799
2024-03-26,1,梅花山风景区,2400,mountain,15.2,22.3,9.7,0.0,0.0,3,阴,0,,0,0,2,1.0,1.08,1.0,0.95,1541
2024-03-26,2,玉舍国家森林公园,2300,forest,15.2,22.3,9.7,0.0,0.0,3,阴,0,,0,0,2,1.0,1.077,1.0,0.95,1223
2024-03-26,3,乌蒙大草原,2857,grassland,15.2,22.3,9.7,0.0,0.0,3,阴,0,,0,0,2,1.0,1.095,1.0,0.95,1864
2024-03-26,4,水城古镇,1800,ancient_town,15.2,22.3,9.7,0.0,0.0,3,阴,0,,0,0,2,1.0,1.06,1.0,0.95,1007
2024-03-26,5,明湖国家湿地公园,1750,wetland,15.2,22.3,9.7,0.0,0.0,3,阴,0,,0,0,2,1.0,1.058,1.0,0.95,827
2024-03-27,1,梅花山风景区,2400,mountain,16.8,26.4,11.2,0.3,0.0,51,小雨,0,,0,0,3,1.0,1.08,1.0,0.95,1602
2024-03-27,2,玉舍国家森林公园,2300,forest,16.8,26.4,11.2,0.3,0.0,51,小雨,0,,0,0,3,1.0,1.077,1.0,0.95,1267
2024-03-27,3,乌蒙大草原,2857,grassland,16.8,26.4,11.2,0.3,0.0,51,小雨,0,,0,0,3,1.0,1.095,1.0,0.95,1978
2024-03-27,4,水城古镇,1800,ancient_town,16.8,26.4,11.2,0.3,0.0,51,小雨,0,,0,0,3,1.0,1.06,1.0,0.95,1120
2024-03-27,5,明湖国家湿地公园,1750,wetland,16.8,26.4,11.2,0.3,0.0,51,小雨,0,,0,0,3,1.0,1.058,1.0,0.95,890
2024-03-28,1,梅花山风景区,2400,mountain,12.8,20.8,7.2,6.9,0.0,63,中雨,0,,0,0,4,0.8,0.96,1.0,0.95,1092
2024-03-28,2,玉舍国家森林公园,2300,forest,12.8,20.8,7.2,6.9,0.0,63,中雨,0,,0,0,4,0.8,0.962,1.0,0.95,877
2024-03-28,3,乌蒙大草原,2857,grassland,12.8,20.8,7.2,6.9,0.0,63,中雨,0,,0,0,4,0.8,0.952,1.0,0.95,1429
2024-03-28,4,水城古镇,1800,ancient_town,12.8,20.8,7.2,6.9,0.0,63,中雨,0,,0,0,4,0.94,0.97,1.0,0.95,791
2024-03-28,5,明湖国家湿地公园,1750,wetland,12.8,20.8,7.2,6.9,0.0,63,中雨,0,,0,0,4,0.64,0.971,1.0,0.95,544
2024-03-29,1,梅花山风景区,2400,mountain,14.4,21.3,8.2,1.7,0.0,53,中雨,0,,0,0,5,1.0,0.96,1.0,0.95,1267
2024-03-29,2,玉舍国家森林公园,2300,forest,14.4,21.3,8.2,1.7,0.0,53,中雨,0,,0,0,5,1.0,0.962,1.0,0.95,954
2024-03-29,3,乌蒙大草原,2857,grassland,14.4,21.3,8.2,1.7,0.0,53,中雨,0,,0,0,5,1.0,0.952,1.0,0.95,1464
2024-03-29,4,水城古镇,1800,ancient_town,14.4,21.3,8.2,1.7,0.0,53,中雨,0,,0,0,5,1.0,0.97,1.0,0.95,857
2024-03-29,5,明湖国家湿地公园,1750,wetland,14.4,21.3,8.2,1.7,0.0,53,中雨,0,,0,0,5,1.0,0.971,1.0,0.95,874
2024-03-30,1,梅花山风景区,2400,mountain,16.1,25.4,9.9,3.2,0.0,61,小雨,0,,1,0,6,0.8,1.08,1.6,0.95,1884
2024-03-30,2,玉舍国家森林公园,2300,forest,16.1,25.4,9.9,3.2,0.0,61,小雨,0,,1,0,6,0.8,1.077,1.6,0.95,1553
2024-03-30,3,乌蒙大草原,2857,grassland,16.1,25.4,9.9,3.2,0.0,61,小雨,0,,1,0,6,0.8,1.095,1.6,0.95,2257
2024-03-30,4,水城古镇,1800,ancient_town,16.1,25.4,9.9,3.2,0.0,61,小雨,0,,1,0,6,0.94,1.06,1.6,0.95,1560
2024-03-30,5,明湖国家湿地公园,1750,wetland,16.1,25.4,9.9,3.2,0.0,61,小雨,0,,1,0,6,0.64,1.058,1.6,0.95,875
2024-03-31,1,梅花山风景区,2400,mountain,16.2,22.7,9.4,1.3,0.0,53,中雨,0,,1,0,7,1.0,1.08,1.6,0.95,2624
2024-03-31,2,玉舍国家森林公园,2300,forest,16.2,22.7,9.4,1.3,0.0,53,中雨,0,,1,0,7,1.0,1.077,1.6,0.95,1866
2024-03-31,3,乌蒙大草原,2857,grassland,16.2,22.7,9.4,1.3,0.0,53,中雨,0,,1,0,7,1.0,1.095,1.6,0.95,2881
2024-03-31,4,水城古镇,1800,ancient_town,16.2,22.7,9.4,1.3,0.0,53,中雨,0,,1,0,7,1.0,1.06,1.6,0.95,1621
2024-03-31,5,明湖国家湿地公园,1750,wetland,16.2,22.7,9.4,1.3,0.0,53,中雨,0,,1,0,7,1.0,1.058,1.6,0.95,1449
2024-04-01,1,梅花山风景区,2400,mountain,19.0,27.7,13.1,0.4,0.0,51,小雨,0,,0,0,1,1.0,1.08,1.0,1.1,1908
2024-04-01,2,玉舍国家森林公园,2300,forest,19.0,27.7,13.1,0.4,0.0,51,小雨,0,,0,0,1,1.0,1.077,1.0,1.1,1429
2024-04-01,3,乌蒙大草原,2857,grassland,19.0,27.7,13.1,0.4,0.0,51,小雨,0,,0,0,1,1.0,1.095,1.0,1.1,2037
2024-04-01,4,水城古镇,1800,ancient_town,19.0,27.7,13.1,0.4,0.0,51,小雨,0,,0,0,1,1.0,1.06,1.0,1.1,1133
2024-04-01,5,明湖国家湿地公园,1750,wetland,19.0,27.7,13.1,0.4,0.0,51,小雨,0,,0,0,1,1.0,1.058,1.0,1.1,1017
2024-04-02,1,梅花山风景区,2400,mountain,18.0,28.5,8.4,0.9,0.0,53,中雨,0,,0,0,2,1.0,1.08,1.0,1.1,1846
2024-04-02,2,玉舍国家森林公园,2300,forest,18.0,28.5,8.4,0.9,0.0,53,中雨,0,,0,0,2,1.0,1.077,1.0,1.1,1448
2024-04-02,3,乌蒙大草原,2857,grassland,18.0,28.5,8.4,0.9,0.0,53,中雨,0,,0,0,2,1.0,1.095,1.0,1.1,2155
2024-04-02,4,水城古镇,1800,ancient_town,18.0,28.5,8.4,0.9,0.0,53,中雨,0,,0,0,2,1.0,1.06,1.0,1.1,1216
2024-04-02,5,明湖国家湿地公园,1750,wetland,18.0,28.5,8.4,0.9,0.0,53,中雨,0,,0,0,2,1.0,1.058,1.0,1.1,1020
2024-04-03,1,梅花山风景区,2400,mountain,16.1,22.4,10.4,1.5,0.0,53,中雨,0,,0,0,3,1.0,1.08,1.0,1.1,1769
2024-04-03,2,玉舍国家森林公园,2300,forest,16.1,22.4,10.4,1.5,0.0,53,中雨,0,,0,0,3,1.0,1.077,1.0,1.1,1434
2024-04-03,3,乌蒙大草原,2857,grassland,16.1,22.4,10.4,1.5,0.0,53,中雨,0,,0,0,3,1.0,1.095,1.0,1.1,2334
2024-04-03,4,水城古镇,1800,ancient_town,16.1,22.4,10.4,1.5,0.0,53,中雨,0,,0,0,3,1.0,1.06,1.0,1.1,1160
2024-04-03,5,明湖国家湿地公园,1750,wetland,16.1,22.4,10.4,1.5,0.0,53,中雨,0,,0,0,3,1.0,1.058,1.0,1.1,1029
2024-04-04,1,梅花山风景区,2400,mountain,14.1,17.4,10.6,5.6,0.0,55,大雨,1,清明节,0,3,4,0.8,0.96,2.4,1.1,2882
2024-04-04,2,玉舍国家森林公园,2300,forest,14.1,17.4,10.6,5.6,0.0,55,大雨,1,清明节,0,3,4,0.8,0.962,2.4,1.1,2520
2024-04-04,3,乌蒙大草原,2857,grassland,14.1,17.4,10.6,5.6,0.0,55,大雨,1,清明节,0,3,4,0.8,0.952,2.4,1.1,3514
2024-04-04,4,水城古镇,1800,ancient_town,14.1,17.4,10.6,5.6,0.0,55,大雨,1,清明节,0,3,4,0.94,0.97,2.76,1.1,2815
2024-04-04,5,明湖国家湿地公园,1750,wetland,14.1,17.4,10.6,5.6,0.0,55,大雨,1,清明节,0,3,4,0.64,0.971,2.52,1.1,1402
2024-04-05,1,梅花山风景区,2400,mountain,13.4,18.0,10.6,10.8,0.0,63,中雨,1,清明节,0,3,5,0.55,0.96,2.4,1.1,2199
2024-04-05,2,玉舍国家森林公园,2300,forest,13.4,18.0,10.6,10.8,0.0,63,中雨,1,清明节,0,3,5,0.55,0.962,2.4,1.1,1564
2024-04-05,3,乌蒙大草原,2857,grassland,13.4,18.0,10.6,10.8,0.0,63,中雨,1,清明节,0,3,5,0.55,0.952,2.4,1.1,2392
2024-04-05,4,水城古镇,1800,ancient_town,13.4,18.0,10.6,10.8,0.0,63,中雨,1,清明节,0,3,5,0.865,0.97,2.76,1.1,2682
2024-04-05,5,明湖国家湿地公园,1750,wetland,13.4,18.0,10.6,10.8,0.0,63,中雨,1,清明节,0,3,5,0.44,0.971,2.52,1.1,994
2024-04-06,1,梅花山风景区,2400,mountain,12.4,15.4,9.9,5.1,0.0,61,小雨,1,清明节,1,3,6,0.8,0.96,2.4,1.1,3029
2024-04-06,2,玉舍国家森林公园,2300,forest,12.4,15.4,9.9,5.1,0.0,61,小雨,1,清明节,1,3,6,0.8,0.962,2.4,1.1,2446
2024-04-06,3,乌蒙大草原,2857,grassland,12.4,15.4,9.9,5.1,0.0,61,小雨,1,清明节,1,3,6,0.8,0.952,2.4,1.1,3439
2024-04-06,4,水城古镇,1800,ancient_town,12.4,15.4,9.9,5.1,0.0,61,小雨,1,清明节,1,3,6,0.94,0.97,2.76,1.1,2954
2024-04-06,5,明湖国家湿地公园,1750,wetland,12.4,15.4,9.9,5.1,0.0,61,小雨,1,清明节,1,3,6,0.64,0.971,2.52,1.1,1666
2024-04-07,1,梅花山风景区,2400,mountain,11.4,15.4,8.8,2.9,0.0,53,中雨,0,,1,0,7,0.64,0.96,1.6,1.1,1462
2024-04-07,2,玉舍国家森林公园,2300,forest,11.4,15.4,8.8,2.9,0.0,53,中雨,0,,1,0,7,0.64,0.962,1.6,1.1,1205
2024-04-07,3,乌蒙大草原,2857,grassland,11.4,15.4,8.8,2.9,0.0,53,中雨,0,,1,0,7,0.64,0.952,1.6,1.1,2009
2024-04-07,4,水城古镇,1800,ancient_town,11.4,15.4,8.8,2.9,0.0,53,中雨,0,,1,0,7,0.846,0.97,1.6,1.1,1350
2024-04-07,5,明湖国家湿地公园,1750,wetland,11.4,15.4,8.8,2.9,0.0,53,中雨,0,,1,0,7,0.512,0.971,1.6,1.1,772
2024-04-08,1,梅花山风景区,2400,mountain,13.1,19.3,8.6,0.0,0.0,3,阴,0,,0,0,1,1.0,0.96,1.0,1.1,1594
2024-04-08,2,玉舍国家森林公园,2300,forest,13.1,19.3,8.6,0.0,0.0,3,阴,0,,0,0,1,1.0,0.962,1.0,1.1,1313
2024-04-08,3,乌蒙大草原,2857,grassland,13.1,19.3,8.6,0.0,0.0,3,阴,0,,0,0,1,1.0,0.952,1.0,1.1,1864
2024-04-08,4,水城古镇,1800,ancient_town,13.1,19.3,8.6,0.0,0.0,3,阴,0,,0,0,1,1.0,0.97,1.0,1.1,1072
2024-04-08,5,明湖国家湿地公园,1750,wetland,13.1,19.3,8.6,0.0,0.0,3,阴,0,,0,0,1,1.0,0.971,1.0,1.1,923
2024-04-09,1,梅花山风景区,2400,mountain,12.9,16.5,10.5,0.6,0.0,51,小雨,0,,0,0,2,1.0,0.96,1.0,1.1,1686
2024-04-09,2,玉舍国家森林公园,2300,forest,12.9,16.5,10.5,0.6,0.0,51,小雨,0,,0,0,2,1.0,0.962,1.0,1.1,1237
2024-04-09,3,乌蒙大草原,2857,grassland,12.9,16.5,10.5,0.6,0.0,51,小雨,0,,0,0,2,1.0,0.952,1.0,1.1,1917
2024-04-09,4,水城古镇,1800,ancient_town,12.9,16.5,10.5,0.6,0.0,51,小雨,0,,0,0,2,1.0,0.97,1.0,1.1,1039
2024-04-09,5,明湖国家湿地公园,1750,wetland,12.9,16.5,10.5,0.6,0.0,51,小雨,0,,0,0,2,1.0,0.971,1.0,1.1,966
2024-04-10,1,梅花山风景区,2400,mountain,17.1,25.9,12.3,5.4,0.0,63,中雨,0,,0,0,3,0.8,1.08,1.0,1.1,1413
2024-04-10,2,玉舍国家森林公园,2300,forest,17.1,25.9,12.3,5.4,0.0,63,中雨,0,,0,0,3,0.8,1.077,1.0,1.1,1127
2024-04-10,3,乌蒙大草原,2857,grassland,17.1,25.9,12.3,5.4,0.0,63,中雨,0,,0,0,3,0.8,1.095,1.0,1.1,1646
2024-04-10,4,水城古镇,1800,ancient_town,17.1,25.9,12.3,5.4,0.0,63,中雨,0,,0,0,3,0.94,1.06,1.0,1.1,1139
2024-04-10,5,明湖国家湿地公园,1750,wetland,17.1,25.9,12.3,5.4,0.0,63,中雨,0,,0,0,3,0.64,1.058,1.0,1.1,717
2024-04-11,1,梅花山风景区,2400,mountain,16.6,23.7,13.8,23.5,0.0,65,大雨,0,,0,0,4,0.3,1.08,1.0,1.1,541
2024-04-11,2,玉舍国家森林公园,2300,forest,16.6,23.7,13.8,23.5,0.0,65,大雨,0,,0,0,4,0.3,1.077,1.0,1.1,441
2024-04-11,3,乌蒙大草原,2857,grassland,16.6,23.7,13.8,23.5,0.0,65,大雨,0,,0,0,4,0.3,1.095,1.0,1.1,677
2024-04-11,4,水城古镇,1800,ancient_town,16.6,23.7,13.8,23.5,0.0,65,大雨,0,,0,0,4,0.79,1.06,1.0,1.1,963
2024-04-11,5,明湖国家湿地公园,1750,wetland,16.6,23.7,13.8,23.5,0.0,65,大雨,0,,0,0,4,0.24,1.058,1.0,1.1,255
2024-04-12,1,梅花山风景区,2400,mountain,18.1,26.1,13.5,3.5,0.0,61,小雨,0,,0,0,5,0.8,1.08,1.0,1.1,1440
2024-04-12,2,玉舍国家森林公园,2300,forest,18.1,26.1,13.5,3.5,0.0,61,小雨,0,,0,0,5,0.8,1.077,1.0,1.1,1186
2024-04-12,3,乌蒙大草原,2857,grassland,18.1,26.1,13.5,3.5,0.0,61,小雨,0,,0,0,5,0.8,1.095,1.0,1.1,1740
2024-04-12,4,水城古镇,1800,ancient_town,18.1,26.1,13.5,3.5,0.0,61,小雨,0,,0,0,5,0.94,1.06,1.0,1.1,1042
2024-04-12,5,明湖国家湿地公园,1750,wetland,18.1,26.1,13.5,3.5,0.0,61,小雨,0,,0,0,5,0.64,1.058,1.0,1.1,671
2024-04-13,1,梅花山风景区,2400,mountain,19.8,28.5,12.7,0.9,0.0,53,中雨,0,,1,0,6,1.0,1.08,1.6,1.1,2581
2024-04-13,2,玉舍国家森林公园,2300,forest,19.8,28.5,12.7,0.9,0.0,53,中雨,0,,1,0,6,1.0,1.077,1.6,1.1,2273
2024-04-13,3,乌蒙大草原,2857,grassland,19.8,28.5,12.7,0.9,0.0,53,中雨,0,,1,0,6,1.0,1.095,1.6,1.1,3541
2024-04-13,4,水城古镇,1800,ancient_town,19.8,28.5,12.7,0.9,0.0,53,中雨,0,,1,0,6,1.0,1.06,1.6,1.1,1980
2024-04-13,5,明湖国家湿地公园,1750,wetland,19.8,28.5,12.7,0.9,0.0,53,中雨,0,,1,0,6,1.0,1.058,1.6,1.1,1689
2024-04-14,1,梅花山风景区,2400,mountain,18.7,26.8,11.4,0.0,0.0,3,阴,0,,1,0,7,1.0,1.08,1.6,1.1,2983
2024-04-14,2,玉舍国家森林公园,2300,forest,18.7,26.8,11.4,0.0,0.0,3,阴,0,,1,0,7,1.0,1.077,1.6,1.1,2273
2024-04-14,3,乌蒙大草原,2857,grassland,18.7,26.8,11.4,0.0,0.0,3,阴,0,,1,0,7,1.0,1.095,1.6,1.1,3292
2024-04-14,4,水城古镇,1800,ancient_town,18.7,26.8,11.4,0.0,0.0,3,阴,0,,1,0,7,1.0,1.06,1.6,1.1,1733
2024-04-14,5,明湖国家湿地公园,1750,wetland,18.7,26.8,11.4,0.0,0.0,3,阴,0,,1,0,7,1.0,1.058,1.6,1.1,1595
2024-04-15,1,梅花山风景区,2400,mountain,20.4,29.0,11.9,0.0,0.0,3,阴,0,,0,0,1,1.0,1.08,1.0,1.1,1660
2024-04-15,2,玉舍国家森林公园,2300,forest,20.4,29.0,11.9,0.0,0.0,3,阴,0,,0,0,1,1.0,1.077,1.0,1.1,1466
2024-04-15,3,乌蒙大草原,2857,grassland,20.4,29.0,11.9,0.0,0.0,3,阴,0,,0,0,1,1.0,1.095,1.0,1.1,2146
2024-04-15,4,水城古镇,1800,ancient_town,20.4,29.0,11.9,0.0,0.0,3,阴,0,,0,0,1,1.0,1.06,1.0,1.1,1199
2024-04-15,5,明湖国家湿地公园,1750,wetland,20.4,29.0,11.9,0.0,0.0,3,阴,0,,0,0,1,1.0,1.058,1.0,1.1,1051
2024-04-16,1,梅花山风景区,2400,mountain,18.8,29.0,10.8,0.3,0.0,51,小雨,0,,0,0,2,1.0,1.08,1.0,1.1,1875
2024-04-16,2,玉舍国家森林公园,2300,forest,18.8,29.0,10.8,0.3,0.0,51,小雨,0,,0,0,2,1.0,1.077,1.0,1.1,1496
2024-04-16,3,乌蒙大草原,2857,grassland,18.8,29.0,10.8,0.3,0.0,51,小雨,0,,0,0,2,1.0,1.095,1.0,1.1,2098
2024-04-16,4,水城古镇,1800,ancient_town,18.8,29.0,10.8,0.3,0.0,51,小雨,0,,0,0,2,1.0,1.06,1.0,1.1,1150
2024-04-16,5,明湖国家湿地公园,1750,wetland,18.8,29.0,10.8,0.3,0.0,51,小雨,0,,0,0,2,1.0,1.058,1.0,1.1,1019
2024-04-17,1,梅花山风景区,2400,mountain,17.6,22.7,15.0,16.5,0.0,65,大雨,0,,0,0,3,0.55,1.08,1.0,1.1,900
2024-04-17,2,玉舍国家森林公园,2300,forest,17.6,22.7,15.0,16.5,0.0,65,大雨,0,,0,0,3,0.55,1.077,1.0,1.1,808
2024-04-17,3,乌蒙大草原,2857,grassland,17.6,22.7,15.0,16.5,0.0,65,大雨,0,,0,0,3,0.55,1.095,1.0,1.1,1263
2024-04-17,4,水城古镇,1800,ancient_town,17.6,22.7,15.0,16.5,0.0,65,大雨,0,,0,0,3,0.865,1.06,1.0,1.1,1008
2024-04-17,5,明湖国家湿地公园,1750,wetland,17.6,22.7,15.0,16.5,0.0,65,大雨,0,,0,0,3,0.44,1.058,1.0,1.1,449
2024-04-18,1,梅花山风景区,2400,mountain,18.2,26.0,14.3,1.8,0.0,53,中雨,0,,0,0,4,1.0,1.08,1.0,1.1,1879
2024-04-18,2,玉舍国家森林公园,2300,forest,18.2,26.0,14.3,1.8,0.0,53,中雨,0,,0,0,4,1.0,1.077,1.0,1.1,1254
2024-04-18,3,乌蒙大草原,2857,grassland,18.2,26.0,14.3,1.8,0.0,53,中雨,0,,0,0,4,1.0,1.095,1.0,1.1,2187
2024-04-18,4,水城古镇,1800,ancient_town,18.2,26.0,14.3,1.8,0.0,53,中雨,0,,0,0,4,1.0,1.06,1.0,1.1,1174
2024-04-18,5,明湖国家湿地公园,1750,wetland,18.2,26.0,14.3,1.8,0.0,53,中雨,0,,0,0,4,1.0,1.058,1.0,1.1,1017
2024-04-19,1,梅花山风景区,2400,mountain,16.6,21.8,11.3,0.7,0.0,51,小雨,0,,0,0,5,1.0,1.08,1.0,1.1,1905
2024-04-19,2,玉舍国家森林公园,2300,forest,16.6,21.8,11.3,0.7,0.0,51,小雨,0,,0,0,5,1.0,1.077,1.0,1.1,1490
2024-04-19,3,乌蒙大草原,2857,grassland,16.6,21.8,11.3,0.7,0.0,51,小雨,0,,0,0,5,1.0,1.095,1.0,1.1,2140
2024-04-19,4,水城古镇,1800,ancient_town,16.6,21.8,11.3,0.7,0.0,51,小雨,0,,0,0,5,1.0,1.06,1.0,1.1,1160
2024-04-19,5,明湖国家湿地公园,1750,wetland,16.6,21.8,11.3,0.7,0.0,51,小雨,0,,0,0,5,1.0,1.058,1.0,1.1,1027
2024-04-20,1,梅花山风景区,2400,mountain,15.1,19.3,12.3,16.2,0.0,63,中雨,0,,1,0,6,0.55,1.08,1.6,1.1,1528
2024-04-20,2,玉舍国家森林公园,2300,forest,15.1,19.3,12.3,16.2,0.0,63,中雨,0,,1,0,6,0.55,1.077,1.6,1.1,1168
2024-04-20,3,乌蒙大草原,2857,grassland,15.1,19.3,12.3,16.2,0.0,63,中雨,0,,1,0,6,0.55,1.095,1.6,1.1,2040
2024-04-20,4,水城古镇,1800,ancient_town,15.1,19.3,12.3,16.2,0.0,63,中雨,0,,1,0,6,0.865,1.06,1.6,1.1,1696
2024-04-20,5,明湖国家湿地公园,1750,wetland,15.1,19.3,12.3,16.2,0.0,63,中雨,0,,1,0,6,0.44,1.058,1.6,1.1,767
2024-04-21,1,梅花山风景区,2400,mountain,14.0,17.7,11.4,0.6,0.0,51,小雨,0,,1,0,7,1.0,0.96,1.6,1.1,2395
2024-04-21,2,玉舍国家森林公园,2300,forest,14.0,17.7,11.4,0.6,0.0,51,小雨,0,,1,0,7,1.0,0.962,1.6,1.1,2242
2024-04-21,3,乌蒙大草原,2857,grassland,14.0,17.7,11.4,0.6,0.0,51,小雨,0,,1,0,7,1.0,0.952,1.6,1.1,3315
2024-04-21,4,水城古镇,1800,ancient_town,14.0,17.7,11.4,0.6,0.0,51,小雨,0,,1,0,7,1.0,0.97,1.6,1.1,1723
2024-04-21,5,明湖国家湿地公园,1750,wetland,14.0,17.7,11.4,0.6,0.0,51,小雨,0,,1,0,7,1.0,0.971,1.6,1.1,1468
2024-04-22,1,梅花山风景区,2400,mountain,15.1,19.9,12.2,6.5,0.0,63,中雨,0,,0,0,1,0.8,1.08,1.0,1.1,1363
2024-04-22,2,玉舍国家森林公园,2300,forest,15.1,19.9,12.2,6.5,0.0,63,中雨,0,,0,0,1,0.8,1.077,1.0,1.1,1160
2024-04-22,3,乌蒙大草原,2857,grassland,15.1,19.9,12.2,6.5,0.0,63,中雨,0,,0,0,1,0.8,1.095,1.0,1.1,1655
2024-04-22,4,水城古镇,1800,ancient_town,15.1,19.9,12.2,6.5,0.0,63,中雨,0,,0,0,1,0.94,1.06,1.0,1.1,1094
2024-04-22,5,明湖国家湿地公园,1750,wetland,15.1,19.9,12.2,6.5,0.0,63,中雨,0,,0,0,1,0.64,1.058,1.0,1.1,707
2024-04-23,1,梅花山风景区,2400,mountain,13.8,17.0,11.3,4.6,0.0,53,中雨,0,,0,0,2,0.8,0.96,1.0,1.1,1171
2024-04-23,2,玉舍国家森林公园,2300,forest,13.8,17.0,11.3,4.6,0.0,53,中雨,0,,0,0,2,0.8,0.962,1.0,1.1,1117
2024-04-23,3,乌蒙大草原,2857,grassland,13.8,17.0,11.3,4.6,0.0,53,中雨,0,,0,0,2,0.8,0.952,1.0,1.1,1626
2024-04-23,4,水城古镇,1800,ancient_town,13.8,17.0,11.3,4.6,0.0,53,中雨,0,,0,0,2,0.94,0.97,1.0,1.1,940
2024-04-23,5,明湖国家湿地公园,1750,wetland,13.8,17.0,11.3,4.6,0.0,53,中雨,0,,0,0,2,0.64,0.971,1.0,1.1,571
2024-04-24,1,梅花山风景区,2400,mountain,15.8,22.0,12.0,4.0,0.0,61,小雨,0,,0,0,3,0.8,1.08,1.0,1.1,1405
2024-04-24,2,玉舍国家森林公园,2300,forest,15.8,22.0,12.0,4.0,0.0,61,小雨,0,,0,0,3,0.8,1.077,1.0,1.1,1078
2024-04-24,3,乌蒙大草原,2857,grassland,15.8,22.0,12.0,4.0,0.0,61,小雨,0,,0,0,3,0.8,1.095,1.0,1.1,1711
2024-04-24,4,水城古镇,1800,ancient_town,15.8,22.0,12.0,4.0,0.0,61,小雨,0,,0,0,3,0.94,1.06,1.0,1.1,954
2024-04-24,5,明湖国家湿地公园,1750,wetland,15.8,22.0,12.0,4.0,0.0,61,小雨,0,,0,0,3,0.64,1.058,1.0,1.1,662
2024-04-25,1,梅花山风景区,2400,mountain,14.8,21.0,11.8,5.9,0.0,63,中雨,0,,0,0,4,0.8,0.96,1.0,1.1,1381
2024-04-25,2,玉舍国家森林公园,2300,forest,14.8,21.0,11.8,5.9,0.0,63,中雨,0,,0,0,4,0.8,0.962,1.0,1.1,958
2024-04-25,3,乌蒙大草原,2857,grassland,14.8,21.0,11.8,5.9,0.0,63,中雨,0,,0,0,4,0.8,0.952,1.0,1.1,1487
2024-04-25,4,水城古镇,1800,ancient_town,14.8,21.0,11.8,5.9,0.0,63,中雨,0,,0,0,4,0.94,0.97,1.0,1.1,928
2024-04-25,5,明湖国家湿地公园,1750,wetland,14.8,21.0,11.8,5.9,0.0,63,中雨,0,,0,0,4,0.64,0.971,1.0,1.1,634
2024-04-26,1,梅花山风景区,2400,mountain,15.8,24.5,9.1,2.3,0.0,53,中雨,0,,0,0,5,0.8,1.08,1.0,1.1,1409
2024-04-26,2,玉舍国家森林公园,2300,forest,15.8,24.5,9.1,2.3,0.0,53,中雨,0,,0,0,5,0.8,1.077,1.0,1.1,1247
2024-04-26,3,乌蒙大草原,2857,grassland,15.8,24.5,9.1,2.3,0.0,53,中雨,0,,0,0,5,0.8,1.095,1.0,1.1,1752
2024-04-26,4,水城古镇,1800,ancient_town,15.8,24.5,9.1,2.3,0.0,53,中雨,0,,0,0,5,0.94,1.06,1.0,1.1,1075
2024-04-26,5,明湖国家湿地公园,1750,wetland,15.8,24.5,9.1,2.3,0.0,53,中雨,0,,0,0,5,0.64,1.058,1.0,1.1,689
2024-04-27,1,梅花山风景区,2400,mountain,16.2,21.4,11.8,0.9,0.0,51,小雨,0,,1,0,6,1.0,1.08,1.6,1.1,2779
2024-04-27,2,玉舍国家森林公园,2300,forest,16.2,21.4,11.8,0.9,0.0,51,小雨,0,,1,0,6,1.0,1.077,1.6,1.1,2121
2024-04-27,3,乌蒙大草原,2857,grassland,16.2,21.4,11.8,0.9,0.0,51,小雨,0,,1,0,6,1.0,1.095,1.6,1.1,3522
2024-04-27,4,水城古镇,1800,ancient_town,16.2,21.4,11.8,0.9,0.0,51,小雨,0,,1,0,6,1.0,1.06,1.6,1.1,1849
2024-04-27,5,明湖国家湿地公园,1750,wetland,16.2,21.4,11.8,0.9,0.0,51,小雨,0,,1,0,6,1.0,1.058,1.6,1.1,1690
2024-04-28,1,梅花山风景区,2400,mountain,18.5,26.1,10.6,0.0,0.0,3,阴,0,,1,0,7,1.0,1.08,1.6,1.1,2904
2024-04-28,2,玉舍国家森林公园,2300,forest,18.5,26.1,10.6,0.0,0.0,3,阴,0,,1,0,7,1.0,1.077,1.6,1.1,2215
2024-04-28,3,乌蒙大草原,2857,grassland,18.5,26.1,10.6,0.0,0.0,3,阴,0,,1,0,7,1.0,1.095,1.6,1.1,3542
2024-04-28,4,水城古镇,1800,ancient_town,18.5,26.1,10.6,0.0,0.0,3,阴,0,,1,0,7,1.0,1.06,1.6,1.1,2027
2024-04-28,5,明湖国家湿地公园,1750,wetland,18.5,26.1,10.6,0.0,0.0,3,阴,0,,1,0,7,1.0,1.058,1.6,1.1,1583
2024-04-29,1,梅花山风景区,2400,mountain,20.3,28.3,15.2,0.3,0.0,51,小雨,0,,0,0,1,1.0,1.08,1.0,1.1,1936
2024-04-29,2,玉舍国家森林公园,2300,forest,20.3,28.3,15.2,0.3,0.0,51,小雨,0,,0,0,1,1.0,1.077,1.0,1.1,1403
2024-04-29,3,乌蒙大草原,2857,grassland,20.3,28.3,15.2,0.3,0.0,51,小雨,0,,0,0,1,1.0,1.095,1.0,1.1,2085
2024-04-29,4,水城古镇,1800,ancient_town,20.3,28.3,15.2,0.3,0.0,51,小雨,0,,0,0,1,1.0,1.06,1.0,1.1,1307
2024-04-29,5,明湖国家湿地公园,1750,wetland,20.3,28.3,15.2,0.3,0.0,51,小雨,0,,0,0,1,1.0,1.058,1.0,1.1,1055
2024-04-30,1,梅花山风景区,2400,mountain,14.3,18.8,10.3,0.2,0.0,51,小雨,0,,0,0,2,1.0,0.96,1.0,1.1,1692
2024-04-30,2,玉舍国家森林公园,2300,forest,14.3,18.8,10.3,0.2,0.0,51,小雨,0,,0,0,2,1.0,0.962,1.0,1.1,1321
2024-04-30,3,乌蒙大草原,2857,grassland,14.3,18.8,10.3,0.2,0.0,51,小雨,0,,0,0,2,1.0,0.952,1.0,1.1,1727
2024-04-30,4,水城古镇,1800,ancient_town,14.3,18.8,10.3,0.2,0.0,51,小雨,0,,0,0,2,1.0,0.97,1.0,1.1,1073
2024-04-30,5,明湖国家湿地公园,1750,wetland,14.3,18.8,10.3,0.2,0.0,51,小雨,0,,0,0,2,1.0,0.971,1.0,1.1,935
2024-05-01,1,梅花山风景区,2400,mountain,11.6,14.5,9.1,1.8,0.0,51,小雨,1,劳动节,0,5,3,0.8,0.96,3.2,1.1,3782
2024-05-01,2,玉舍国家森林公园,2300,forest,11.6,14.5,9.1,1.8,0.0,51,小雨,1,劳动节,0,5,3,0.8,0.962,3.2,1.1,2961
2024-05-01,3,乌蒙大草原,2857,grassland,11.6,14.5,9.1,1.8,0.0,51,小雨,1,劳动节,0,5,3,0.8,0.952,3.2,1.1,4852
2024-05-01,4,水城古镇,1800,ancient_town,11.6,14.5,9.1,1.8,0.0,51,小雨,1,劳动节,0,5,3,0.9,0.97,3.68,1.1,3638
2024-05-01,5,明湖国家湿地公园,1750,wetland,11.6,14.5,9.1,1.8,0.0,51,小雨,1,劳动节,0,5,3,0.8,0.971,3.36,1.1,2633
2024-05-02,1,梅花山风景区,2400,mountain,13.2,17.4,10.0,1.9,0.0,51,小雨,1,劳动节,0,5,4,1.0,0.96,3.2,1.1,4991
2024-05-02,2,玉舍国家森林公园,2300,forest,13.2,17.4,10.0,1.9,0.0,51,小雨,1,劳动节,0,5,4,1.0,0.962,3.2,1.1,3899
2024-05-02,3,乌蒙大草原,2857,grassland,13.2,17.4,10.0,1.9,0.0,51,小雨,1,劳动节,0,5,4,1.0,0.952,3.2,1.1,5736
2024-05-02,4,水城古镇,1800,ancient_town,13.2,17.4,10.0,1.9,0.0,51,小雨,1,劳动节,0,5,4,1.0,0.97,3.68,1.1,3817
2024-05-02,5,明湖国家湿地公园,1750,wetland,13.2,17.4,10.0,1.9,0.0,51,小雨,1,劳动节,0,5,4,1.0,0.971,3.36,1.1,3062
2024-05-03,1,梅花山风景区,2400,mountain,15.4,21.9,11.5,19.9,0.0,63,中雨,1,劳动节,0,5,5,0.55,1.08,3.2,1.1,3104
2024-05-03,2,玉舍国家森林公园,2300,forest,15.4,21.9,11.5,19.9,0.0,63,中雨,1,劳动节,0,5,5,0.55,1.077,3.2,1.1,2498
2024-05-03,3,乌蒙大草原,2857,grassland,15.4,21.9,11.5,19.9,0.0,63,中雨,1,劳动节,0,5,5,0.55,1.095,3.2,1.1,3645
2024-05-03,4,水城古镇,1800,ancient_town,15.4,21.9,11.5,19.9,0.0,63,中雨,1,劳动节,0,5,5,0.865,1.06,3.68,1.1,3668
2024-05-03,5,明湖国家湿地公园,1750,wetland,15.4,21.9,11.5,19.9,0.0,63,中雨,1,劳动节,0,5,5,0.44,1.058,3.36,1.1,1490
2024-05-04,1,梅花山风景区,2400,mountain,13.0,17.4,10.5,1.6,0.0,53,中雨,1,劳动节,1,5,6,1.0,0.96,3.2,1.1,5067
2024-05-04,2,玉舍国家森林公园,2300,forest,13.0,17.4,10.5,1.6,0.0,53,中雨,1,劳动节,1,5,6,1.0,0.962,3.2,1.1,4165
2024-05-04,3,乌蒙大草原,2857,grassland,13.0,17.4,10.5,1.6,0.0,53,中雨,1,劳动节,1,5,6,1.0,0.952,3.2,1.1,6088
2024-05-04,4,水城古镇,1800,ancient_town,13.0,17.4,10.5,1.6,0.0,53,中雨,1,劳动节,1,5,6,1.0,0.97,3.68,1.1,4019
2024-05-04,5,明湖国家湿地公园,1750,wetland,13.0,17.4,10.5,1.6,0.0,53,中雨,1,劳动节,1,5,6,1.0,0.971,3.36,1.1,2962
2024-05-05,1,梅花山风景区,2400,mountain,14.8,22.0,7.8,2.9,0.0,61,小雨,1,劳动节,1,5,7,0.8,0.96,3.2,1.1,3978
2024-05-05,2,玉舍国家森林公园,2300,forest,14.8,22.0,7.8,2.9,0.0,61,小雨,1,劳动节,1,5,7,0.8,0.962,3.2,1.1,3294
2024-05-05,3,乌蒙大草原,2857,grassland,14.8,22.0,7.8,2.9,0.0,61,小雨,1,劳动节,1,5,7,0.8,0.952,3.2,1.1,4982
2024-05-05,4,水城古镇,1800,ancient_town,14.8,22.0,7.8,2.9,0.0,61,小雨,1,劳动节,1,5,7,0.94,0.97,3.68,1.1,3396
2024-05-05,5,明湖国家湿地公园,1750,wetland,14.8,22.0,7.8,2.9,0.0,61,小雨,1,劳动节,1,5,7,0.64,0.971,3.36,1.1,2083
2024-05-06,1,梅花山风景区,2400,mountain,16.0,22.0,12.6,17.5,0.0,63,中雨,0,,0,0,1,0.55,1.08,1.0,1.1,1039
2024-05-06,2,玉舍国家森林公园,2300,forest,16.0,22.0,12.6,17.5,0.0,63,中雨,0,,0,0,1,0.55,1.077,1.0,1.1,774
2024-05-06,3,乌蒙大草原,2857,grassland,16.0,22.0,12.6,17.5,0.0,63,中雨,0,,0,0,1,0.55,1.095,1.0,1.1,1187
2024-05-06,4,水城古镇,1800,ancient_town,16.0,22.0,12.6,17.5,0.0,63,中雨,0,,0,0,1,0.865,1.06,1.0,1.1,1031
2024-05-06,5,明湖国家湿地公园,1750,wetland,16.0,22.0,12.6,17.5,0.0,63,中雨,0,,0,0,1,0.44,1.058,1.0,1.1,466
2024-05-07,1,梅花山风景区,2400,mountain,16.2,20.7,13.4,9.7,0.0,63,中雨,0,,0,0,2,0.8,1.08,1.0,1.1,1473
2024-05-07,2,玉舍国家森林公园,2300,forest,16.2,20.7,13.4,9.7,0.0,63,中雨,0,,0,0,2,0.8,1.077,1.0,1.1,1141
2024-05-07,3,乌蒙大草原,2857,grassland,16.2,20.7,13.4,9.7,0.0,63,中雨,0,,0,0,2,0.8,1.095,1.0,1.1,1748
2024-05-07,4,水城古镇,1800,ancient_town,16.2,20.7,13.4,9.7,0.0,63,中雨,0,,0,0,2,0.94,1.06,1.0,1.1,1053
2024-05-07,5,明湖国家湿地公园,1750,wetland,16.2,20.7,13.4,9.7,0.0,63,中雨,0,,0,0,2,0.64,1.058,1.0,1.1,664
2024-05-08,1,梅花山风景区,2400,mountain,14.8,17.5,13.5,22.6,0.0,63,中雨,0,,0,0,3,0.3,0.96,1.0,1.1,504
2024-05-08,2,玉舍国家森林公园,2300,forest,14.8,17.5,13.5,22.6,0.0,63,中雨,0,,0,0,3,0.3,0.962,1.0,1.1,376
2024-05-08,3,乌蒙大草原,2857,grassland,14.8,17.5,13.5,22.6,0.0,63,中雨,0,,0,0,3,0.3,0.952,1.0,1.1,560
2024-05-08,4,水城古镇,1800,ancient_town,14.8,17.5,13.5,22.6,0.0,63,中雨,0,,0,0,3,0.79,0.97,1.0,1.1,822
2024-05-08,5,明湖国家湿地公园,1750,wetland,14.8,17.5,13.5,22.6,0.0,63,中雨,0,,0,0,3,0.24,0.971,1.0,1.1,239
2024-05-09,1,梅花山风景区,2400,mountain,15.9,21.1,13.2,6.2,0.0,61,小雨,0,,0,0,4,0.8,1.08,1.0,1.1,1364
2024-05-09,2,玉舍国家森林公园,2300,forest,15.9,21.1,13.2,6.2,0.0,61,小雨,0,,0,0,4,0.8,1.077,1.0,1.1,1188
2024-05-09,3,乌蒙大草原,2857,grassland,15.9,21.1,13.2,6.2,0.0,61,小雨,0,,0,0,4,0.8,1.095,1.0,1.1,1653
2024-05-09,4,水城古镇,1800,ancient_town,15.9,21.1,13.2,6.2,0.0,61,小雨,0,,0,0,4,0.94,1.06,1.0,1.1,1038
2024-05-09,5,明湖国家湿地公园,1750,wetland,15.9,21.1,13.2,6.2,0.0,61,小雨,0,,0,0,4,0.64,1.058,1.0,1.1,677
2024-05-10,1,梅花山风景区,2400,mountain,18.8,25.0,14.7,0.5,0.0,51,小雨,0,,0,0,5,1.0,1.08,1.0,1.1,1793
2024-05-10,2,玉舍国家森林公园,2300,forest,18.8,25.0,14.7,0.5,0.0,51,小雨,0,,0,0,5,1.0,1.077,1.0,1.1,1442
2024-05-10,3,乌蒙大草原,2857,grassland,18.8,25.0,14.7,0.5,0.0,51,小雨,0,,0,0,5,1.0,1.095,1.0,1.1,2283
2024-05-10,4,水城古镇,1800,ancient_town,18.8,25.0,14.7,0.5,0.0,51,小雨,0,,0,0,5,1.0,1.06,1.0,1.1,1141
2024-05-10,5,明湖国家湿地公园,1750,wetland,18.8,25.0,14.7,0.5,0.0,51,小雨,0,,0,0,5,1.0,1.058,1.0,1.1,1070
2024-05-11,1,梅花山风景区,2400,mountain,15.2,18.9,11.7,3.2,0.0,61,小雨,0,,1,0,6,0.8,1.08,1.6,1.1,2177
2024-05-11,2,玉舍国家森林公园,2300,forest,15.2,18.9,11.7,3.2,0.0,61,小雨,0,,1,0,6,0.8,1.077,1.6,1.1,1933
2024-05-11,3,乌蒙大草原,2857,grassland,15.2,18.9,11.7,3.2,0.0,61,小雨,0,,1,0,6,0.8,1.095,1.6,1.1,2863
2024-05-11,4,水城古镇,1800,ancient_town,15.2,18.9,11.7,3.2,0.0,61,小雨,0,,1,0,6,0.94,1.06,1.6,1.1,1800
2024-05-11,5,明湖国家湿地公园,1750,wetland,15.2,18.9,11.7,3.2,0.0,61,小雨,0,,1,0,6,0.64,1.058,1.6,1.1,1082
2024-05-12,1,梅花山风景区,2400,mountain,14.7,19.1,10.4,0.7,0.0,51,小雨,0,,1,0,7,1.0,0.96,1.6,1.1,2434
2024-05-12,2,玉舍国家森林公园,2300,forest,14.7,19.1,10.4,0.7,0.0,51,小雨,0,,1,0,7,1.0,0.962,1.6,1.1,1997
2024-05-12,3,乌蒙大草原,2857,grassland,14.7,19.1,10.4,0.7,0.0,51,小雨,0,,1,0,7,1.0,0.952,1.6,1.1,3092
2024-05-12,4,水城古镇,1800,ancient_town,14.7,19.1,10.4,0.7,0.0,51,小雨,0,,1,0,7,1.0,0.97,1.6,1.1,1705
2024-05-12,5,明湖国家湿地公园,1750,wetland,14.7,19.1,10.4,0.7,0.0,51,小雨,0,,1,0,7,1.0,0.971,1.6,1.1,1547
2024-05-13,1,梅花山风景区,2400,mountain,15.0,21.0,8.3,0.0,0.0,3,阴,0,,0,0,1,1.0,1.08,1.0,1.1,1660
2024-05-13,2,玉舍国家森林公园,2300,forest,15.0,21.0,8.3,0.0,0.0,3,阴,0,,0,0,1,1.0,1.077,1.0,1.1,1434
2024-05-13,3,乌蒙大草原,2857,grassland,15.0,21.0,8.3,0.0,0.0,3,阴,0,,0,0,1,1.0,1.095,1.0,1.1,2093
2024-05-13,4,水城古镇,1800,ancient_town,15.0,21.0,8.3,0.0,0.0,3,阴,0,,0,0,1,1.0,1.06,1.0,1.1,1102
2024-05-13,5,明湖国家湿地公园,1750,wetland,15.0,21.0,8.3,0.0,0.0,3,阴,0,,0,0,1,1.0,1.058,1.0,1.1,1039
2024-05-14,1,梅花山风景区,2400,mountain,16.6,23.1,11.2,6.6,0.0,61,小雨,0,,0,0,2,0.8,1.08,1.0,1.1,1293
2024-05-14,2,玉舍国家森林公园,2300,forest,16.6,23.1,11.2,6.6,0.0,61,小雨,0,,0,0,2,0.8,1.077,1.0,1.1,1176
2024-05-14,3,乌蒙大草原,2857,grassland,16.6,23.1,11.2,6.6,0.0,61,小雨,0,,0,0,2,0.8,1.095,1.0,1.1,1808
2024-05-14,4,水城古镇,1800,ancient_town,16.6,23.1,11.2,6.6,0.0,61,小雨,0,,0,0,2,0.94,1.06,1.0,1.1,1093
2024-05-14,5,明湖国家湿地公园,1750,wetland,16.6,23.1,11.2,6.6,0.0,61,小雨,0,,0,0,2,0.64,1.058,1.0,1.1,637
2024-05-15,1,梅花山风景区,2400,mountain,16.3,18.9,14.3,12.5,0.0,63,中雨,0,,0,0,3,0.55,1.08,1.0,1.1,933
2024-05-15,2,玉舍国家森林公园,2300,forest,16.3,18.9,14.3,12.5,0.0,63,中雨,0,,0,0,3,0.55,1.077,1.0,1.1,775
2024-05-15,3,乌蒙大草原,2857,grassland,16.3,18.9,14.3,12.5,0.0,63,中雨,0,,0,0,3,0.55,1.095,1.0,1.1,1048
2024-05-15,4,水城古镇,1800,ancient_town,16.3,18.9,14.3,12.5,0.0,63,中雨,0,,0,0,3,0.865,1.06,1.0,1.1,1017
2024-05-15,5,明湖国家湿地公园,1750,wetland,16.3,18.9,14.3,12.5,0.0,63,中雨,0,,0,0,3,0.44,1.058,1.0,1.1,476
2024-05-16,1,梅花山风景区,2400,mountain,16.9,21.3,13.3,3.5,0.0,55,大雨,0,,0,0,4,0.8,1.08,1.0,1.1,1403
2024-05-16,2,玉舍国家森林公园,2300,forest,16.9,21.3,13.3,3.5,0.0,55,大雨,0,,0,0,4,0.8,1.077,1.0,1.1,1108
2024-05-16,3,乌蒙大草原,2857,grassland,16.9,21.3,13.3,3.5,0.0,55,大雨,0,,0,0,4,0.8,1.095,1.0,1.1,1750
2024-05-16,4,水城古镇,1800,ancient_town,16.9,21.3,13.3,3.5,0.0,55,大雨,0,,0,0,4,0.94,1.06,1.0,1.1,1115
2024-05-16,5,明湖国家湿地公园,1750,wetland,16.9,21.3,13.3,3.5,0.0,55,大雨,0,,0,0,4,0.64,1.058,1.0,1.1,707
2024-05-17,1,梅花山风景区,2400,mountain,17.4,21.3,15.4,17.0,0.0,63,中雨,0,,0,0,5,0.55,1.08,1.0,1.1,981
2024-05-17,2,玉舍国家森林公园,2300,forest,17.4,21.3,15.4,17.0,0.0,63,中雨,0,,0,0,5,0.55,1.077,1.0,1.1,754
2024-05-17,3,乌蒙大草原,2857,grassland,17.4,21.3,15.4,17.0,0.0,63,中雨,0,,0,0,5,0.55,1.095,1.0,1.1,1165
2024-05-17,4,水城古镇,1800,ancient_town,17.4,21.3,15.4,17.0,0.0,63,中雨,0,,0,0,5,0.865,1.06,1.0,1.1,1017
2024-05-17,5,明湖国家湿地公园,1750,wetland,17.4,21.3,15.4,17.0,0.0,63,中雨,0,,0,0,5,0.44,1.058,1.0,1.1,496
2024-05-18,1,梅花山风景区,2400,mountain,17.6,22.7,15.3,14.8,0.0,63,中雨,0,,1,0,6,0.55,1.08,1.6,1.1,1543
2024-05-18,2,玉舍国家森林公园,2300,forest,17.6,22.7,15.3,14.8,0.0,63,中雨,0,,1,0,6,0.55,1.077,1.6,1.1,1184
2024-05-18,3,乌蒙大草原,2857,grassland,17.6,22.7,15.3,14.8,0.0,63,中雨,0,,1,0,6,0.55,1.095,1.6,1.1,1825
2024-05-18,4,水城古镇,1800,ancient_town,17.6,22.7,15.3,14.8,0.0,63,中雨,0,,1,0,6,0.865,1.06,1.6,1.1,1444
2024-05-18,5,明湖国家湿地公园,1750,wetland,17.6,22.7,15.3,14.8,0.0,63,中雨,0,,1,0,6,0.44,1.058,1.6,1.1,749
2024-05-19,1,梅花山风景区,2400,mountain,17.2,21.6,14.4,5.0,0.0,61,小雨,0,,1,0,7,0.8,1.08,1.6,1.1,2125
2024-05-19,2,玉舍国家森林公园,2300,forest,17.2,21.6,14.4,5.0,0.0,61,小雨,0,,1,0,7,0.8,1.077,1.6,1.1,1706
2024-05-19,3,乌蒙大草原,2857,grassland,17.2,21.6,14.4,5.0,0.0,61,小雨,0,,1,0,7,0.8,1.095,1.6,1.1,2501
2024-05-19,4,水城古镇,1800,ancient_town,17.2,21.6,14.4,5.0,0.0,61,小雨,0,,1,0,7,0.94,1.06,1.6,1.1,1655
2024-05-19,5,明湖国家湿地公园,1750,wetland,17.2,21.6,14.4,5.0,0.0,61,小雨,0,,1,0,7,0.64,1.058,1.6,1.1,1103
2024-05-20,1,梅花山风景区,2400,mountain,17.0,21.2,13.2,0.0,0.0,3,阴,0,,0,0,1,1.0,1.08,1.0,1.1,1665
2024-05-20,2,玉舍国家森林公园,2300,forest,17.0,21.2,13.2,0.0,0.0,3,阴,0,,0,0,1,1.0,1.077,1.0,1.1,1296
2024-05-20,3,乌蒙大草原,2857,grassland,17.0,21.2,13.2,0.0,0.0,3,阴,0,,0,0,1,1.0,1.095,1.0,1.1,2187
2024-05-20,4,水城古镇,1800,ancient_town,17.0,21.2,13.2,0.0,0.0,3,阴,0,,0,0,1,1.0,1.06,1.0,1.1,1146
2024-05-20,5,明湖国家湿地公园,1750,wetland,17.0,21.2,13.2,0.0,0.0,3,阴,0,,0,0,1,1.0,1.058,1.0,1.1,1070
2024-05-21,1,梅花山风景区,2400,mountain,16.5,21.7,11.4,0.5,0.0,51,小雨,0,,0,0,2,1.0,1.08,1.0,1.1,1847
2024-05-21,2,玉舍国家森林公园,2300,forest,16.5,21.7,11.4,0.5,0.0,51,小雨,0,,0,0,2,1.0,1.077,1.0,1.1,1420
2024-05-21,3,乌蒙大草原,2857,grassland,16.5,21.7,11.4,0.5,0.0,51,小雨,0,,0,0,2,1.0,1.095,1.0,1.1,2027
2024-05-21,4,水城古镇,1800,ancient_town,16.5,21.7,11.4,0.5,0.0,51,小雨,0,,0,0,2,1.0,1.06,1.0,1.1,1158
2024-05-21,5,明湖国家湿地公园,1750,wetland,16.5,21.7,11.4,0.5,0.0,51,小雨,0,,0,0,2,1.0,1.058,1.0,1.1,1073
2024-05-22,1,梅花山风景区,2400,mountain,17.0,22.8,10.2,0.3,0.0,51,小雨,0,,0,0,3,1.0,1.08,1.0,1.1,1730
2024-05-22,2,玉舍国家森林公园,2300,forest,17.0,22.8,10.2,0.3,0.0,51,小雨,0,,0,0,3,1.0,1.077,1.0,1.1,1319
2024-05-22,3,乌蒙大草原,2857,grassland,17.0,22.8,10.2,0.3,0.0,51,小雨,0,,0,0,3,1.0,1.095,1.0,1.1,2288
2024-05-22,4,水城古镇,1800,ancient_town,17.0,22.8,10.2,0.3,0.0,51,小雨,0,,0,0,3,1.0,1.06,1.0,1.1,1141
2024-05-22,5,明湖国家湿地公园,1750,wetland,17.0,22.8,10.2,0.3,0.0,51,小雨,0,,0,0,3,1.0,1.058,1.0,1.1,1026
2024-05-23,1,梅花山风景区,2400,mountain,18.0,24.3,10.9,0.5,0.0,51,小雨,0,,0,0,4,1.0,1.08,1.0,1.1,1783
2024-05-23,2,玉舍国家森林公园,2300,forest,18.0,24.3,10.9,0.5,0.0,51,小雨,0,,0,0,4,1.0,1.077,1.0,1.1,1494
2024-05-23,3,乌蒙大草原,2857,grassland,18.0,24.3,10.9,0.5,0.0,51,小雨,0,,0,0,4,1.0,1.095,1.0,1.1,2197
2024-05-23,4,水城古镇,1800,ancient_town,18.0,24.3,10.9,0.5,0.0,51,小雨,0,,0,0,4,1.0,1.06,1.0,1.1,1146
2024-05-23,5,明湖国家湿地公园,1750,wetland,18.0,24.3,10.9,0.5,0.0,51,小雨,0,,0,0,4,1.0,1.058,1.0,1.1,1083
2024-05-24,1,梅花山风景区,2400,mountain,19.2,25.5,12.2,1.9,0.0,53,中雨,0,,0,0,5,1.0,1.08,1.0,1.1,1973
2024-05-24,2,玉舍国家森林公园,2300,forest,19.2,25.5,12.2,1.9,0.0,53,中雨,0,,0,0,5,1.0,1.077,1.0,1.1,1519
2024-05-24,3,乌蒙大草原,2857,grassland,19.2,25.5,12.2,1.9,0.0,53,中雨,0,,0,0,5,1.0,1.095,1.0,1.1,2241
2024-05-24,4,水城古镇,1800,ancient_town,19.2,25.5,12.2,1.9,0.0,53,中雨,0,,0,0,5,1.0,1.06,1.0,1.1,1100
2024-05-24,5,明湖国家湿地公园,1750,wetland,19.2,25.5,12.2,1.9,0.0,53,中雨,0,,0,0,5,1.0,1.058,1.0,1.1,1244
2024-05-25,1,梅花山风景区,2400,mountain,19.6,25.6,13.9,1.6,0.0,61,小雨,0,,1,0,6,1.0,1.08,1.6,1.1,2680
2024-05-25,2,玉舍国家森林公园,2300,forest,19.6,25.6,13.9,1.6,0.0,61,小雨,0,,1,0,6,1.0,1.077,1.6,1.1,2231
2024-05-25,3,乌蒙大草原,2857,grassland,19.6,25.6,13.9,1.6,0.0,61,小雨,0,,1,0,6,1.0,1.095,1.6,1.1,3348
2024-05-25,4,水城古镇,1800,ancient_town,19.6,25.6,13.9,1.6,0.0,61,小雨,0,,1,0,6,1.0,1.06,1.6,1.1,2017
2024-05-25,5,明湖国家湿地公园,1750,wetland,19.6,25.6,13.9,1.6,0.0,61,小雨,0,,1,0,6,1.0,1.058,1.6,1.1,1711
2024-05-26,1,梅花山风景区,2400,mountain,20.4,24.9,16.1,1.4,0.0,51,小雨,0,,1,0,7,1.0,1.08,1.6,1.1,2647
2024-05-26,2,玉舍国家森林公园,2300,forest,20.4,24.9,16.1,1.4,0.0,51,小雨,0,,1,0,7,1.0,1.077,1.6,1.1,2304
2024-05-26,3,乌蒙大草原,2857,grassland,20.4,24.9,16.1,1.4,0.0,51,小雨,0,,1,0,7,1.0,1.095,1.6,1.1,3564
2024-05-26,4,水城古镇,1800,ancient_town,20.4,24.9,16.1,1.4,0.0,51,小雨,0,,1,0,7,1.0,1.06,1.6,1.1,1835
2024-05-26,5,明湖国家湿地公园,1750,wetland,20.4,24.9,16.1,1.4,0.0,51,小雨,0,,1,0,7,1.0,1.058,1.6,1.1,1574
2024-05-27,1,梅花山风景区,2400,mountain,20.2,25.0,16.2,1.4,0.0,53,中雨,0,,0,0,1,1.0,1.08,1.0,1.1,1717
2024-05-27,2,玉舍国家森林公园,2300,forest,20.2,25.0,16.2,1.4,0.0,53,中雨,0,,0,0,1,1.0,1.077,1.0,1.1,1390
2024-05-27,3,乌蒙大草原,2857,grassland,20.2,25.0,16.2,1.4,0.0,53,中雨,0,,0,0,1,1.0,1.095,1.0,1.1,2171
2024-05-27,4,水城古镇,1800,ancient_town,20.2,25.0,16.2,1.4,0.0,53,中雨,0,,0,0,1,1.0,1.06,1.0,1.1,1135
2024-05-27,5,明湖国家湿地公园,1750,wetland,20.2,25.0,16.2,1.4,0.0,53,中雨,0,,0,0,1,1.0,1.058,1.0,1.1,1086
2024-05-28,1,梅花山风景区,2400,mountain,18.8,22.1,16.8,12.1,0.0,63,中雨,0,,0,0,2,0.55,1.08,1.0,1.1,933
2024-05-28,2,玉舍国家森林公园,2300,forest,18.8,22.1,16.8,12.1,0.0,63,中雨,0,,0,0,2,0.55,1.077,1.0,1.1,713
2024-05-28,3,乌蒙大草原,2857,grassland,18.8,22.1,16.8,12.1,0.0,63,中雨,0,,0,0,2,0.55,1.095,1.0,1.1,1148
2024-05-28,4,水城古镇,1800,ancient_town,18.8,22.1,16.8,12.1,0.0,63,中雨,0,,0,0,2,0.865,1.06,1.0,1.1,1076
2024-05-28,5,明湖国家湿地公园,1750,wetland,18.8,22.1,16.8,12.1,0.0,63,中雨,0,,0,0,2,0.44,1.058,1.0,1.1,447
2024-05-29,1,梅花山风景区,2400,mountain,20.0,26.0,15.6,18.4,0.0,63,中雨,0,,0,0,3,0.55,1.08,1.0,1.1,1094
2024-05-29,2,玉舍国家森林公园,2300,forest,20.0,26.0,15.6,18.4,0.0,63,中雨,0,,0,0,3,0.55,1.077,1.0,1.1,800
2024-05-29,3,乌蒙大草原,2857,grassland,20.0,26.0,15.6,18.4,0.0,63,中雨,0,,0,0,3,0.55,1.095,1.0,1.1,1123
2024-05-29,4,水城古镇,1800,ancient_town,20.0,26.0,15.6,18.4,0.0,63,中雨,0,,0,0,3,0.865,1.06,1.0,1.1,966
2024-05-29,5,明湖国家湿地公园,1750,wetland,20.0,26.0,15.6,18.4,0.0,63,中雨,0,,0,0,3,0.44,1.058,1.0,1.1,466
2024-05-30,1,梅花山风景区,2400,mountain,15.0,18.6,12.3,0.6,0.0,51,小雨,0,,0,0,4,1.0,1.08,1.0,1.1,1677
2024-05-30,2,玉舍国家森林公园,2300,forest,15.0,18.6,12.3,0.6,0.0,51,小雨,0,,0,0,4,1.0,1.077,1.0,1.1,1589
2024-05-30,3,乌蒙大草原,2857,grassland,15.0,18.6,12.3,0.6,0.0,51,小雨,0,,0,0,4,1.0,1.095,1.0,1.1,2061
2024-05-30,4,水城古镇,1800,ancient_town,15.0,18.6,12.3,0.6,0.0,51,小雨,0,,0,0,4,1.0,1.06,1.0,1.1,1205
2024-05-30,5,明湖国家湿地公园,1750,wetland,15.0,18.6,12.3,0.6,0.0,51,小雨,0,,0,0,4,1.0,1.058,1.0,1.1,1124
2024-05-31,1,梅花山风景区,2400,mountain,16.4,21.4,11.7,0.0,0.0,3,阴,0,,0,0,5,1.0,1.08,1.0,1.1,1772
2024-05-31,2,玉舍国家森林公园,2300,forest,16.4,21.4,11.7,0.0,0.0,3,阴,0,,0,0,5,1.0,1.077,1.0,1.1,1350
2024-05-31,3,乌蒙大草原,2857,grassland,16.4,21.4,11.7,0.0,0.0,3,阴,0,,0,0,5,1.0,1.095,1.0,1.1,2138
2024-05-31,4,水城古镇,1800,ancient_town,16.4,21.4,11.7,0.0,0.0,3,阴,0,,0,0,5,1.0,1.06,1.0,1.1,1187
2024-05-31,5,明湖国家湿地公园,1750,wetland,16.4,21.4,11.7,0.0,0.0,3,阴,0,,0,0,5,1.0,1.058,1.0,1.1,1093
2024-06-01,1,梅花山风景区,2400,mountain,17.1,22.1,11.6,0.0,0.0,3,阴,0,,1,0,6,1.0,1.08,1.6,1.2,3119
2024-06-01,2,玉舍国家森林公园,2300,forest,17.1,22.1,11.6,0.0,0.0,3,阴,0,,1,0,6,1.0,1.077,1.6,1.2,2306
2024-06-01,3,乌蒙大草原,2857,grassland,17.1,22.1,11.6,0.0,0.0,3,阴,0,,1,0,6,1.0,1.095,1.6,1.2,3793
2024-06-01,4,水城古镇,1800,ancient_town,17.1,22.1,11.6,0.0,0.0,3,阴,0,,1,0,6,1.0,1.06,1.6,1.2,1966
2024-06-01,5,明湖国家湿地公园,1750,wetland,17.1,22.1,11.6,0.0,0.0,3,阴,0,,1,0,6,1.0,1.058,1.6,1.2,1629
2024-06-02,1,梅花山风景区,2400,mountain,17.8,22.6,14.6,12.1,0.0,63,中雨,0,,1,0,7,0.55,1.08,1.6,1.2,1651
2024-06-02,2,玉舍国家森林公园,2300,forest,17.8,22.6,14.6,12.1,0.0,63,中雨,0,,1,0,7,0.55,1.077,1.6,1.2,1266
2024-06-02,3,乌蒙大草原,2857,grassland,17.8,22.6,14.6,12.1,0.0,63,中雨,0,,1,0,7,0.55,1.095,1.6,1.2,2142
2024-06-02,4,水城古镇,1800,ancient_town,17.8,22.6,14.6,12.1,0.0,63,中雨,0,,1,0,7,0.865,1.06,1.6,1.2,1931
2024-06-02,5,明湖国家湿地公园,1750,wetland,17.8,22.6,14.6,12.1,0.0,63,中雨,0,,1,0,7,0.44,1.058,1.6,1.2,879
2024-06-03,1,梅花山风景区,2400,mountain,15.9,18.8,14.0,23.4,0.0,63,中雨,0,,0,0,1,0.3,1.08,1.0,1.2,566
2024-06-03,2,玉舍国家森林公园,2300,forest,15.9,18.8,14.0,23.4,0.0,63,中雨,0,,0,0,1,0.3,1.077,1.0,1.2,454
2024-06-03,3,乌蒙大草原,2857,grassland,15.9,18.8,14.0,23.4,0.0,63,中雨,0,,0,0,1,0.3,1.095,1.0,1.2,734
2024-06-03,4,水城古镇,1800,ancient_town,15.9,18.8,14.0,23.4,0.0,63,中雨,0,,0,0,1,0.79,1.06,1.0,1.2,1058
2024-06-03,5,明湖国家湿地公园,1750,wetland,15.9,18.8,14.0,23.4,0.0,63,中雨,0,,0,0,1,0.24,1.058,1.0,1.2,268
2024-06-04,1,梅花山风景区,2400,mountain,15.9,18.4,14.4,9.5,0.0,61,小雨,0,,0,0,2,0.8,1.08,1.0,1.2,1544
2024-06-04,2,玉舍国家森林公园,2300,forest,15.9,18.4,14.4,9.5,0.0,61,小雨,0,,0,0,2,0.8,1.077,1.0,1.2,1377
2024-06-04,3,乌蒙大草原,2857,grassland,15.9,18.4,14.4,9.5,0.0,61,小雨,0,,0,0,2,0.8,1.095,1.0,1.2,1882
2024-06-04,4,水城古镇,1800,ancient_town,15.9,18.4,14.4,9.5,0.0,61,小雨,0,,0,0,2,0.94,1.06,1.0,1.2,1166
2024-06-04,5,明湖国家湿地公园,1750,wetland,15.9,18.4,14.4,9.5,0.0,61,小雨,0,,0,0,2,0.64,1.058,1.0,1.2,735
2024-06-05,1,梅花山风景区,2400,mountain,16.4,21.2,13.3,5.5,0.0,61,小雨,0,,0,0,3,0.8,1.08,1.0,1.2,1600
2024-06-05,2,玉舍国家森林公园,2300,forest,16.4,21.2,13.3,5.5,0.0,61,小雨,0,,0,0,3,0.8,1.077,1.0,1.2,1176
2024-06-05,3,乌蒙大草原,2857,grassland,16.4,21.2,13.3,5.5,0.0,61,小雨,0,,0,0,3,0.8,1.095,1.0,1.2,1869
2024-06-05,4,水城古镇,1800,ancient_town,16.4,21.2,13.3,5.5,0.0,61,小雨,0,,0,0,3,0.94,1.06,1.0,1.2,1125
2024-06-05,5,明湖国家湿地公园,1750,wetland,16.4,21.2,13.3,5.5,0.0,61,小雨,0,,0,0,3,0.64,1.058,1.0,1.2,721
2024-06-06,1,梅花山风景区,2400,mountain,18.3,23.9,12.5,0.2,0.0,51,小雨,0,,0,0,4,1.0,1.08,1.0,1.2,2126
2024-06-06,2,玉舍国家森林公园,2300,forest,18.3,23.9,12.5,0.2,0.0,51,小雨,0,,0,0,4,1.0,1.077,1.0,1.2,1607
2024-06-06,3,乌蒙大草原,2857,grassland,18.3,23.9,12.5,0.2,0.0,51,小雨,0,,0,0,4,1.0,1.095,1.0,1.2,2354
2024-06-06,4,水城古镇,1800,ancient_town,18.3,23.9,12.5,0.2,0.0,51,小雨,0,,0,0,4,1.0,1.06,1.0,1.2,1212
2024-06-06,5,明湖国家湿地公园,1750,wetland,18.3,23.9,12.5,0.2,0.0,51,小雨,0,,0,0,4,1.0,1.058,1.0,1.2,1125
2024-06-07,1,梅花山风景区,2400,mountain,17.9,20.8,16.0,37.0,0.0,63,中雨,0,,0,0,5,0.3,1.08,1.0,1.2,613
2024-06-07,2,玉舍国家森林公园,2300,forest,17.9,20.8,16.0,37.0,0.0,63,中雨,0,,0,0,5,0.3,1.077,1.0,1.2,452
2024-06-07,3,乌蒙大草原,2857,grassland,17.9,20.8,16.0,37.0,0.0,63,中雨,0,,0,0,5,0.3,1.095,1.0,1.2,761
2024-06-07,4,水城古镇,1800,ancient_town,17.9,20.8,16.0,37.0,0.0,63,中雨,0,,0,0,5,0.79,1.06,1.0,1.2,935
2024-06-07,5,明湖国家湿地公园,1750,wetland,17.9,20.8,16.0,37.0,0.0,63,中雨,0,,0,0,5,0.24,1.058,1.0,1.2,270
2024-06-08,1,梅花山风景区,2400,mountain,17.5,22.3,15.0,12.7,0.0,61,小雨,0,,1,0,6,0.55,1.08,1.6,1.2,1859
2024-06-08,2,玉舍国家森林公园,2300,forest,17.5,22.3,15.0,12.7,0.0,61,小雨,0,,1,0,6,0.55,1.077,1.6,1.2,1227
2024-06-08,3,乌蒙大草原,2857,grassland,17.5,22.3,15.0,12.7,0.0,61,小雨,0,,1,0,6,0.55,1.095,1.6,1.2,2205
2024-06-08,4,水城古镇,1800,ancient_town,17.5,22.3,15.0,12.7,0.0,61,小雨,0,,1,0,6,0.865,1.06,1.6,1.2,1597
2024-06-08,5,明湖国家湿地公园,1750,wetland,17.5,22.3,15.0,12.7,0.0,61,小雨,0,,1,0,6,0.44,1.058,1.6,1.2,801
2024-06-09,1,梅花山风景区,2400,mountain,16.1,18.5,13.9,2.5,0.0,53,中雨,0,,1,0,7,0.8,1.08,1.6,1.2,2466
2024-06-09,2,玉舍国家森林公园,2300,forest,16.1,18.5,13.9,2.5,0.0,53,中雨,0,,1,0,7,0.8,1.077,1.6,1.2,2066
2024-06-09,3,乌蒙大草原,2857,grassland,16.1,18.5,13.9,2.5,0.0,53,中雨,0,,1,0,7,0.8,1.095,1.6,1.2,2550
2024-06-09,4,水城古镇,1800,ancient_town,16.1,18.5,13.9,2.5,0.0,53,中雨,0,,1,0,7,0.94,1.06,1.6,1.2,1729
2024-06-09,5,明湖国家湿地公园,1750,wetland,16.1,18.5,13.9,2.5,0.0,53,中雨,0,,1,0,7,0.64,1.058,1.6,1.2,1137
2024-06-10,1,梅花山风景区,2400,mountain,18.2,23.0,12.4,2.7,0.0,55,大雨,1,端午节,0,1,1,0.8,1.08,1.8,1.2,2804
2024-06-10,2,玉舍国家森林公园,2300,forest,18.2,23.0,12.4,2.7,0.0,55,大雨,1,端午节,0,1,1,0.8,1.077,1.8,1.2,2132
2024-06-10,3,乌蒙大草原,2857,grassland,18.2,23.0,12.4,2.7,0.0,55,大雨,1,端午节,0,1,1,0.8,1.095,1.8,1.2,3368
2024-06-10,4,水城古镇,1800,ancient_town,18.2,23.0,12.4,2.7,0.0,55,大雨,1,端午节,0,1,1,0.94,1.06,2.07,1.2,2328
2024-06-10,5,明湖国家湿地公园,1750,wetland,18.2,23.0,12.4,2.7,0.0,55,大雨,1,端午节,0,1,1,0.64,1.058,1.89,1.2,1354
2024-06-11,1,梅花山风景区,2400,mountain,19.3,23.4,16.8,10.7,0.0,63,中雨,0,,0,0,2,0.55,1.08,1.0,1.2,1023
2024-06-11,2,玉舍国家森林公园,2300,forest,19.3,23.4,16.8,10.7,0.0,63,中雨,0,,0,0,2,0.55,1.077,1.0,1.2,863
2024-06-11,3,乌蒙大草原,2857,grassland,19.3,23.4,16.8,10.7,0.0,63,中雨,0,,0,0,2,0.55,1.095,1.0,1.2,1338
2024-06-11,4,水城古镇,1800,ancient_town,19.3,23.4,16.8,10.7,0.0,63,中雨,0,,0,0,2,0.865,1.06,1.0,1.2,1179
2024-06-11,5,明湖国家湿地公园,1750,wetland,19.3,23.4,16.8,10.7,0.0,63,中雨,0,,0,0,2,0.44,1.058,1.0,1.2,486
2024-06-12,1,梅花山风景区,2400,mountain,19.2,23.8,14.2,0.0,0.0,3,阴,0,,0,0,3,1.0,1.08,1.0,1.2,1913
2024-06-12,2,玉舍国家森林公园,2300,forest,19.2,23.8,14.2,0.0,0.0,3,阴,0,,0,0,3,1.0,1.077,1.0,1.2,1554
2024-06-12,3,乌蒙大草原,2857,grassland,19.2,23.8,14.2,0.0,0.0,3,阴,0,,0,0,3,1.0,1.095,1.0,1.2,2330
2024-06-12,4,水城古镇,1800,ancient_town,19.2,23.8,14.2,0.0,0.0,3,阴,0,,0,0,3,1.0,1.06,1.0,1.2,1268
2024-06-12,5,明湖国家湿地公园,1750,wetland,19.2,23.8,14.2,0.0,0.0,3,阴,0,,0,0,3,1.0,1.058,1.0,1.2,1053
2024-06-13,1,梅花山风景区,2400,mountain,19.1,23.9,14.8,18.9,0.0,63,中雨,0,,0,0,4,0.55,1.08,1.0,1.2,1089
2024-06-13,2,玉舍国家森林公园,2300,forest,19.1,23.9,14.8,18.9,0.0,63,中雨,0,,0,0,4,0.55,1.077,1.0,1.2,813
2024-06-13,3,乌蒙大草原,2857,grassland,19.1,23.9,14.8,18.9,0.0,63,中雨,0,,0,0,4,0.55,1.095,1.0,1.2,1238
2024-06-13,4,水城古镇,1800,ancient_town,19.1,23.9,14.8,18.9,0.0,63,中雨,0,,0,0,4,0.865,1.06,1.0,1.2,1012
2024-06-13,5,明湖国家湿地公园,1750,wetland,19.1,23.9,14.8,18.9,0.0,63,中雨,0,,0,0,4,0.44,1.058,1.0,1.2,532
2024-06-14,1,梅花山风景区,2400,mountain,19.9,24.2,16.0,2.0,0.0,61,小雨,0,,0,0,5,0.8,1.08,1.0,1.2,1544
2024-06-14,2,玉舍国家森林公园,2300,forest,19.9,24.2,16.0,2.0,0.0,61,小雨,0,,0,0,5,0.8,1.077,1.0,1.2,1311
2024-06-14,3,乌蒙大草原,2857,grassland,19.9,24.2,16.0,2.0,0.0,61,小雨,0,,0,0,5,0.8,1.095,1.0,1.2,1918
2024-06-14,4,水城古镇,1800,ancient_town,19.9,24.2,16.0,2.0,0.0,61,小雨,0,,0,0,5,0.94,1.06,1.0,1.2,1093
2024-06-14,5,明湖国家湿地公园,1750,wetland,19.9,24.2,16.0,2.0,0.0,61,小雨,0,,0,0,5,0.64,1.058,1.0,1.2,691
2024-06-15,1,梅花山风景区,2400,mountain,19.9,26.7,13.8,0.3,0.0,51,小雨,0,,1,0,6,1.0,1.08,1.6,1.2,3228
2024-06-15,2,玉舍国家森林公园,2300,forest,19.9,26.7,13.8,0.3,0.0,51,小雨,0,,1,0,6,1.0,1.077,1.6,1.2,2385
2024-06-15,3,乌蒙大草原,2857,grassland,19.9,26.7,13.8,0.3,0.0,51,小雨,0,,1,0,6,1.0,1.095,1.6,1.2,3578
2024-06-15,4,水城古镇,1800,ancient_town,19.9,26.7,13.8,0.3,0.0,51,小雨,0,,1,0,6,1.0,1.06,1.6,1.2,2016
2024-06-15,5,明湖国家湿地公园,1750,wetland,19.9,26.7,13.8,0.3,0.0,51,小雨,0,,1,0,6,1.0,1.058,1.6,1.2,1812
2024-06-16,1,梅花山风景区,2400,mountain,20.3,26.4,15.1,27.6,0.0,65,大雨,0,,1,0,7,0.3,1.08,1.6,1.2,885
2024-06-16,2,玉舍国家森林公园,2300,forest,20.3,26.4,15.1,27.6,0.0,65,大雨,0,,1,0,7,0.3,1.077,1.6,1.2,732
2024-06-16,3,乌蒙大草原,2857,grassland,20.3,26.4,15.1,27.6,0.0,65,大雨,0,,1,0,7,0.3,1.095,1.6,1.2,1108
2024-06-16,4,水城古镇,1800,ancient_town,20.3,26.4,15.1,27.6,0.0,65,大雨,0,,1,0,7,0.79,1.06,1.6,1.2,1399
2024-06-16,5,明湖国家湿地公园,1750,wetland,20.3,26.4,15.1,27.6,0.0,65,大雨,0,,1,0,7,0.24,1.058,1.6,1.2,449
2024-06-17,1,梅花山风景区,2400,mountain,20.0,23.2,18.3,45.6,0.0,65,大雨,0,,0,0,1,0.3,1.08,1.0,1.2,559
2024-06-17,2,玉舍国家森林公园,2300,forest,20.0,23.2,18.3,45.6,0.0,65,大雨,0,,0,0,1,0.3,1.077,1.0,1.2,495
2024-06-17,3,乌蒙大草原,2857,grassland,20.0,23.2,18.3,45.6,0.0,65,大雨,0,,0,0,1,0.3,1.095,1.0,1.2,668
2024-06-17,4,水城古镇,1800,ancient_town,20.0,23.2,18.3,45.6,0.0,65,大雨,0,,0,0,1,0.79,1.06,1.0,1.2,925
2024-06-17,5,明湖国家湿地公园,1750,wetland,20.0,23.2,18.3,45.6,0.0,65,大雨,0,,0,0,1,0.24,1.058,1.0,1.2,290
2024-06-18,1,梅花山风景区,2400,mountain,18.9,23.5,16.1,13.0,0.0,63,中雨,0,,0,0,2,0.55,1.08,1.0,1.2,984
2024-06-18,2,玉舍国家森林公园,2300,forest,18.9,23.5,16.1,13.0,0.0,63,中雨,0,,0,0,2,0.55,1.077,1.0,1.2,825
2024-06-18,3,乌蒙大草原,2857,grassland,18.9,23.5,16.1,13.0,0.0,63,中雨,0,,0,0,2,0.55,1.095,1.0,1.2,1339
2024-06-18,4,水城古镇,1800,ancient_town,18.9,23.5,16.1,13.0,0.0,63,中雨,0,,0,0,2,0.865,1.06,1.0,1.2,1082
2024-06-18,5,明湖国家湿地公园,1750,wetland,18.9,23.5,16.1,13.0,0.0,63,中雨,0,,0,0,2,0.44,1.058,1.0,1.2,461
2024-06-19,1,梅花山风景区,2400,mountain,20.1,24.8,17.7,18.1,0.0,63,中雨,0,,0,0,3,0.55,1.08,1.0,1.2,1079
2024-06-19,2,玉舍国家森林公园,2300,forest,20.1,24.8,17.7,18.1,0.0,63,中雨,0,,0,0,3,0.55,1.077,1.0,1.2,844
2024-06-19,3,乌蒙大草原,2857,grassland,20.1,24.8,17.7,18.1,0.0,63,中雨,0,,0,0,3,0.55,1.095,1.0,1.2,1384
2024-06-19,4,水城古镇,1800,ancient_town,20.1,24.8,17.7,18.1,0.0,63,中雨,0,,0,0,3,0.865,1.06,1.0,1.2,1132
2024-06-19,5,明湖国家湿地公园,1750,wetland,20.1,24.8,17.7,18.1,0.0,63,中雨,0,,0,0,3,0.44,1.058,1.0,1.2,579
2024-06-20,1,梅花山风景区,2400,mountain,21.8,27.9,17.0,2.9,0.0,61,小雨,0,,0,0,4,0.8,1.08,1.0,1.2,1427
2024-06-20,2,玉舍国家森林公园,2300,forest,21.8,27.9,17.0,2.9,0.0,61,小雨,0,,0,0,4,0.8,1.077,1.0,1.2,1238
2024-06-20,3,乌蒙大草原,2857,grassland,21.8,27.9,17.0,2.9,0.0,61,小雨,0,,0,0,4,0.8,1.095,1.0,1.2,1791
2024-06-20,4,水城古镇,1800,ancient_town,21.8,27.9,17.0,2.9,0.0,61,小雨,0,,0,0,4,0.94,1.06,1.0,1.2,1264
2024-06-20,5,明湖国家湿地公园,1750,wetland,21.8,27.9,17.0,2.9,0.0,61,小雨,0,,0,0,4,0.64,1.058,1.0,1.2,761
2024-06-21,1,梅花山风景区,2400,mountain,21.1,25.4,18.8,14.0,0.0,63,中雨,0,,0,0,5,0.55,1.08,1.0,1.2,1109
2024-06-21,2,玉舍国家森林公园,2300,forest,21.1,25.4,18.8,14.0,0.0,63,中雨,0,,0,0,5,0.55,1.077,1.0,1.2,819
2024-06-21,3,乌蒙大草原,2857,grassland,21.1,25.4,18.8,14.0,0.0,63,中雨,0,,0,0,5,0.55,1.095,1.0,1.2,1252
2024-06-21,4,水城古镇,1800,ancient_town,21.1,25.4,18.8,14.0,0.0,63,中雨,0,,0,0,5,0.865,1.06,1.0,1.2,988
2024-06-21,5,明湖国家湿地公园,1750,wetland,21.1,25.4,18.8,14.0,0.0,63,中雨,0,,0,0,5,0.44,1.058,1.0,1.2,545
2024-06-22,1,梅花山风景区,2400,mountain,19.2,22.1,17.4,20.3,0.0,63,中雨,0,,1,0,6,0.3,1.08,1.6,1.2,956
2024-06-22,2,玉舍国家森林公园,2300,forest,19.2,22.1,17.4,20.3,0.0,63,中雨,0,,1,0,6,0.3,1.077,1.6,1.2,734
2024-06-22,3,乌蒙大草原,2857,grassland,19.2,22.1,17.4,20.3,0.0,63,中雨,0,,1,0,6,0.3,1.095,1.6,1.2,1188
2024-06-22,4,水城古镇,1800,ancient_town,19.2,22.1,17.4,20.3,0.0,63,中雨,0,,1,0,6,0.79,1.06,1.6,1.2,1668
2024-06-22,5,明湖国家湿地公园,1750,wetland,19.2,22.1,17.4,20.3,0.0,63,中雨,0,,1,0,6,0.24,1.058,1.6,1.2,460
2024-06-23,1,梅花山风景区,2400,mountain,19.2,23.5,16.6,24.2,0.0,65,大雨,0,,1,0,7,0.3,1.08,1.6,1.2,857
2024-06-23,2,玉舍国家森林公园,2300,forest,19.2,23.5,16.6,24.2,0.0,65,大雨,0,,1,0,7,0.3,1.077,1.6,1.2,717
2024-06-23,3,乌蒙大草原,2857,grassland,19.2,23.5,16.6,24.2,0.0,65,大雨,0,,1,0,7,0.3,1.095,1.6,1.2,1146
2024-06-23,4,水城古镇,1800,ancient_town,19.2,23.5,16.6,24.2,0.0,65,大雨,0,,1,0,7,0.79,1.06,1.6,1.2,1636
2024-06-23,5,明湖国家湿地公园,1750,wetland,19.2,23.5,16.6,24.2,0.0,65,大雨,0,,1,0,7,0.24,1.058,1.6,1.2,459
2024-06-24,1,梅花山风景区,2400,mountain,18.9,23.1,16.2,26.2,0.0,63,中雨,0,,0,0,1,0.3,1.08,1.0,1.2,553
2024-06-24,2,玉舍国家森林公园,2300,forest,18.9,23.1,16.2,26.2,0.0,63,中雨,0,,0,0,1,0.3,1.077,1.0,1.2,468
2024-06-24,3,乌蒙大草原,2857,grassland,18.9,23.1,16.2,26.2,0.0,63,中雨,0,,0,0,1,0.3,1.095,1.0,1.2,787
2024-06-24,4,水城古镇,1800,ancient_town,18.9,23.1,16.2,26.2,0.0,63,中雨,0,,0,0,1,0.79,1.06,1.0,1.2,1039
2024-06-24,5,明湖国家湿地公园,1750,wetland,18.9,23.1,16.2,26.2,0.0,63,中雨,0,,0,0,1,0.24,1.058,1.0,1.2,286
2024-06-25,1,梅花山风景区,2400,mountain,17.8,21.8,14.6,1.1,0.0,51,小雨,0,,0,0,2,1.0,1.08,1.0,1.2,1942
2024-06-25,2,玉舍国家森林公园,2300,forest,17.8,21.8,14.6,1.1,0.0,51,小雨,0,,0,0,2,1.0,1.077,1.0,1.2,1609
2024-06-25,3,乌蒙大草原,2857,grassland,17.8,21.8,14.6,1.1,0.0,51,小雨,0,,0,0,2,1.0,1.095,1.0,1.2,2579
2024-06-25,4,水城古镇,1800,ancient_town,17.8,21.8,14.6,1.1,0.0,51,小雨,0,,0,0,2,1.0,1.06,1.0,1.2,1278
2024-06-25,5,明湖国家湿地公园,1750,wetland,17.8,21.8,14.6,1.1,0.0,51,小雨,0,,0,0,2,1.0,1.058,1.0,1.2,1212
2024-06-26,1,梅花山风景区,2400,mountain,18.3,21.7,15.4,2.9,0.0,61,小雨,0,,0,0,3,0.8,1.08,1.0,1.2,1487
2024-06-26,2,玉舍国家森林公园,2300,forest,18.3,21.7,15.4,2.9,0.0,61,小雨,0,,0,0,3,0.8,1.077,1.0,1.2,1276
2024-06-26,3,乌蒙大草原,2857,grassland,18.3,21.7,15.4,2.9,0.0,61,小雨,0,,0,0,3,0.8,1.095,1.0,1.2,1978
2024-06-26,4,水城古镇,1800,ancient_town,18.3,21.7,15.4,2.9,0.0,61,小雨,0,,0,0,3,0.94,1.06,1.0,1.2,1150
2024-06-26,5,明湖国家湿地公园,1750,wetland,18.3,21.7,15.4,2.9,0.0,61,小雨,0,,0,0,3,0.64,1.058,1.0,1.2,771
2024-06-27,1,梅花山风景区,2400,mountain,20.4,25.5,17.3,5.6,0.0,63,中雨,0,,0,0,4,0.8,1.08,1.0,1.2,1502
2024-06-27,2,玉舍国家森林公园,2300,forest,20.4,25.5,17.3,5.6,0.0,63,中雨,0,,0,0,4,0.8,1.077,1.0,1.2,1190
2024-06-27,3,乌蒙大草原,2857,grassland,20.4,25.5,17.3,5.6,0.0,63,中雨,0,,0,0,4,0.8,1.095,1.0,1.2,1892
2024-06-27,4,水城古镇,1800,ancient_town,20.4,25.5,17.3,5.6,0.0,63,中雨,0,,0,0,4,0.94,1.06,1.0,1.2,1311
2024-06-27,5,明湖国家湿地公园,1750,wetland,20.4,25.5,17.3,5.6,0.0,63,中雨,0,,0,0,4,0.64,1.058,1.0,1.2,742
2024-06-28,1,梅花山风景区,2400,mountain,21.2,25.3,18.8,3.5,0.0,53,中雨,0,,0,0,5,0.8,1.08,1.0,1.2,1627
2024-06-28,2,玉舍国家森林公园,2300,forest,21.2,25.3,18.8,3.5,0.0,53,中雨,0,,0,0,5,0.8,1.077,1.0,1.2,1194
2024-06-28,3,乌蒙大草原,2857,grassland,21.2,25.3,18.8,3.5,0.0,53,中雨,0,,0,0,5,0.8,1.095,1.0,1.2,1899
2024-06-28,4,水城古镇,1800,ancient_town,21.2,25.3,18.8,3.5,0.0,53,中雨,0,,0,0,5,0.94,1.06,1.0,1.2,1125
2024-06-28,5,明湖国家湿地公园,1750,wetland,21.2,25.3,18.8,3.5,0.0,53,中雨,0,,0,0,5,0.64,1.058,1.0,1.2,710
2024-06-29,1,梅花山风景区,2400,mountain,19.6,23.8,17.7,6.6,0.0,61,小雨,0,,1,0,6,0.8,1.08,1.6,1.2,2592
2024-06-29,2,玉舍国家森林公园,2300,forest,19.6,23.8,17.7,6.6,0.0,61,小雨,0,,1,0,6,0.8,1.077,1.6,1.2,1980
2024-06-29,3,乌蒙大草原,2857,grassland,19.6,23.8,17.7,6.6,0.0,61,小雨,0,,1,0,6,0.8,1.095,1.6,1.2,3247
2024-06-29,4,水城古镇,1800,ancient_town,19.6,23.8,17.7,6.6,0.0,61,小雨,0,,1,0,6,0.94,1.06,1.6,1.2,1893
2024-06-29,5,明湖国家湿地公园,1750,wetland,19.6,23.8,17.7,6.6,0.0,61,小雨,0,,1,0,6,0.64,1.058,1.6,1.2,1158
2024-06-30,1,梅花山风景区,2400,mountain,20.5,24.6,18.0,26.5,0.0,65,大雨,0,,1,0,7,0.3,1.08,1.6,1.2,992
2024-06-30,2,玉舍国家森林公园,2300,forest,20.5,24.6,18.0,26.5,0.0,65,大雨,0,,1,0,7,0.3,1.077,1.6,1.2,720
2024-06-30,3,乌蒙大草原,2857,grassland,20.5,24.6,18.0,26.5,0.0,65,大雨,0,,1,0,7,0.3,1.095,1.6,1.2,1049
2024-06-30,4,水城古镇,1800,ancient_town,20.5,24.6,18.0,26.5,0.0,65,大雨,0,,1,0,7,0.79,1.06,1.6,1.2,1712
2024-06-30,5,明湖国家湿地公园,1750,wetland,20.5,24.6,18.0,26.5,0.0,65,大雨,0,,1,0,7,0.24,1.058,1.6,1.2,448
2024-07-01,1,梅花山风景区,2400,mountain,19.1,24.1,15.6,8.4,0.0,63,中雨,0,,0,0,1,0.8,1.08,1.0,1.48,1710
2024-07-01,2,玉舍国家森林公园,2300,forest,19.1,24.1,15.6,8.4,0.0,63,中雨,0,,0,0,1,0.8,1.077,1.0,1.467,1519
2024-07-01,3,乌蒙大草原,2857,grassland,19.1,24.1,15.6,8.4,0.0,63,中雨,0,,0,0,1,0.8,1.095,1.0,1.541,2381
2024-07-01,4,水城古镇,1800,ancient_town,19.1,24.1,15.6,8.4,0.0,63,中雨,0,,0,0,1,0.94,1.06,1.0,1.4,1516
2024-07-01,5,明湖国家湿地公园,1750,wetland,19.1,24.1,15.6,8.4,0.0,63,中雨,0,,0,0,1,0.64,1.058,1.0,1.393,818
2024-07-02,1,梅花山风景区,2400,mountain,19.4,24.8,13.4,0.5,0.0,51,小雨,0,,0,0,2,1.0,1.08,1.0,1.48,2327
2024-07-02,2,玉舍国家森林公园,2300,forest,19.4,24.8,13.4,0.5,0.0,51,小雨,0,,0,0,2,1.0,1.077,1.0,1.467,1808
2024-07-02,3,乌蒙大草原,2857,grassland,19.4,24.8,13.4,0.5,0.0,51,小雨,0,,0,0,2,1.0,1.095,1.0,1.541,2877
2024-07-02,4,水城古镇,1800,ancient_town,19.4,24.8,13.4,0.5,0.0,51,小雨,0,,0,0,2,1.0,1.06,1.0,1.4,1432
2024-07-02,5,明湖国家湿地公园,1750,wetland,19.4,24.8,13.4,0.5,0.0,51,小雨,0,,0,0,2,1.0,1.058,1.0,1.393,1231
2024-07-03,1,梅花山风景区,2400,mountain,19.9,23.8,17.1,2.8,0.0,53,中雨,0,,0,0,3,0.8,1.08,1.0,1.48,1819
2024-07-03,2,玉舍国家森林公园,2300,forest,19.9,23.8,17.1,2.8,0.0,53,中雨,0,,0,0,3,0.8,1.077,1.0,1.467,1394
2024-07-03,3,乌蒙大草原,2857,grassland,19.9,23.8,17.1,2.8,0.0,53,中雨,0,,0,0,3,0.8,1.095,1.0,1.541,2248
2024-07-03,4,水城古镇,1800,ancient_town,19.9,23.8,17.1,2.8,0.0,53,中雨,0,,0,0,3,0.94,1.06,1.0,1.4,1286
2024-07-03,5,明湖国家湿地公园,1750,wetland,19.9,23.8,17.1,2.8,0.0,53,中雨,0,,0,0,3,0.64,1.058,1.0,1.393,827
2024-07-04,1,梅花山风景区,2400,mountain,20.5,24.0,18.4,0.6,0.0,51,小雨,0,,0,0,4,1.0,1.08,1.0,1.48,2315
2024-07-04,2,玉舍国家森林公园,2300,forest,20.5,24.0,18.4,0.6,0.0,51,小雨,0,,0,0,4,1.0,1.077,1.0,1.467,1778
2024-07-04,3,乌蒙大草原,2857,grassland,20.5,24.0,18.4,0.6,0.0,51,小雨,0,,0,0,4,1.0,1.095,1.0,1.541,3110
2024-07-04,4,水城古镇,1800,ancient_town,20.5,24.0,18.4,0.6,0.0,51,小雨,0,,0,0,4,1.0,1.06,1.0,1.4,1480
2024-07-04,5,明湖国家湿地公园,1750,wetland,20.5,24.0,18.4,0.6,0.0,51,小雨,0,,0,0,4,1.0,1.058,1.0,1.393,1298
2024-07-05,1,梅花山风景区,2400,mountain,20.5,23.8,18.5,2.0,0.0,53,中雨,0,,0,0,5,0.8,1.08,1.0,1.48,1873
2024-07-05,2,玉舍国家森林公园,2300,forest,20.5,23.8,18.5,2.0,0.0,53,中雨,0,,0,0,5,0.8,1.077,1.0,1.467,1636
2024-07-05,3,乌蒙大草原,2857,grassland,20.5,23.8,18.5,2.0,0.0,53,中雨,0,,0,0,5,0.8,1.095,1.0,1.541,2459
2024-07-05,4,水城古镇,1800,ancient_town,20.5,23.8,18.5,2.0,0.0,53,中雨,0,,0,0,5,0.94,1.06,1.0,1.4,1428
2024-07-05,5,明湖国家湿地公园,1750,wetland,20.5,23.8,18.5,2.0,0.0,53,中雨,0,,0,0,5,0.64,1.058,1.0,1.393,739
2024-07-06,1,梅花山风景区,2400,mountain,21.4,26.1,18.4,1.1,0.0,53,中雨,0,,1,0,6,1.0,1.08,1.6,1.48,3710
2024-07-06,2,玉舍国家森林公园,2300,forest,21.4,26.1,18.4,1.1,0.0,53,中雨,0,,1,0,6,1.0,1.077,1.6,1.467,2702
2024-07-06,3,乌蒙大草原,2857,grassland,21.4,26.1,18.4,1.1,0.0,53,中雨,0,,1,0,6,1.0,1.095,1.6,1.541,4756
2024-07-06,4,水城古镇,1800,ancient_town,21.4,26.1,18.4,1.1,0.0,53,中雨,0,,1,0,6,1.0,1.06,1.6,1.4,2418
2024-07-06,5,明湖国家湿地公园,1750,wetland,21.4,26.1,18.4,1.1,0.0,53,中雨,0,,1,0,6,1.0,1.058,1.6,1.393,2051
2024-07-07,1,梅花山风景区,2400,mountain,22.5,27.5,18.9,0.1,0.0,51,小雨,0,,1,0,7,0.9,1.08,1.6,1.48,3542
2024-07-07,2,玉舍国家森林公园,2300,forest,22.5,27.5,18.9,0.1,0.0,51,小雨,0,,1,0,7,0.9,1.077,1.6,1.467,2589
2024-07-07,3,乌蒙大草原,2857,grassland,22.5,27.5,18.9,0.1,0.0,51,小雨,0,,1,0,7,0.9,1.095,1.6,1.541,4500
2024-07-07,4,水城古镇,1800,ancient_town,22.5,27.5,18.9,0.1,0.0,51,小雨,0,,1,0,7,0.95,1.06,1.6,1.4,2080
2024-07-07,5,明湖国家湿地公园,1750,wetland,22.5,27.5,18.9,0.1,0.0,51,小雨,0,,1,0,7,0.9,1.058,1.6,1.393,1886
2024-07-08,1,梅花山风景区,2400,mountain,22.5,28.1,18.6,0.5,0.0,51,小雨,0,,0,0,1,0.9,1.08,1.0,1.48,2203
2024-07-08,2,玉舍国家森林公园,2300,forest,22.5,28.1,18.6,0.5,0.0,51,小雨,0,,0,0,1,0.9,1.077,1.0,1.467,1751
2024-07-08,3,乌蒙大草原,2857,grassland,22.5,28.1,18.6,0.5,0.0,51,小雨,0,,0,0,1,0.9,1.095,1.0,1.541,2716
2024-07-08,4,水城古镇,1800,ancient_town,22.5,28.1,18.6,0.5,0.0,51,小雨,0,,0,0,1,0.95,1.06,1.0,1.4,1546
2024-07-08,5,明湖国家湿地公园,1750,wetland,22.5,28.1,18.6,0.5,0.0,51,小雨,0,,0,0,1,0.9,1.058,1.0,1.393,1169
2024-07-09,1,梅花山风景区,2400,mountain,21.7,26.8,18.7,0.7,0.0,51,小雨,0,,0,0,2,1.0,1.08,1.0,1.48,2343
2024-07-09,2,玉舍国家森林公园,2300,forest,21.7,26.8,18.7,0.7,0.0,51,小雨,0,,0,0,2,1.0,1.077,1.0,1.467,1633
2024-07-09,3,乌蒙大草原,2857,grassland,21.7,26.8,18.7,0.7,0.0,51,小雨,0,,0,0,2,1.0,1.095,1.0,1.541,3306
2024-07-09,4,水城古镇,1800,ancient_town,21.7,26.8,18.7,0.7,0.0,51,小雨,0,,0,0,2,1.0,1.06,1.0,1.4,1456
2024-07-09,5,明湖国家湿地公园,1750,wetland,21.7,26.8,18.7,0.7,0.0,51,小雨,0,,0,0,2,1.0,1.058,1.0,1.393,1249
2024-07-10,1,梅花山风景区,2400,mountain,21.2,25.5,18.7,9.4,0.0,63,中雨,0,,0,0,3,0.8,1.08,1.0,1.48,2044
2024-07-10,2,玉舍国家森林公园,2300,forest,21.2,25.5,18.7,9.4,0.0,63,中雨,0,,0,0,3,0.8,1.077,1.0,1.467,1609
2024-07-10,3,乌蒙大草原,2857,grassland,21.2,25.5,18.7,9.4,0.0,63,中雨,0,,0,0,3,0.8,1.095,1.0,1.541,2443
2024-07-10,4,水城古镇,1800,ancient_town,21.2,25.5,18.7,9.4,0.0,63,中雨,0,,0,0,3,0.94,1.06,1.0,1.4,1294
2024-07-10,5,明湖国家湿地公园,1750,wetland,21.2,25.5,18.7,9.4,0.0,63,中雨,0,,0,0,3,0.64,1.058,1.0,1.393,867
2024-07-11,1,梅花山风景区,2400,mountain,20.9,25.2,18.2,15.8,0.0,63,中雨,0,,0,0,4,0.55,1.08,1.0,1.48,1277
2024-07-11,2,玉舍国家森林公园,2300,forest,20.9,25.2,18.2,15.8,0.0,63,中雨,0,,0,0,4,0.55,1.077,1.0,1.467,981
2024-07-11,3,乌蒙大草原,2857,grassland,20.9,25.2,18.2,15.8,0.0,63,中雨,0,,0,0,4,0.55,1.095,1.0,1.541,1757
2024-07-11,4,水城古镇,1800,ancient_town,20.9,25.2,18.2,15.8,0.0,63,中雨,0,,0,0,4,0.865,1.06,1.0,1.4,1146
2024-07-11,5,明湖国家湿地公园,1750,wetland,20.9,25.2,18.2,15.8,0.0,63,中雨,0,,0,0,4,0.44,1.058,1.0,1.393,600
2024-07-12,1,梅花山风景区,2400,mountain,21.5,25.9,18.5,1.3,0.0,53,中雨,0,,0,0,5,1.0,1.08,1.0,1.48,2452
2024-07-12,2,玉舍国家森林公园,2300,forest,21.5,25.9,18.5,1.3,0.0,53,中雨,0,,0,0,5,1.0,1.077,1.0,1.467,2089
2024-07-12,3,乌蒙大草原,2857,grassland,21.5,25.9,18.5,1.3,0.0,53,中雨,0,,0,0,5,1.0,1.095,1.0,1.541,3087
2024-07-12,4,水城古镇,1800,ancient_town,21.5,25.9,18.5,1.3,0.0,53,中雨,0,,0,0,5,1.0,1.06,1.0,1.4,1331
2024-07-12,5,明湖国家湿地公园,1750,wetland,21.5,25.9,18.5,1.3,0.0,53,中雨,0,,0,0,5,1.0,1.058,1.0,1.393,1271
2024-07-13,1,梅花山风景区,2400,mountain,20.9,24.7,18.1,3.3,0.0,61,小雨,0,,1,0,6,0.8,1.08,1.6,1.48,3078
2024-07-13,2,玉舍国家森林公园,2300,forest,20.9,24.7,18.1,3.3,0.0,61,小雨,0,,1,0,6,0.8,1.077,1.6,1.467,2468
2024-07-13,3,乌蒙大草原,2857,grassland,20.9,24.7,18.1,3.3,0.0,61,小雨,0,,1,0,6,0.8,1.095,1.6,1.541,4079
2024-07-13,4,水城古镇,1800,ancient_town,20.9,24.7,18.1,3.3,0.0,61,小雨,0,,1,0,6,0.94,1.06,1.6,1.4,2013
2024-07-13,5,明湖国家湿地公园,1750,wetland,20.9,24.7,18.1,3.3,0.0,61,小雨,0,,1,0,6,0.64,1.058,1.6,1.393,1336
2024-07-14,1,梅花山风景区,2400,mountain,20.9,24.4,18.9,3.4,0.0,55,大雨,0,,1,0,7,0.8,1.08,1.6,1.48,3217
2024-07-14,2,玉舍国家森林公园,2300,forest,20.9,24.4,18.9,3.4,0.0,55,大雨,0,,1,0,7,0.8,1.077,1.6,1.467,2612
2024-07-14,3,乌蒙大草原,2857,grassland,20.9,24.4,18.9,3.4,0.0,55,大雨,0,,1,0,7,0.8,1.095,1.6,1.541,4250
2024-07-14,4,水城古镇,1800,ancient_town,20.9,24.4,18.9,3.4,0.0,55,大雨,0,,1,0,7,0.94,1.06,1.6,1.4,2188
2024-07-14,5,明湖国家湿地公园,1750,wetland,20.9,24.4,18.9,3.4,0.0,55,大雨,0,,1,0,7,0.64,1.058,1.6,1.393,1433
2024-07-15,1,梅花山风景区,2400,mountain,21.4,26.1,18.6,1.0,0.0,51,小雨,0,,0,0,1,1.0,1.08,1.0,1.48,2602
2024-07-15,2,玉舍国家森林公园,2300,forest,21.4,26.1,18.6,1.0,0.0,51,小雨,0,,0,0,1,1.0,1.077,1.0,1.467,2008
2024-07-15,3,乌蒙大草原,2857,grassland,21.4,26.1,18.6,1.0,0.0,51,小雨,0,,0,0,1,1.0,1.095,1.0,1.541,3147
2024-07-15,4,水城古镇,1800,ancient_town,21.4,26.1,18.6,1.0,0.0,51,小雨,0,,0,0,1,1.0,1.06,1.0,1.4,1545
2024-07-15,5,明湖国家湿地公园,1750,wetland,21.4,26.1,18.6,1.0,0.0,51,小雨,0,,0,0,1,1.0,1.058,1.0,1.393,1274
2024-07-16,1,梅花山风景区,2400,mountain,21.9,26.7,18.5,0.0,0.0,3,阴,0,,0,0,2,1.0,1.08,1.0,1.48,2224
2024-07-16,2,玉舍国家森林公园,2300,forest,21.9,26.7,18.5,0.0,0.0,3,阴,0,,0,0,2,1.0,1.077,1.0,1.467,1988
2024-07-16,3,乌蒙大草原,2857,grassland,21.9,26.7,18.5,0.0,0.0,3,阴,0,,0,0,2,1.0,1.095,1.0,1.541,2985
2024-07-16,4,水城古镇,1800,ancient_town,21.9,26.7,18.5,0.0,0.0,3,阴,0,,0,0,2,1.0,1.06,1.0,1.4,1481
2024-07-16,5,明湖国家湿地公园,1750,wetland,21.9,26.7,18.5,0.0,0.0,3,阴,0,,0,0,2,1.0,1.058,1.0,1.393,1288
2024-07-17,1,梅花山风景区,2400,mountain,21.8,27.0,18.4,0.0,0.0,3,阴,0,,0,0,3,1.0,1.08,1.0,1.48,2350
2024-07-17,2,玉舍国家森林公园,2300,forest,21.8,27.0,18.4,0.0,0.0,3,阴,0,,0,0,3,1.0,1.077,1.0,1.467,1916
2024-07-17,3,乌蒙大草原,2857,grassland,21.8,27.0,18.4,0.0,0.0,3,阴,0,,0,0,3,1.0,1.095,1.0,1.541,2882
2024-07-17,4,水城古镇,1800,ancient_town,21.8,27.0,18.4,0.0,0.0,3,阴,0,,0,0,3,1.0,1.06,1.0,1.4,1489
2024-07-17,5,明湖国家湿地公园,1750,wetland,21.8,27.0,18.4,0.0,0.0,3,阴,0,,0,0,3,1.0,1.058,1.0,1.393,1343
2024-07-18,1,梅花山风景区,2400,mountain,21.6,26.3,18.1,0.9,0.0,51,小雨,0,,0,0,4,1.0,1.08,1.0,1.48,2388
2024-07-18,2,玉舍国家森林公园,2300,forest,21.6,26.3,18.1,0.9,0.0,51,小雨,0,,0,0,4,1.0,1.077,1.0,1.467,1824
2024-07-18,3,乌蒙大草原,2857,grassland,21.6,26.3,18.1,0.9,0.0,51,小雨,0,,0,0,4,1.0,1.095,1.0,1.541,3157
2024-07-18,4,水城古镇,1800,ancient_town,21.6,26.3,18.1,0.9,0.0,51,小雨,0,,0,0,4,1.0,1.06,1.0,1.4,1622
2024-07-18,5,明湖国家湿地公园,1750,wetland,21.6,26.3,18.1,0.9,0.0,51,小雨,0,,0,0,4,1.0,1.058,1.0,1.393,1287
2024-07-19,1,梅花山风景区,2400,mountain,22.0,26.7,19.1,0.1,0.0,51,小雨,0,,0,0,5,0.9,1.08,1.0,1.48,2291
2024-07-19,2,玉舍国家森林公园,2300,forest,22.0,26.7,19.1,0.1,0.0,51,小雨,0,,0,0,5,0.9,1.077,1.0,1.467,1781
2024-07-19,3,乌蒙大草原,2857,grassland,22.0,26.7,19.1,0.1,0.0,51,小雨,0,,0,0,5,0.9,1.095,1.0,1.541,2371
2024-07-19,4,水城古镇,1800,ancient_town,22.0,26.7,19.1,0.1,0.0,51,小雨,0,,0,0,5,0.95,1.06,1.0,1.4,1356
2024-07-19,5,明湖国家湿地公园,1750,wetland,22.0,26.7,19.1,0.1,0.0,51,小雨,0,,0,0,5,0.9,1.058,1.0,1.393,1156
2024-07-20,1,梅花山风景区,2400,mountain,21.5,26.0,19.1,0.4,0.0,51,小雨,0,,1,0,6,1.0,1.08,1.6,1.48,3986
2024-07-20,2,玉舍国家森林公园,2300,forest,21.5,26.0,19.1,0.4,0.0,51,小雨,0,,1,0,6,1.0,1.077,1.6,1.467,3060
2024-07-20,3,乌蒙大草原,2857,grassland,21.5,26.0,19.1,0.4,0.0,51,小雨,0,,1,0,6,1.0,1.095,1.6,1.541,4975
2024-07-20,4,水城古镇,1800,ancient_town,21.5,26.0,19.1,0.4,0.0,51,小雨,0,,1,0,6,1.0,1.06,1.6,1.4,2449
2024-07-20,5,明湖国家湿地公园,1750,wetland,21.5,26.0,19.1,0.4,0.0,51,小雨,0,,1,0,6,1.0,1.058,1.6,1.393,2028
2024-07-21,1,梅花山风景区,2400,mountain,21.8,26.0,19.2,1.7,0.0,53,中雨,0,,1,0,7,1.0,1.08,1.6,1.48,3692
2024-07-21,2,玉舍国家森林公园,2300,forest,21.8,26.0,19.2,1.7,0.0,53,中雨,0,,1,0,7,1.0,1.077,1.6,1.467,2846
2024-07-21,3,乌蒙大草原,2857,grassland,21.8,26.0,19.2,1.7,0.0,53,中雨,0,,1,0,7,1.0,1.095,1.6,1.541,4819
2024-07-21,4,水城古镇,1800,ancient_town,21.8,26.0,19.2,1.7,0.0,53,中雨,0,,1,0,7,1.0,1.06,1.6,1.4,2360
2024-07-21,5,明湖国家湿地公园,1750,wetland,21.8,26.0,19.2,1.7,0.0,53,中雨,0,,1,0,7,1.0,1.058,1.6,1.393,2141
2024-07-22,1,梅花山风景区,2400,mountain,21.8,27.6,17.5,0.0,0.0,3,阴,0,,0,0,1,1.0,1.08,1.0,1.48,2310
2024-07-22,2,玉舍国家森林公园,2300,forest,21.8,27.6,17.5,0.0,0.0,3,阴,0,,0,0,1,1.0,1.077,1.0,1.467,1980
2024-07-22,3,乌蒙大草原,2857,grassland,21.8,27.6,17.5,0.0,0.0,3,阴,0,,0,0,1,1.0,1.095,1.0,1.541,3177
2024-07-22,4,水城古镇,1800,ancient_town,21.8,27.6,17.5,0.0,0.0,3,阴,0,,0,0,1,1.0,1.06,1.0,1.4,1598
2024-07-22,5,明湖国家湿地公园,1750,wetland,21.8,27.6,17.5,0.0,0.0,3,阴,0,,0,0,1,1.0,1.058,1.0,1.393,1374
2024-07-23,1,梅花山风景区,2400,mountain,22.1,27.9,17.5,0.0,0.0,3,阴,0,,0,0,2,0.9,1.08,1.0,1.48,2177
2024-07-23,2,玉舍国家森林公园,2300,forest,22.1,27.9,17.5,0.0,0.0,3,阴,0,,0,0,2,0.9,1.077,1.0,1.467,1762
2024-07-23,3,乌蒙大草原,2857,grassland,22.1,27.9,17.5,0.0,0.0,3,阴,0,,0,0,2,0.9,1.095,1.0,1.541,2817
2024-07-23,4,水城古镇,1800,ancient_town,22.1,27.9,17.5,0.0,0.0,3,阴,0,,0,0,2,0.95,1.06,1.0,1.4,1363
2024-07-23,5,明湖国家湿地公园,1750,wetland,22.1,27.9,17.5,0.0,0.0,3,阴,0,,0,0,2,0.9,1.058,1.0,1.393,1271
2024-07-24,1,梅花山风景区,2400,mountain,21.9,26.9,17.3,0.8,0.0,51,小雨,0,,0,0,3,1.0,1.08,1.0,1.48,2603
2024-07-24,2,玉舍国家森林公园,2300,forest,21.9,26.9,17.3,0.8,0.0,51,小雨,0,,0,0,3,1.0,1.077,1.0,1.467,2082
2024-07-24,3,乌蒙大草原,2857,grassland,21.9,26.9,17.3,0.8,0.0,51,小雨,0,,0,0,3,1.0,1.095,1.0,1.541,3043
2024-07-24,4,水城古镇,1800,ancient_town,21.9,26.9,17.3,0.8,0.0,51,小雨,0,,0,0,3,1.0,1.06,1.0,1.4,1508
2024-07-24,5,明湖国家湿地公园,1750,wetland,21.9,26.9,17.3,0.8,0.0,51,小雨,0,,0,0,3,1.0,1.058,1.0,1.393,1354
2024-07-25,1,梅花山风景区,2400,mountain,21.7,26.7,16.5,0.5,0.0,51,小雨,0,,0,0,4,1.0,1.08,1.0,1.48,2397
2024-07-25,2,玉舍国家森林公园,2300,forest,21.7,26.7,16.5,0.5,0.0,51,小雨,0,,0,0,4,1.0,1.077,1.0,1.467,1953
2024-07-25,3,乌蒙大草原,2857,grassland,21.7,26.7,16.5,0.5,0.0,51,小雨,0,,0,0,4,1.0,1.095,1.0,1.541,3019
2024-07-25,4,水城古镇,1800,ancient_town,21.7,26.7,16.5,0.5,0.0,51,小雨,0,,0,0,4,1.0,1.06,1.0,1.4,1469
2024-07-25,5,明湖国家湿地公园,1750,wetland,21.7,26.7,16.5,0.5,0.0,51,小雨,0,,0,0,4,1.0,1.058,1.0,1.393,1443
2024-07-26,1,梅花山风景区,2400,mountain,22.1,27.5,16.7,1.6,0.0,51,小雨,0,,0,0,5,0.9,1.08,1.0,1.48,2175
2024-07-26,2,玉舍国家森林公园,2300,forest,22.1,27.5,16.7,1.6,0.0,51,小雨,0,,0,0,5,0.9,1.077,1.0,1.467,1711
2024-07-26,3,乌蒙大草原,2857,grassland,22.1,27.5,16.7,1.6,0.0,51,小雨,0,,0,0,5,0.9,1.095,1.0,1.541,2854
2024-07-26,4,水城古镇,1800,ancient_town,22.1,27.5,16.7,1.6,0.0,51,小雨,0,,0,0,5,0.95,1.06,1.0,1.4,1420
2024-07-26,5,明湖国家湿地公园,1750,wetland,22.1,27.5,16.7,1.6,0.0,51,小雨,0,,0,0,5,0.9,1.058,1.0,1.393,1211
2024-07-27,1,梅花山风景区,2400,mountain,21.5,26.7,17.6,12.9,0.0,63,中雨,0,,1,0,6,0.55,1.08,1.6,1.48,2103
2024-07-27,2,玉舍国家森林公园,2300,forest,21.5,26.7,17.6,12.9,0.0,63,中雨,0,,1,0,6,0.55,1.077,1.6,1.467,1565
2024-07-27,3,乌蒙大草原,2857,grassland,21.5,26.7,17.6,12.9,0.0,63,中雨,0,,1,0,6,0.55,1.095,1.6,1.541,2669
2024-07-27,4,水城古镇,1800,ancient_town,21.5,26.7,17.6,12.9,0.0,63,中雨,0,,1,0,6,0.865,1.06,1.6,1.4,1937
2024-07-27,5,明湖国家湿地公园,1750,wetland,21.5,26.7,17.6,12.9,0.0,63,中雨,0,,1,0,6,0.44,1.058,1.6,1.393,944
2024-07-28,1,梅花山风景区,2400,mountain,20.9,25.4,18.8,28.9,0.0,65,大雨,0,,1,0,7,0.3,1.08,1.6,1.48,1082
2024-07-28,2,玉舍国家森林公园,2300,forest,20.9,25.4,18.8,28.9,0.0,65,大雨,0,,1,0,7,0.3,1.077,1.6,1.467,951
2024-07-28,3,乌蒙大草原,2857,grassland,20.9,25.4,18.8,28.9,0.0,65,大雨,0,,1,0,7,0.3,1.095,1.6,1.541,1512
2024-07-28,4,水城古镇,1800,ancient_town,20.9,25.4,18.8,28.9,0.0,65,大雨,0,,1,0,7,0.79,1.06,1.6,1.4,1902
2024-07-28,5,明湖国家湿地公园,1750,wetland,20.9,25.4,18.8,28.9,0.0,65,大雨,0,,1,0,7,0.24,1.058,1.6,1.393,507
2024-07-29,1,梅花山风景区,2400,mountain,19.8,23.7,18.3,17.9,0.0,63,中雨,0,,0,0,1,0.55,1.08,1.0,1.48,1346
2024-07-29,2,玉舍国家森林公园,2300,forest,19.8,23.7,18.3,17.9,0.0,63,中雨,0,,0,0,1,0.55,1.077,1.0,1.467,939
2024-07-29,3,乌蒙大草原,2857,grassland,19.8,23.7,18.3,17.9,0.0,63,中雨,0,,0,0,1,0.55,1.095,1.0,1.541,1579
2024-07-29,4,水城古镇,1800,ancient_town,19.8,23.7,18.3,17.9,0.0,63,中雨,0,,0,0,1,0.865,1.06,1.0,1.4,1274
2024-07-29,5,明湖国家湿地公园,1750,wetland,19.8,23.7,18.3,17.9,0.0,63,中雨,0,,0,0,1,0.44,1.058,1.0,1.393,594
2024-07-30,1,梅花山风景区,2400,mountain,19.2,21.6,17.3,2.4,0.0,51,小雨,0,,0,0,2,0.8,1.08,1.0,1.48,1910
2024-07-30,2,玉舍国家森林公园,2300,forest,19.2,21.6,17.3,2.4,0.0,51,小雨,0,,0,0,2,0.8,1.077,1.0,1.467,1439
2024-07-30,3,乌蒙大草原,2857,grassland,19.2,21.6,17.3,2.4,0.0,51,小雨,0,,0,0,2,0.8,1.095,1.0,1.541,2446
2024-07-30,4,水城古镇,1800,ancient_town,19.2,21.6,17.3,2.4,0.0,51,小雨,0,,0,0,2,0.94,1.06,1.0,1.4,1363
2024-07-30,5,明湖国家湿地公园,1750,wetland,19.2,21.6,17.3,2.4,0.0,51,小雨,0,,0,0,2,0.64,1.058,1.0,1.393,803
2024-07-31,1,梅花山风景区,2400,mountain,19.9,23.5,16.9,0.5,0.0,51,小雨,0,,0,0,3,1.0,1.08,1.0,1.48,2437
2024-07-31,2,玉舍国家森林公园,2300,forest,19.9,23.5,16.9,0.5,0.0,51,小雨,0,,0,0,3,1.0,1.077,1.0,1.467,1875
2024-07-31,3,乌蒙大草原,2857,grassland,19.9,23.5,16.9,0.5,0.0,51,小雨,0,,0,0,3,1.0,1.095,1.0,1.541,3219
2024-07-31,4,水城古镇,1800,ancient_town,19.9,23.5,16.9,0.5,0.0,51,小雨,0,,0,0,3,1.0,1.06,1.0,1.4,1533
2024-07-31,5,明湖国家湿地公园,1750,wetland,19.9,23.5,16.9,0.5,0.0,51,小雨,0,,0,0,3,1.0,1.058,1.0,1.393,1375
2024-08-01,1,梅花山风景区,2400,mountain,19.7,24.9,14.9,2.5,0.0,55,大雨,0,,0,0,4,0.8,1.08,1.0,1.48,1948
2024-08-01,2,玉舍国家森林公园,2300,forest,19.7,24.9,14.9,2.5,0.0,55,大雨,0,,0,0,4,0.8,1.077,1.0,1.467,1451
2024-08-01,3,乌蒙大草原,2857,grassland,19.7,24.9,14.9,2.5,0.0,55,大雨,0,,0,0,4,0.8,1.095,1.0,1.541,2316
2024-08-01,4,水城古镇,1800,ancient_town,19.7,24.9,14.9,2.5,0.0,55,大雨,0,,0,0,4,0.94,1.06,1.0,1.4,1292
2024-08-01,5,明湖国家湿地公园,1750,wetland,19.7,24.9,14.9,2.5,0.0,55,大雨,0,,0,0,4,0.64,1.058,1.0,1.393,971
2024-08-02,1,梅花山风景区,2400,mountain,20.0,24.0,17.2,11.9,0.0,63,中雨,0,,0,0,5,0.55,1.08,1.0,1.48,1247
2024-08-02,2,玉舍国家森林公园,2300,forest,20.0,24.0,17.2,11.9,0.0,63,中雨,0,,0,0,5,0.55,1.077,1.0,1.467,1031
2024-08-02,3,乌蒙大草原,2857,grassland,20.0,24.0,17.2,11.9,0.0,63,中雨,0,,0,0,5,0.55,1.095,1.0,1.541,1640
2024-08-02,4,水城古镇,1800,ancient_town,20.0,24.0,17.2,11.9,0.0,63,中雨,0,,0,0,5,0.865,1.06,1.0,1.4,1265
2024-08-02,5,明湖国家湿地公园,1750,wetland,20.0,24.0,17.2,11.9,0.0,63,中雨,0,,0,0,5,0.44,1.058,1.0,1.393,566
2024-08-03,1,梅花山风景区,2400,mountain,20.3,24.0,18.2,3.5,0.0,61,小雨,0,,1,0,6,0.8,1.08,1.6,1.48,2782
2024-08-03,2,玉舍国家森林公园,2300,forest,20.3,24.0,18.2,3.5,0.0,61,小雨,0,,1,0,6,0.8,1.077,1.6,1.467,2304
2024-08-03,3,乌蒙大草原,2857,grassland,20.3,24.0,18.2,3.5,0.0,61,小雨,0,,1,0,6,0.8,1.095,1.6,1.541,3618
2024-08-03,4,水城古镇,1800,ancient_town,20.3,24.0,18.2,3.5,0.0,61,小雨,0,,1,0,6,0.94,1.06,1.6,1.4,2217
2024-08-03,5,明湖国家湿地公园,1750,wetland,20.3,24.0,18.2,3.5,0.0,61,小雨,0,,1,0,6,0.64,1.058,1.6,1.393,1312
2024-08-04,1,梅花山风景区,2400,mountain,20.2,24.0,16.7,1.3,0.0,51,小雨,0,,1,0,7,1.0,1.08,1.6,1.48,3704
2024-08-04,2,玉舍国家森林公园,2300,forest,20.2,24.0,16.7,1.3,0.0,51,小雨,0,,1,0,7,1.0,1.077,1.6,1.467,3064
2024-08-04,3,乌蒙大草原,2857,grassland,20.2,24.0,16.7,1.3,0.0,51,小雨,0,,1,0,7,1.0,1.095,1.6,1.541,4718
2024-08-04,4,水城古镇,1800,ancient_town,20.2,24.0,16.7,1.3,0.0,51,小雨,0,,1,0,7,1.0,1.06,1.6,1.4,2485
2024-08-04,5,明湖国家湿地公园,1750,wetland,20.2,24.0,16.7,1.3,0.0,51,小雨,0,,1,0,7,1.0,1.058,1.6,1.393,2082
2024-08-05,1,梅花山风景区,2400,mountain,21.1,25.9,18.0,0.7,0.0,51,小雨,0,,0,0,1,1.0,1.08,1.0,1.48,2424
2024-08-05,2,玉舍国家森林公园,2300,forest,21.1,25.9,18.0,0.7,0.0,51,小雨,0,,0,0,1,1.0,1.077,1.0,1.467,1769
2024-08-05,3,乌蒙大草原,2857,grassland,21.1,25.9,18.0,0.7,0.0,51,小雨,0,,0,0,1,1.0,1.095,1.0,1.541,3137
2024-08-05,4,水城古镇,1800,ancient_town,21.1,25.9,18.0,0.7,0.0,51,小雨,0,,0,0,1,1.0,1.06,1.0,1.4,1453
2024-08-05,5,明湖国家湿地公园,1750,wetland,21.1,25.9,18.0,0.7,0.0,51,小雨,0,,0,0,1,1.0,1.058,1.0,1.393,1354
2024-08-06,1,梅花山风景区,2400,mountain,20.5,26.1,15.8,2.9,0.0,61,小雨,0,,0,0,2,0.8,1.08,1.0,1.48,1949
2024-08-06,2,玉舍国家森林公园,2300,forest,20.5,26.1,15.8,2.9,0.0,61,小雨,0,,0,0,2,0.8,1.077,1.0,1.467,1502
2024-08-06,3,乌蒙大草原,2857,grassland,20.5,26.1,15.8,2.9,0.0,61,小雨,0,,0,0,2,0.8,1.095,1.0,1.541,2456
2024-08-06,4,水城古镇,1800,ancient_town,20.5,26.1,15.8,2.9,0.0,61,小雨,0,,0,0,2,0.94,1.06,1.0,1.4,1368
2024-08-06,5,明湖国家湿地公园,1750,wetland,20.5,26.1,15.8,2.9,0.0,61,小雨,0,,0,0,2,0.64,1.058,1.0,1.393,906
2024-08-07,1,梅花山风景区,2400,mountain,21.2,26.4,17.8,1.3,0.0,53,中雨,0,,0,0,3,1.0,1.08,1.0,1.48,2509
2024-08-07,2,玉舍国家森林公园,2300,forest,21.2,26.4,17.8,1.3,0.0,53,中雨,0,,0,0,3,1.0,1.077,1.0,1.467,1940
2024-08-07,3,乌蒙大草原,2857,grassland,21.2,26.4,17.8,1.3,0.0,53,中雨,0,,0,0,3,1.0,1.095,1.0,1.541,2858
2024-08-07,4,水城古镇,1800,ancient_town,21.2,26.4,17.8,1.3,0.0,53,中雨,0,,0,0,3,1.0,1.06,1.0,1.4,1402
2024-08-07,5,明湖国家湿地公园,1750,wetland,21.2,26.4,17.8,1.3,0.0,53,中雨,0,,0,0,3,1.0,1.058,1.0,1.393,1283
2024-08-08,1,梅花山风景区,2400,mountain,22.0,27.7,17.9,0.3,0.0,51,小雨,0,,0,0,4,0.9,1.08,1.0,1.48,2131
2024-08-08,2,玉舍国家森林公园,2300,forest,22.0,27.7,17.9,0.3,0.0,51,小雨,0,,0,0,4,0.9,1.077,1.0,1.467,1743
2024-08-08,3,乌蒙大草原,2857,grassland,22.0,27.7,17.9,0.3,0.0,51,小雨,0,,0,0,4,0.9,1.095,1.0,1.541,2611
2024-08-08,4,水城古镇,1800,ancient_town,22.0,27.7,17.9,0.3,0.0,51,小雨,0,,0,0,4,0.95,1.06,1.0,1.4,1492
2024-08-08,5,明湖国家湿地公园,1750,wetland,22.0,27.7,17.9,0.3,0.0,51,小雨,0,,0,0,4,0.9,1.058,1.0,1.393,1194
2024-08-09,1,梅花山风景区,2400,mountain,21.6,28.1,17.7,11.6,0.0,63,中雨,0,,0,0,5,0.55,1.08,1.0,1.48,1185
2024-08-09,2,玉舍国家森林公园,2300,forest,21.6,28.1,17.7,11.6,0.0,63,中雨,0,,0,0,5,0.55,1.077,1.0,1.467,1017
2024-08-09,3,乌蒙大草原,2857,grassland,21.6,28.1,17.7,11.6,0.0,63,中雨,0,,0,0,5,0.55,1.095,1.0,1.541,1454
2024-08-09,4,水城古镇,1800,ancient_town,21.6,28.1,17.7,11.6,0.0,63,中雨,0,,0,0,5,0.865,1.06,1.0,1.4,1235
2024-08-09,5,明湖国家湿地公园,1750,wetland,21.6,28.1,17.7,11.6,0.0,63,中雨,0,,0,0,5,0.44,1.058,1.0,1.393,567
2024-08-10,1,梅花山风景区,2400,mountain,19.6,24.6,16.8,11.3,0.0,65,大雨,0,,1,0,6,0.55,1.08,1.6,1.48,2045
2024-08-10,2,玉舍国家森林公园,2300,forest,19.6,24.6,16.8,11.3,0.0,65,大雨,0,,1,0,6,0.55,1.077,1.6,1.467,1640
2024-08-10,3,乌蒙大草原,2857,grassland,19.6,24.6,16.8,11.3,0.0,65,大雨,0,,1,0,6,0.55,1.095,1.6,1.541,2620
2024-08-10,4,水城古镇,1800,ancient_town,19.6,24.6,16.8,11.3,0.0,65,大雨,0,,1,0,6,0.865,1.06,1.6,1.4,1992
2024-08-10,5,明湖国家湿地公园,1750,wetland,19.6,24.6,16.8,11.3,0.0,65,大雨,0,,1,0,6,0.44,1.058,1.6,1.393,1004
2024-08-11,1,梅花山风景区,2400,mountain,20.1,25.0,16.1,0.0,0.0,3,阴,0,,1,0,7,1.0,1.08,1.6,1.48,4069
2024-08-11,2,玉舍国家森林公园,2300,forest,20.1,25.0,16.1,0.0,0.0,3,阴,0,,1,0,7,1.0,1.077,1.6,1.467,2858
2024-08-11,3,乌蒙大草原,2857,grassland,20.1,25.0,16.1,0.0,0.0,3,阴,0,,1,0,7,1.0,1.095,1.6,1.541,5165
2024-08-11,4,水城古镇,1800,ancient_town,20.1,25.0,16.1,0.0,0.0,3,阴,0,,1,0,7,1.0,1.06,1.6,1.4,2181
2024-08-11,5,明湖国家湿地公园,1750,wetland,20.1,25.0,16.1,0.0,0.0,3,阴,0,,1,0,7,1.0,1.058,1.6,1.393,2036
2024-08-12,1,梅花山风景区,2400,mountain,20.2,26.0,14.6,0.0,0.0,3,阴,0,,0,0,1,1.0,1.08,1.0,1.48,2580
2024-08-12,2,玉舍国家森林公园,2300,forest,20.2,26.0,14.6,0.0,0.0,3,阴,0,,0,0,1,1.0,1.077,1.0,1.467,1682
2024-08-12,3,乌蒙大草原,2857,grassland,20.2,26.0,14.6,0.0,0.0,3,阴,0,,0,0,1,1.0,1.095,1.0,1.541,3125
2024-08-12,4,水城古镇,1800,ancient_town,20.2,26.0,14.6,0.0,0.0,3,阴,0,,0,0,1,1.0,1.06,1.0,1.4,1390
2024-08-12,5,明湖国家湿地公园,1750,wetland,20.2,26.0,14.6,0.0,0.0,3,阴,0,,0,0,1,1.0,1.058,1.0,1.393,1317
2024-08-13,1,梅花山风景区,2400,mountain,20.3,25.3,14.9,0.3,0.0,51,小雨,0,,0,0,2,1.0,1.08,1.0,1.48,2375
2024-08-13,2,玉舍国家森林公园,2300,forest,20.3,25.3,14.9,0.3,0.0,51,小雨,0,,0,0,2,1.0,1.077,1.0,1.467,2055
2024-08-13,3,乌蒙大草原,2857,grassland,20.3,25.3,14.9,0.3,0.0,51,小雨,0,,0,0,2,1.0,1.095,1.0,1.541,2914
2024-08-13,4,水城古镇,1800,ancient_town,20.3,25.3,14.9,0.3,0.0,51,小雨,0,,0,0,2,1.0,1.06,1.0,1.4,1478
2024-08-13,5,明湖国家湿地公园,1750,wetland,20.3,25.3,14.9,0.3,0.0,51,小雨,0,,0,0,2,1.0,1.058,1.0,1.393,1368
2024-08-14,1,梅花山风景区,2400,mountain,20.1,25.1,15.1,0.8,0.0,51,小雨,0,,0,0,3,1.0,1.08,1.0,1.48,2367
2024-08-14,2,玉舍国家森林公园,2300,forest,20.1,25.1,15.1,0.8,0.0,51,小雨,0,,0,0,3,1.0,1.077,1.0,1.467,1817
2024-08-14,3,乌蒙大草原,2857,grassland,20.1,25.1,15.1,0.8,0.0,51,小雨,0,,0,0,3,1.0,1.095,1.0,1.541,3028
2024-08-14,4,水城古镇,1800,ancient_town,20.1,25.1,15.1,0.8,0.0,51,小雨,0,,0,0,3,1.0,1.06,1.0,1.4,1490
2024-08-14,5,明湖国家湿地公园,1750,wetland,20.1,25.1,15.1,0.8,0.0,51,小雨,0,,0,0,3,1.0,1.058,1.0,1.393,1385
2024-08-15,1,梅花山风景区,2400,mountain,19.7,25.4,14.8,1.5,0.0,53,中雨,0,,0,0,4,1.0,1.08,1.0,1.48,2284
2024-08-15,2,玉舍国家森林公园,2300,forest,19.7,25.4,14.8,1.5,0.0,53,中雨,0,,0,0,4,1.0,1.077,1.0,1.467,1852
2024-08-15,3,乌蒙大草原,2857,grassland,19.7,25.4,14.8,1.5,0.0,53,中雨,0,,0,0,4,1.0,1.095,1.0,1.541,3086
2024-08-15,4,水城古镇,1800,ancient_town,19.7,25.4,14.8,1.5,0.0,53,中雨,0,,0,0,4,1.0,1.06,1.0,1.4,1471
2024-08-15,5,明湖国家湿地公园,1750,wetland,19.7,25.4,14.8,1.5,0.0,53,中雨,0,,0,0,4,1.0,1.058,1.0,1.393,1314
2024-08-16,1,梅花山风景区,2400,mountain,18.8,24.0,14.3,2.0,0.0,53,中雨,0,,0,0,5,0.8,1.08,1.0,1.48,1916
2024-08-16,2,玉舍国家森林公园,2300,forest,18.8,24.0,14.3,2.0,0.0,53,中雨,0,,0,0,5,0.8,1.077,1.0,1.467,1463
2024-08-16,3,乌蒙大草原,2857,grassland,18.8,24.0,14.3,2.0,0.0,53,中雨,0,,0,0,5,0.8,1.095,1.0,1.541,2333
2024-08-16,4,水城古镇,1800,ancient_town,18.8,24.0,14.3,2.0,0.0,53,中雨,0,,0,0,5,0.94,1.06,1.0,1.4,1425
2024-08-16,5,明湖国家湿地公园,1750,wetland,18.8,24.0,14.3,2.0,0.0,53,中雨,0,,0,0,5,0.64,1.058,1.0,1.393,802
2024-08-17,1,梅花山风景区,2400,mountain,19.4,24.9,14.6,7.8,0.0,63,中雨,0,,1,0,6,0.8,1.08,1.6,1.48,3247
2024-08-17,2,玉舍国家森林公园,2300,forest,19.4,24.9,14.6,7.8,0.0,63,中雨,0,,1,0,6,0.8,1.077,1.6,1.467,2451
2024-08-17,3,乌蒙大草原,2857,grassland,19.4,24.9,14.6,7.8,0.0,63,中雨,0,,1,0,6,0.8,1.095,1.6,1.541,3640
2024-08-17,4,水城古镇,1800,ancient_town,19.4,24.9,14.6,7.8,0.0,63,中雨,0,,1,0,6,0.94,1.06,1.6,1.4,2263
2024-08-17,5,明湖国家湿地公园,1750,wetland,19.4,24.9,14.6,7.8,0.0,63,中雨,0,,1,0,6,0.64,1.058,1.6,1.393,1370
2024-08-18,1,梅花山风景区,2400,mountain,19.9,23.0,17.0,2.6,0.0,53,中雨,0,,1,0,7,0.8,1.08,1.6,1.48,3185
2024-08-18,2,玉舍国家森林公园,2300,forest,19.9,23.0,17.0,2.6,0.0,53,中雨,0,,1,0,7,0.8,1.077,1.6,1.467,2566
2024-08-18,3,乌蒙大草原,2857,grassland,19.9,23.0,17.0,2.6,0.0,53,中雨,0,,1,0,7,0.8,1.095,1.6,1.541,3817
2024-08-18,4,水城古镇,1800,ancient_town,19.9,23.0,17.0,2.6,0.0,53,中雨,0,,1,0,7,0.94,1.06,1.6,1.4,2152
2024-08-18,5,明湖国家湿地公园,1750,wetland,19.9,23.0,17.0,2.6,0.0,53,中雨,0,,1,0,7,0.64,1.058,1.6,1.393,1317
2024-08-19,1,梅花山风景区,2400,mountain,20.9,27.0,14.9,0.0,0.0,3,阴,0,,0,0,1,1.0,1.08,1.0,1.48,2279
2024-08-19,2,玉舍国家森林公园,2300,forest,20.9,27.0,14.9,0.0,0.0,3,阴,0,,0,0,1,1.0,1.077,1.0,1.467,1824
2024-08-19,3,乌蒙大草原,2857,grassland,20.9,27.0,14.9,0.0,0.0,3,阴,0,,0,0,1,1.0,1.095,1.0,1.541,3081
2024-08-19,4,水城古镇,1800,ancient_town,20.9,27.0,14.9,0.0,0.0,3,阴,0,,0,0,1,1.0,1.06,1.0,1.4,1485
2024-08-19,5,明湖国家湿地公园,1750,wetland,20.9,27.0,14.9,0.0,0.0,3,阴,0,,0,0,1,1.0,1.058,1.0,1.393,1294
2024-08-20,1,梅花山风景区,2400,mountain,21.1,27.5,15.3,0.0,0.0,3,阴,0,,0,0,2,1.0,1.08,1.0,1.48,2309
2024-08-20,2,玉舍国家森林公园,2300,forest,21.1,27.5,15.3,0.0,0.0,3,阴,0,,0,0,2,1.0,1.077,1.0,1.467,1927
2024-08-20,3,乌蒙大草原,2857,grassland,21.1,27.5,15.3,0.0,0.0,3,阴,0,,0,0,2,1.0,1.095,1.0,1.541,2961
2024-08-20,4,水城古镇,1800,ancient_town,21.1,27.5,15.3,0.0,0.0,3,阴,0,,0,0,2,1.0,1.06,1.0,1.4,1406
2024-08-20,5,明湖国家湿地公园,1750,wetland,21.1,27.5,15.3,0.0,0.0,3,阴,0,,0,0,2,1.0,1.058,1.0,1.393,1317
2024-08-21,1,梅花山风景区,2400,mountain,21.5,28.1,15.1,0.0,0.0,3,阴,0,,0,0,3,1.0,1.08,1.0,1.48,2365
2024-08-21,2,玉舍国家森林公园,2300,forest,21.5,28.1,15.1,0.0,0.0,3,阴,0,,0,0,3,1.0,1.077,1.0,1.467,1793
2024-08-21,3,乌蒙大草原,2857,grassland,21.5,28.1,15.1,0.0,0.0,3,阴,0,,0,0,3,1.0,1.095,1.0,1.541,3163
2024-08-21,4,水城古镇,1800,ancient_town,21.5,28.1,15.1,0.0,0.0,3,阴,0,,0,0,3,1.0,1.06,1.0,1.4,1546
2024-08-21,5,明湖国家湿地公园,1750,wetland,21.5,28.1,15.1,0.0,0.0,3,阴,0,,0,0,3,1.0,1.058,1.0,1.393,1329
2024-08-22,1,梅花山风景区,2400,mountain,21.9,28.4,16.4,0.0,0.0,3,阴,0,,0,0,4,1.0,1.08,1.0,1.48,2413
2024-08-22,2,玉舍国家森林公园,2300,forest,21.9,28.4,16.4,0.0,0.0,3,阴,0,,0,0,4,1.0,1.077,1.0,1.467,1944
2024-08-22,3,乌蒙大草原,2857,grassland,21.9,28.4,16.4,0.0,0.0,3,阴,0,,0,0,4,1.0,1.095,1.0,1.541,3033
2024-08-22,4,水城古镇,1800,ancient_town,21.9,28.4,16.4,0.0,0.0,3,阴,0,,0,0,4,1.0,1.06,1.0,1.4,1550
2024-08-22,5,明湖国家湿地公园,1750,wetland,21.9,28.4,16.4,0.0,0.0,3,阴,0,,0,0,4,1.0,1.058,1.0,1.393,1437
2024-08-23,1,梅花山风景区,2400,mountain,22.1,28.1,17.6,0.0,0.0,3,阴,0,,0,0,5,0.9,1.08,1.0,1.48,2166
2024-08-23,2,玉舍国家森林公园,2300,forest,22.1,28.1,17.6,0.0,0.0,3,阴,0,,0,0,5,0.9,1.077,1.0,1.467,1742
2024-08-23,3,乌蒙大草原,2857,grassland,22.1,28.1,17.6,0.0,0.0,3,阴,0,,0,0,5,0.9,1.095,1.0,1.541,2853
2024-08-23,4,水城古镇,1800,ancient_town,22.1,28.1,17.6,0.0,0.0,3,阴,0,,0,0,5,0.95,1.06,1.0,1.4,1385
2024-08-23,5,明湖国家湿地公园,1750,wetland,22.1,28.1,17.6,0.0,0.0,3,阴,0,,0,0,5,0.9,1.058,1.0,1.393,1127
2024-08-24,1,梅花山风景区,2400,mountain,21.4,27.3,16.1,0.0,0.0,3,阴,0,,1,0,6,1.0,1.08,1.6,1.48,4009
2024-08-24,2,玉舍国家森林公园,2300,forest,21.4,27.3,16.1,0.0,0.0,3,阴,0,,1,0,6,1.0,1.077,1.6,1.467,2794
2024-08-24,3,乌蒙大草原,2857,grassland,21.4,27.3,16.1,0.0,0.0,3,阴,0,,1,0,6,1.0,1.095,1.6,1.541,5295
2024-08-24,4,水城古镇,1800,ancient_town,21.4,27.3,16.1,0.0,0.0,3,阴,0,,1,0,6,1.0,1.06,1.6,1.4,2477
2024-08-24,5,明湖国家湿地公园,1750,wetland,21.4,27.3,16.1,0.0,0.0,3,阴,0,,1,0,6,1.0,1.058,1.6,1.393,2143
2024-08-25,1,梅花山风景区,2400,mountain,21.1,26.3,16.1,0.2,0.0,51,小雨,0,,1,0,7,1.0,1.08,1.6,1.48,3845
2024-08-25,2,玉舍国家森林公园,2300,forest,21.1,26.3,16.1,0.2,0.0,51,小雨,0,,1,0,7,1.0,1.077,1.6,1.467,3297
2024-08-25,3,乌蒙大草原,2857,grassland,21.1,26.3,16.1,0.2,0.0,51,小雨,0,,1,0,7,1.0,1.095,1.6,1.541,4630
2024-08-25,4,水城古镇,1800,ancient_town,21.1,26.3,16.1,0.2,0.0,51,小雨,0,,1,0,7,1.0,1.06,1.6,1.4,2236
2024-08-25,5,明湖国家湿地公园,1750,wetland,21.1,26.3,16.1,0.2,0.0,51,小雨,0,,1,0,7,1.0,1.058,1.6,1.393,2059
2024-08-26,1,梅花山风景区,2400,mountain,21.2,26.9,15.6,1.5,0.0,53,中雨,0,,0,0,1,1.0,1.08,1.0,1.48,2366
2024-08-26,2,玉舍国家森林公园,2300,forest,21.2,26.9,15.6,1.5,0.0,53,中雨,0,,0,0,1,1.0,1.077,1.0,1.467,1799
2024-08-26,3,乌蒙大草原,2857,grassland,21.2,26.9,15.6,1.5,0.0,53,中雨,0,,0,0,1,1.0,1.095,1.0,1.541,3061
2024-08-26,4,水城古镇,1800,ancient_town,21.2,26.9,15.6,1.5,0.0,53,中雨,0,,0,0,1,1.0,1.06,1.0,1.4,1494
2024-08-26,5,明湖国家湿地公园,1750,wetland,21.2,26.9,15.6,1.5,0.0,53,中雨,0,,0,0,1,1.0,1.058,1.0,1.393,1273
2024-08-27,1,梅花山风景区,2400,mountain,21.9,27.5,16.9,1.5,0.0,53,中雨,0,,0,0,2,1.0,1.08,1.0,1.48,2589
2024-08-27,2,玉舍国家森林公园,2300,forest,21.9,27.5,16.9,1.5,0.0,53,中雨,0,,0,0,2,1.0,1.077,1.0,1.467,1763
2024-08-27,3,乌蒙大草原,2857,grassland,21.9,27.5,16.9,1.5,0.0,53,中雨,0,,0,0,2,1.0,1.095,1.0,1.541,2843
2024-08-27,4,水城古镇,1800,ancient_town,21.9,27.5,16.9,1.5,0.0,53,中雨,0,,0,0,2,1.0,1.06,1.0,1.4,1511
2024-08-27,5,明湖国家湿地公园,1750,wetland,21.9,27.5,16.9,1.5,0.0,53,中雨,0,,0,0,2,1.0,1.058,1.0,1.393,1313
2024-08-28,1,梅花山风景区,2400,mountain,22.3,27.7,16.4,1.1,0.0,51,小雨,0,,0,0,3,0.9,1.08,1.0,1.48,2202
2024-08-28,2,玉舍国家森林公园,2300,forest,22.3,27.7,16.4,1.1,0.0,51,小雨,0,,0,0,3,0.9,1.077,1.0,1.467,1652
2024-08-28,3,乌蒙大草原,2857,grassland,22.3,27.7,16.4,1.1,0.0,51,小雨,0,,0,0,3,0.9,1.095,1.0,1.541,2592
2024-08-28,4,水城古镇,1800,ancient_town,22.3,27.7,16.4,1.1,0.0,51,小雨,0,,0,0,3,0.95,1.06,1.0,1.4,1364
2024-08-28,5,明湖国家湿地公园,1750,wetland,22.3,27.7,16.4,1.1,0.0,51,小雨,0,,0,0,3,0.9,1.058,1.0,1.393,1153
2024-08-29,1,梅花山风景区,2400,mountain,22.0,27.7,16.8,1.5,0.0,51,小雨,0,,0,0,4,0.9,1.08,1.0,1.48,2214
2024-08-29,2,玉舍国家森林公园,2300,forest,22.0,27.7,16.8,1.5,0.0,51,小雨,0,,0,0,4,0.9,1.077,1.0,1.467,1664
2024-08-29,3,乌蒙大草原,2857,grassland,22.0,27.7,16.8,1.5,0.0,51,小雨,0,,0,0,4,0.9,1.095,1.0,1.541,2838
2024-08-29,4,水城古镇,1800,ancient_town,22.0,27.7,16.8,1.5,0.0,51,小雨,0,,0,0,4,0.95,1.06,1.0,1.4,1451
2024-08-29,5,明湖国家湿地公园,1750,wetland,22.0,27.7,16.8,1.5,0.0,51,小雨,0,,0,0,4,0.9,1.058,1.0,1.393,1256
2024-08-30,1,梅花山风景区,2400,mountain,20.8,24.9,17.2,6.0,0.0,61,小雨,0,,0,0,5,0.8,1.08,1.0,1.48,2004
2024-08-30,2,玉舍国家森林公园,2300,forest,20.8,24.9,17.2,6.0,0.0,61,小雨,0,,0,0,5,0.8,1.077,1.0,1.467,1575
2024-08-30,3,乌蒙大草原,2857,grassland,20.8,24.9,17.2,6.0,0.0,61,小雨,0,,0,0,5,0.8,1.095,1.0,1.541,2523
2024-08-30,4,水城古镇,1800,ancient_town,20.8,24.9,17.2,6.0,0.0,61,小雨,0,,0,0,5,0.94,1.06,1.0,1.4,1358
2024-08-30,5,明湖国家湿地公园,1750,wetland,20.8,24.9,17.2,6.0,0.0,61,小雨,0,,0,0,5,0.64,1.058,1.0,1.393,838
2024-08-31,1,梅花山风景区,2400,mountain,21.7,26.6,17.8,6.4,0.0,63,中雨,0,,1,0,6,0.8,1.08,1.6,1.48,2788
2024-08-31,2,玉舍国家森林公园,2300,forest,21.7,26.6,17.8,6.4,0.0,63,中雨,0,,1,0,6,0.8,1.077,1.6,1.467,2460
2024-08-31,3,乌蒙大草原,2857,grassland,21.7,26.6,17.8,6.4,0.0,63,中雨,0,,1,0,6,0.8,1.095,1.6,1.541,3757
2024-08-31,4,水城古镇,1800,ancient_town,21.7,26.6,17.8,6.4,0.0,63,中雨,0,,1,0,6,0.94,1.06,1.6,1.4,2276
2024-08-31,5,明湖国家湿地公园,1750,wetland,21.7,26.6,17.8,6.4,0.0,63,中雨,0,,1,0,6,0.64,1.058,1.6,1.393,1394
2024-09-01,1,梅花山风景区,2400,mountain,20.8,26.7,16.1,3.1,0.0,55,大雨,0,,1,0,7,0.8,1.08,1.6,1.15,2223
2024-09-01,2,玉舍国家森林公园,2300,forest,20.8,26.7,16.1,3.1,0.0,55,大雨,0,,1,0,7,0.8,1.077,1.6,1.15,1805
2024-09-01,3,乌蒙大草原,2857,grassland,20.8,26.7,16.1,3.1,0.0,55,大雨,0,,1,0,7,0.8,1.095,1.6,1.15,2851
2024-09-01,4,水城古镇,1800,ancient_town,20.8,26.7,16.1,3.1,0.0,55,大雨,0,,1,0,7,0.94,1.06,1.6,1.15,1785
2024-09-01,5,明湖国家湿地公园,1750,wetland,20.8,26.7,16.1,3.1,0.0,55,大雨,0,,1,0,7,0.64,1.058,1.6,1.15,1131
2024-09-02,1,梅花山风景区,2400,mountain,20.7,27.6,16.3,11.0,0.0,65,大雨,0,,0,0,1,0.55,1.08,1.0,1.15,965
2024-09-02,2,玉舍国家森林公园,2300,forest,20.7,27.6,16.3,11.0,0.0,65,大雨,0,,0,0,1,0.55,1.077,1.0,1.15,819
2024-09-02,3,乌蒙大草原,2857,grassland,20.7,27.6,16.3,11.0,0.0,65,大雨,0,,0,0,1,0.55,1.095,1.0,1.15,1141
2024-09-02,4,水城古镇,1800,ancient_town,20.7,27.6,16.3,11.0,0.0,65,大雨,0,,0,0,1,0.865,1.06,1.0,1.15,940
2024-09-02,5,明湖国家湿地公园,1750,wetland,20.7,27.6,16.3,11.0,0.0,65,大雨,0,,0,0,1,0.44,1.058,1.0,1.15,499
2024-09-03,1,梅花山风景区,2400,mountain,21.6,26.9,17.7,0.6,0.0,51,小雨,0,,0,0,2,1.0,1.08,1.0,1.15,1741
2024-09-03,2,玉舍国家森林公园,2300,forest,21.6,26.9,17.7,0.6,0.0,51,小雨,0,,0,0,2,1.0,1.077,1.0,1.15,1444
2024-09-03,3,乌蒙大草原,2857,grassland,21.6,26.9,17.7,0.6,0.0,51,小雨,0,,0,0,2,1.0,1.095,1.0,1.15,2106
2024-09-03,4,水城古镇,1800,ancient_town,21.6,26.9,17.7,0.6,0.0,51,小雨,0,,0,0,2,1.0,1.06,1.0,1.15,1133
2024-09-03,5,明湖国家湿地公园,1750,wetland,21.6,26.9,17.7,0.6,0.0,51,小雨,0,,0,0,2,1.0,1.058,1.0,1.15,1073
2024-09-04,1,梅花山风景区,2400,mountain,20.8,27.6,15.1,1.6,0.0,53,中雨,0,,0,0,3,1.0,1.08,1.0,1.15,1824
2024-09-04,2,玉舍国家森林公园,2300,forest,20.8,27.6,15.1,1.6,0.0,53,中雨,0,,0,0,3,1.0,1.077,1.0,1.15,1558
2024-09-04,3,乌蒙大草原,2857,grassland,20.8,27.6,15.1,1.6,0.0,53,中雨,0,,0,0,3,1.0,1.095,1.0,1.15,2318
2024-09-04,4,水城古镇,1800,ancient_town,20.8,27.6,15.1,1.6,0.0,53,中雨,0,,0,0,3,1.0,1.06,1.0,1.15,1203
2024-09-04,5,明湖国家湿地公园,1750,wetland,20.8,27.6,15.1,1.6,0.0,53,中雨,0,,0,0,3,1.0,1.058,1.0,1.15,1136
2024-09-05,1,梅花山风景区,2400,mountain,20.5,27.3,15.2,0.9,0.0,51,小雨,0,,0,0,4,1.0,1.08,1.0,1.15,1967
2024-09-05,2,玉舍国家森林公园,2300,forest,20.5,27.3,15.2,0.9,0.0,51,小雨,0,,0,0,4,1.0,1.077,1.0,1.15,1516
2024-09-05,3,乌蒙大草原,2857,grassland,20.5,27.3,15.2,0.9,0.0,51,小雨,0,,0,0,4,1.0,1.095,1.0,1.15,2221
2024-09-05,4,水城古镇,1800,ancient_town,20.5,27.3,15.2,0.9,0.0,51,小雨,0,,0,0,4,1.0,1.06,1.0,1.15,1281
2024-09-05,5,明湖国家湿地公园,1750,wetland,20.5,27.3,15.2,0.9,0.0,51,小雨,0,,0,0,4,1.0,1.058,1.0,1.15,1192
2024-09-06,1,梅花山风景区,2400,mountain,20.1,25.1,16.9,9.1,0.0,61,小雨,0,,0,0,5,0.8,1.08,1.0,1.15,1539
2024-09-06,2,玉舍国家森林公园,2300,forest,20.1,25.1,16.9,9.1,0.0,61,小雨,0,,0,0,5,0.8,1.077,1.0,1.15,1293
2024-09-06,3,乌蒙大草原,2857,grassland,20.1,25.1,16.9,9.1,0.0,61,小雨,0,,0,0,5,0.8,1.095,1.0,1.15,1897
2024-09-06,4,水城古镇,1800,ancient_town,20.1,25.1,16.9,9.1,0.0,61,小雨,0,,0,0,5,0.94,1.06,1.0,1.15,1194
2024-09-06,5,明湖国家湿地公园,1750,wetland,20.1,25.1,16.9,9.1,0.0,61,小雨,0,,0,0,5,0.64,1.058,1.0,1.15,662
2024-09-07,1,梅花山风景区,2400,mountain,19.4,22.5,17.4,9.0,0.0,63,中雨,0,,1,0,6,0.8,1.08,1.6,1.15,2251
2024-09-07,2,玉舍国家森林公园,2300,forest,19.4,22.5,17.4,9.0,0.0,63,中雨,0,,1,0,6,0.8,1.077,1.6,1.15,1897
2024-09-07,3,乌蒙大草原,2857,grassland,19.4,22.5,17.4,9.0,0.0,63,中雨,0,,1,0,6,0.8,1.095,1.6,1.15,2659
2024-09-07,4,水城古镇,1800,ancient_town,19.4,22.5,17.4,9.0,0.0,63,中雨,0,,1,0,6,0.94,1.06,1.6,1.15,1779
2024-09-07,5,明湖国家湿地公园,1750,wetland,19.4,22.5,17.4,9.0,0.0,63,中雨,0,,1,0,6,0.64,1.058,1.6,1.15,1170
2024-09-08,1,梅花山风景区,2400,mountain,19.1,22.8,17.3,10.3,0.0,61,小雨,0,,1,0,7,0.55,1.08,1.6,1.15,1584
2024-09-08,2,玉舍国家森林公园,2300,forest,19.1,22.8,17.3,10.3,0.0,61,小雨,0,,1,0,7,0.55,1.077,1.6,1.15,1342
2024-09-08,3,乌蒙大草原,2857,grassland,19.1,22.8,17.3,10.3,0.0,61,小雨,0,,1,0,7,0.55,1.095,1.6,1.15,1860
2024-09-08,4,水城古镇,1800,ancient_town,19.1,22.8,17.3,10.3,0.0,61,小雨,0,,1,0,7,0.865,1.06,1.6,1.15,1645
2024-09-08,5,明湖国家湿地公园,1750,wetland,19.1,22.8,17.3,10.3,0.0,61,小雨,0,,1,0,7,0.44,1.058,1.6,1.15,810
2024-09-09,1,梅花山风景区,2400,mountain,18.9,23.3,17.1,6.4,0.0,55,大雨,0,,0,0,1,0.8,1.08,1.0,1.15,1505
2024-09-09,2,玉舍国家森林公园,2300,forest,18.9,23.3,17.1,6.4,0.0,55,大雨,0,,0,0,1,0.8,1.077,1.0,1.15,1205
2024-09-09,3,乌蒙大草原,2857,grassland,18.9,23.3,17.1,6.4,0.0,55,大雨,0,,0,0,1,0.8,1.095,1.0,1.15,1968
2024-09-09,4,水城古镇,1800,ancient_town,18.9,23.3,17.1,6.4,0.0,55,大雨,0,,0,0,1,0.94,1.06,1.0,1.15,1220
2024-09-09,5,明湖国家湿地公园,1750,wetland,18.9,23.3,17.1,6.4,0.0,55,大雨,0,,0,0,1,0.64,1.058,1.0,1.15,670
2024-09-10,1,梅花山风景区,2400,mountain,18.7,23.4,16.6,17.4,0.0,65,大雨,0,,0,0,2,0.55,1.08,1.0,1.15,1092
2024-09-10,2,玉舍国家森林公园,2300,forest,18.7,23.4,16.6,17.4,0.0,65,大雨,0,,0,0,2,0.55,1.077,1.0,1.15,792
2024-09-10,3,乌蒙大草原,2857,grassland,18.7,23.4,16.6,17.4,0.0,65,大雨,0,,0,0,2,0.55,1.095,1.0,1.15,1245
2024-09-10,4,水城古镇,1800,ancient_town,18.7,23.4,16.6,17.4,0.0,65,大雨,0,,0,0,2,0.865,1.06,1.0,1.15,1055
2024-09-10,5,明湖国家湿地公园,1750,wetland,18.7,23.4,16.6,17.4,0.0,65,大雨,0,,0,0,2,0.44,1.058,1.0,1.15,507
2024-09-11,1,梅花山风景区,2400,mountain,18.0,21.8,14.7,13.4,0.0,63,中雨,0,,0,0,3,0.55,1.08,1.0,1.15,966
2024-09-11,2,玉舍国家森林公园,2300,forest,18.0,21.8,14.7,13.4,0.0,63,中雨,0,,0,0,3,0.55,1.077,1.0,1.15,835
2024-09-11,3,乌蒙大草原,2857,grassland,18.0,21.8,14.7,13.4,0.0,63,中雨,0,,0,0,3,0.55,1.095,1.0,1.15,1279
2024-09-11,4,水城古镇,1800,ancient_town,18.0,21.8,14.7,13.4,0.0,63,中雨,0,,0,0,3,0.865,1.06,1.0,1.15,1097
2024-09-11,5,明湖国家湿地公园,1750,wetland,18.0,21.8,14.7,13.4,0.0,63,中雨,0,,0,0,3,0.44,1.058,1.0,1.15,476
2024-09-12,1,梅花山风景区,2400,mountain,19.2,24.8,15.2,1.0,0.0,51,小雨,0,,0,0,4,1.0,1.08,1.0,1.15,1956
2024-09-12,2,玉舍国家森林公园,2300,forest,19.2,24.8,15.2,1.0,0.0,51,小雨,0,,0,0,4,1.0,1.077,1.0,1.15,1432
2024-09-12,3,乌蒙大草原,2857,grassland,19.2,24.8,15.2,1.0,0.0,51,小雨,0,,0,0,4,1.0,1.095,1.0,1.15,2397
2024-09-12,4,水城古镇,1800,ancient_town,19.2,24.8,15.2,1.0,0.0,51,小雨,0,,0,0,4,1.0,1.06,1.0,1.15,1240
2024-09-12,5,明湖国家湿地公园,1750,wetland,19.2,24.8,15.2,1.0,0.0,51,小雨,0,,0,0,4,1.0,1.058,1.0,1.15,1018
2024-09-13,1,梅花山风景区,2400,mountain,19.4,25.5,14.7,0.4,0.0,51,小雨,0,,0,0,5,1.0,1.08,1.0,1.15,1900
2024-09-13,2,玉舍国家森林公园,2300,forest,19.4,25.5,14.7,0.4,0.0,51,小雨,0,,0,0,5,1.0,1.077,1.0,1.15,1499
2024-09-13,3,乌蒙大草原,2857,grassland,19.4,25.5,14.7,0.4,0.0,51,小雨,0,,0,0,5,1.0,1.095,1.0,1.15,2226
2024-09-13,4,水城古镇,1800,ancient_town,19.4,25.5,14.7,0.4,0.0,51,小雨,0,,0,0,5,1.0,1.06,1.0,1.15,1174
2024-09-13,5,明湖国家湿地公园,1750,wetland,19.4,25.5,14.7,0.4,0.0,51,小雨,0,,0,0,5,1.0,1.058,1.0,1.15,1082
2024-09-14,1,梅花山风景区,2400,mountain,20.1,26.0,14.9,0.4,0.0,51,小雨,0,,1,0,6,1.0,1.08,1.6,1.15,2765
2024-09-14,2,玉舍国家森林公园,2300,forest,20.1,26.0,14.9,0.4,0.0,51,小雨,0,,1,0,6,1.0,1.077,1.6,1.15,2578
2024-09-14,3,乌蒙大草原,2857,grassland,20.1,26.0,14.9,0.4,0.0,51,小雨,0,,1,0,6,1.0,1.095,1.6,1.15,3422
2024-09-14,4,水城古镇,1800,ancient_town,20.1,26.0,14.9,0.4,0.0,51,小雨,0,,1,0,6,1.0,1.06,1.6,1.15,1885
2024-09-14,5,明湖国家湿地公园,1750,wetland,20.1,26.0,14.9,0.4,0.0,51,小雨,0,,1,0,6,1.0,1.058,1.6,1.15,1852
2024-09-15,1,梅花山风景区,2400,mountain,19.9,25.6,16.0,7.0,0.0,61,小雨,1,中秋节,1,3,7,0.8,1.08,2.4,1.15,3681
2024-09-15,2,玉舍国家森林公园,2300,forest,19.9,25.6,16.0,7.0,0.0,61,小雨,1,中秋节,1,3,7,0.8,1.077,2.4,1.15,2955
2024-09-15,3,乌蒙大草原,2857,grassland,19.9,25.6,16.0,7.0,0.0,61,小雨,1,中秋节,1,3,7,0.8,1.095,2.4,1.15,4682
2024-09-15,4,水城古镇,1800,ancient_town,19.9,25.6,16.0,7.0,0.0,61,小雨,1,中秋节,1,3,7,0.94,1.06,2.76,1.15,3113
2024-09-15,5,明湖国家湿地公园,1750,wetland,19.9,25.6,16.0,7.0,0.0,61,小雨,1,中秋节,1,3,7,0.64,1.058,2.52,1.15,1674
2024-09-16,1,梅花山风景区,2400,mountain,19.4,24.7,16.6,6.1,0.0,55,大雨,1,中秋节,0,3,1,0.8,1.08,2.4,1.15,3727
2024-09-16,2,玉舍国家森林公园,2300,forest,19.4,24.7,16.6,6.1,0.0,55,大雨,1,中秋节,0,3,1,0.8,1.077,2.4,1.15,2966
2024-09-16,3,乌蒙大草原,2857,grassland,19.4,24.7,16.6,6.1,0.0,55,大雨,1,中秋节,0,3,1,0.8,1.095,2.4,1.15,4281
2024-09-16,4,水城古镇,1800,ancient_town,19.4,24.7,16.6,6.1,0.0,55,大雨,1,中秋节,0,3,1,0.94,1.06,2.76,1.15,2962
2024-09-16,5,明湖国家湿地公园,1750,wetland,19.4,24.7,16.6,6.1,0.0,55,大雨,1,中秋节,0,3,1,0.64,1.058,2.52,1.15,1876
2024-09-17,1,梅花山风景区,2400,mountain,19.6,23.7,16.6,5.9,0.0,61,小雨,1,中秋节,0,3,2,0.8,1.08,2.4,1.15,3679
2024-09-17,2,玉舍国家森林公园,2300,forest,19.6,23.7,16.6,5.9,0.0,61,小雨,1,中秋节,0,3,2,0.8,1.077,2.4,1.15,2656
2024-09-17,3,乌蒙大草原,2857,grassland,19.6,23.7,16.6,5.9,0.0,61,小雨,1,中秋节,0,3,2,0.8,1.095,2.4,1.15,4522
2024-09-17,4,水城古镇,1800,ancient_town,19.6,23.7,16.6,5.9,0.0,61,小雨,1,中秋节,0,3,2,0.94,1.06,2.76,1.15,2934
2024-09-17,5,明湖国家湿地公园,1750,wetland,19.6,23.7,16.6,5.9,0.0,61,小雨,1,中秋节,0,3,2,0.64,1.058,2.52,1.15,1723
2024-09-18,1,梅花山风景区,2400,mountain,19.5,25.1,14.7,0.8,0.0,51,小雨,0,,0,0,3,1.0,1.08,1.0,1.15,1758
2024-09-18,2,玉舍国家森林公园,2300,forest,19.5,25.1,14.7,0.8,0.0,51,小雨,0,,0,0,3,1.0,1.077,1.0,1.15,1438
2024-09-18,3,乌蒙大草原,2857,grassland,19.5,25.1,14.7,0.8,0.0,51,小雨,0,,0,0,3,1.0,1.095,1.0,1.15,2172
2024-09-18,4,水城古镇,1800,ancient_town,19.5,25.1,14.7,0.8,0.0,51,小雨,0,,0,0,3,1.0,1.06,1.0,1.15,1181
2024-09-18,5,明湖国家湿地公园,1750,wetland,19.5,25.1,14.7,0.8,0.0,51,小雨,0,,0,0,3,1.0,1.058,1.0,1.15,1135
2024-09-19,1,梅花山风景区,2400,mountain,20.4,26.3,14.0,0.0,0.0,3,阴,0,,0,0,4,1.0,1.08,1.0,1.15,1890
2024-09-19,2,玉舍国家森林公园,2300,forest,20.4,26.3,14.0,0.0,0.0,3,阴,0,,0,0,4,1.0,1.077,1.0,1.15,1532
2024-09-19,3,乌蒙大草原,2857,grassland,20.4,26.3,14.0,0.0,0.0,3,阴,0,,0,0,4,1.0,1.095,1.0,1.15,2390
2024-09-19,4,水城古镇,1800,ancient_town,20.4,26.3,14.0,0.0,0.0,3,阴,0,,0,0,4,1.0,1.06,1.0,1.15,1196
2024-09-19,5,明湖国家湿地公园,1750,wetland,20.4,26.3,14.0,0.0,0.0,3,阴,0,,0,0,4,1.0,1.058,1.0,1.15,1099
2024-09-20,1,梅花山风景区,2400,mountain,20.2,25.8,14.9,1.6,0.0,53,中雨,0,,0,0,5,1.0,1.08,1.0,1.15,1913
2024-09-20,2,玉舍国家森林公园,2300,forest,20.2,25.8,14.9,1.6,0.0,53,中雨,0,,0,0,5,1.0,1.077,1.0,1.15,1612
2024-09-20,3,乌蒙大草原,2857,grassland,20.2,25.8,14.9,1.6,0.0,53,中雨,0,,0,0,5,1.0,1.095,1.0,1.15,2369
2024-09-20,4,水城古镇,1800,ancient_town,20.2,25.8,14.9,1.6,0.0,53,中雨,0,,0,0,5,1.0,1.06,1.0,1.15,1303
2024-09-20,5,明湖国家湿地公园,1750,wetland,20.2,25.8,14.9,1.6,0.0,53,中雨,0,,0,0,5,1.0,1.058,1.0,1.15,1151
2024-09-21,1,梅花山风景区,2400,mountain,18.9,22.7,16.7,8.7,0.0,63,中雨,0,,1,0,6,0.8,1.08,1.6,1.15,2510
2024-09-21,2,玉舍国家森林公园,2300,forest,18.9,22.7,16.7,8.7,0.0,63,中雨,0,,1,0,6,0.8,1.077,1.6,1.15,1732
2024-09-21,3,乌蒙大草原,2857,grassland,18.9,22.7,16.7,8.7,0.0,63,中雨,0,,1,0,6,0.8,1.095,1.6,1.15,3029
2024-09-21,4,水城古镇,1800,ancient_town,18.9,22.7,16.7,8.7,0.0,63,中雨,0,,1,0,6,0.94,1.06,1.6,1.15,1852
2024-09-21,5,明湖国家湿地公园,1750,wetland,18.9,22.7,16.7,8.7,0.0,63,中雨,0,,1,0,6,0.64,1.058,1.6,1.15,1124
2024-09-22,1,梅花山风景区,2400,mountain,18.1,21.5,16.6,11.7,0.0,63,中雨,0,,1,0,7,0.55,1.08,1.6,1.15,1596
2024-09-22,2,玉舍国家森林公园,2300,forest,18.1,21.5,16.6,11.7,0.0,63,中雨,0,,1,0,7,0.55,1.077,1.6,1.15,1279
2024-09-22,3,乌蒙大草原,2857,grassland,18.1,21.5,16.6,11.7,0.0,63,中雨,0,,1,0,7,0.55,1.095,1.6,1.15,2036
2024-09-22,4,水城古镇,1800,ancient_town,18.1,21.5,16.6,11.7,0.0,63,中雨,0,,1,0,7,0.865,1.06,1.6,1.15,1757
2024-09-22,5,明湖国家湿地公园,1750,wetland,18.1,21.5,16.6,11.7,0.0,63,中雨,0,,1,0,7,0.44,1.058,1.6,1.15,713
2024-09-23,1,梅花山风景区,2400,mountain,18.3,23.4,13.7,3.4,0.0,53,中雨,0,,0,0,1,0.8,1.08,1.0,1.15,1506
2024-09-23,2,玉舍国家森林公园,2300,forest,18.3,23.4,13.7,3.4,0.0,53,中雨,0,,0,0,1,0.8,1.077,1.0,1.15,1155
2024-09-23,3,乌蒙大草原,2857,grassland,18.3,23.4,13.7,3.4,0.0,53,中雨,0,,0,0,1,0.8,1.095,1.0,1.15,1727
2024-09-23,4,水城古镇,1800,ancient_town,18.3,23.4,13.7,3.4,0.0,53,中雨,0,,0,0,1,0.94,1.06,1.0,1.15,1168
2024-09-23,5,明湖国家湿地公园,1750,wetland,18.3,23.4,13.7,3.4,0.0,53,中雨,0,,0,0,1,0.64,1.058,1.0,1.15,689
2024-09-24,1,梅花山风景区,2400,mountain,18.2,23.3,12.3,0.2,0.0,51,小雨,0,,0,0,2,1.0,1.08,1.0,1.15,1801
2024-09-24,2,玉舍国家森林公园,2300,forest,18.2,23.3,12.3,0.2,0.0,51,小雨,0,,0,0,2,1.0,1.077,1.0,1.15,1428
2024-09-24,3,乌蒙大草原,2857,grassland,18.2,23.3,12.3,0.2,0.0,51,小雨,0,,0,0,2,1.0,1.095,1.0,1.15,2299
2024-09-24,4,水城古镇,1800,ancient_town,18.2,23.3,12.3,0.2,0.0,51,小雨,0,,0,0,2,1.0,1.06,1.0,1.15,1218
2024-09-24,5,明湖国家湿地公园,1750,wetland,18.2,23.3,12.3,0.2,0.0,51,小雨,0,,0,0,2,1.0,1.058,1.0,1.15,1035
2024-09-25,1,梅花山风景区,2400,mountain,18.8,24.0,13.5,1.6,0.0,51,小雨,0,,0,0,3,1.0,1.08,1.0,1.15,1784
2024-09-25,2,玉舍国家森林公园,2300,forest,18.8,24.0,13.5,1.6,0.0,51,小雨,0,,0,0,3,1.0,1.077,1.0,1.15,1472
2024-09-25,3,乌蒙大草原,2857,grassland,18.8,24.0,13.5,1.6,0.0,51,小雨,0,,0,0,3,1.0,1.095,1.0,1.15,2313
2024-09-25,4,水城古镇,1800,ancient_town,18.8,24.0,13.5,1.6,0.0,51,小雨,0,,0,0,3,1.0,1.06,1.0,1.15,1155
2024-09-25,5,明湖国家湿地公园,1750,wetland,18.8,24.0,13.5,1.6,0.0,51,小雨,0,,0,0,3,1.0,1.058,1.0,1.15,1122
2024-09-26,1,梅花山风景区,2400,mountain,18.9,24.6,14.8,9.5,0.0,63,中雨,0,,0,0,4,0.8,1.08,1.0,1.15,1428
2024-09-26,2,玉舍国家森林公园,2300,forest,18.9,24.6,14.8,9.5,0.0,63,中雨,0,,0,0,4,0.8,1.077,1.0,1.15,1350
2024-09-26,3,乌蒙大草原,2857,grassland,18.9,24.6,14.8,9.5,0.0,63,中雨,0,,0,0,4,0.8,1.095,1.0,1.15,1728
2024-09-26,4,水城古镇,1800,ancient_town,18.9,24.6,14.8,9.5,0.0,63,中雨,0,,0,0,4,0.94,1.06,1.0,1.15,1100
2024-09-26,5,明湖国家湿地公园,1750,wetland,18.9,24.6,14.8,9.5,0.0,63,中雨,0,,0,0,4,0.64,1.058,1.0,1.15,707
2024-09-27,1,梅花山风景区,2400,mountain,19.9,25.2,16.4,0.6,0.0,51,小雨,0,,0,0,5,1.0,1.08,1.0,1.15,1778
2024-09-27,2,玉舍国家森林公园,2300,forest,19.9,25.2,16.4,0.6,0.0,51,小雨,0,,0,0,5,1.0,1.077,1.0,1.15,1547
2024-09-27,3,乌蒙大草原,2857,grassland,19.9,25.2,16.4,0.6,0.0,51,小雨,0,,0,0,5,1.0,1.095,1.0,1.15,2471
2024-09-27,4,水城古镇,1800,ancient_town,19.9,25.2,16.4,0.6,0.0,51,小雨,0,,0,0,5,1.0,1.06,1.0,1.15,1195
2024-09-27,5,明湖国家湿地公园,1750,wetland,19.9,25.2,16.4,0.6,0.0,51,小雨,0,,0,0,5,1.0,1.058,1.0,1.15,1104
2024-09-28,1,梅花山风景区,2400,mountain,20.6,25.8,17.1,0.2,0.0,51,小雨,0,,1,0,6,1.0,1.08,1.6,1.15,2903
2024-09-28,2,玉舍国家森林公园,2300,forest,20.6,25.8,17.1,0.2,0.0,51,小雨,0,,1,0,6,1.0,1.077,1.6,1.15,2377
2024-09-28,3,乌蒙大草原,2857,grassland,20.6,25.8,17.1,0.2,0.0,51,小雨,0,,1,0,6,1.0,1.095,1.6,1.15,3887
2024-09-28,4,水城古镇,1800,ancient_town,20.6,25.8,17.1,0.2,0.0,51,小雨,0,,1,0,6,1.0,1.06,1.6,1.15,2037
2024-09-28,5,明湖国家湿地公园,1750,wetland,20.6,25.8,17.1,0.2,0.0,51,小雨,0,,1,0,6,1.0,1.058,1.6,1.15,1673
2024-09-29,1,梅花山风景区,2400,mountain,20.6,25.2,18.0,4.4,0.0,61,小雨,0,,1,0,7,0.8,1.08,1.6,1.15,2568
2024-09-29,2,玉舍国家森林公园,2300,forest,20.6,25.2,18.0,4.4,0.0,61,小雨,0,,1,0,7,0.8,1.077,1.6,1.15,2012
2024-09-29,3,乌蒙大草原,2857,grassland,20.6,25.2,18.0,4.4,0.0,61,小雨,0,,1,0,7,0.8,1.095,1.6,1.15,2972
2024-09-29,4,水城古镇,1800,ancient_town,20.6,25.2,18.0,4.4,0.0,61,小雨,0,,1,0,7,0.94,1.06,1.6,1.15,1772
2024-09-29,5,明湖国家湿地公园,1750,wetland,20.6,25.2,18.0,4.4,0.0,61,小雨,0,,1,0,7,0.64,1.058,1.6,1.15,1125
2024-09-30,1,梅花山风景区,2400,mountain,14.2,18.7,10.8,16.9,0.0,63,中雨,0,,0,0,1,0.55,0.96,1.0,1.15,874
2024-09-30,2,玉舍国家森林公园,2300,forest,14.2,18.7,10.8,16.9,0.0,63,中雨,0,,0,0,1,0.55,0.962,1.0,1.15,746
2024-09-30,3,乌蒙大草原,2857,grassland,14.2,18.7,10.8,16.9,0.0,63,中雨,0,,0,0,1,0.55,0.952,1.0,1.15,1067
2024-09-30,4,水城古镇,1800,ancient_town,14.2,18.7,10.8,16.9,0.0,63,中雨,0,,0,0,1,0.865,0.97,1.0,1.15,857
2024-09-30,5,明湖国家湿地公园,1750,wetland,14.2,18.7,10.8,16.9,0.0,63,中雨,0,,0,0,1,0.44,0.971,1.0,1.15,462
2024-10-01,1,梅花山风景区,2400,mountain,10.9,12.3,9.9,2.6,0.0,53,中雨,1,国庆节,0,7,2,0.64,0.96,4.5,1.15,4814
2024-10-01,2,玉舍国家森林公园,2300,forest,10.9,12.3,9.9,2.6,0.0,53,中雨,1,国庆节,0,7,2,0.64,0.962,4.5,1.15,4028
2024-10-01,3,乌蒙大草原,2857,grassland,10.9,12.3,9.9,2.6,0.0,53,中雨,1,国庆节,0,7,2,0.64,0.952,4.5,1.15,5639
2024-10-01,4,水城古镇,1800,ancient_town,10.9,12.3,9.9,2.6,0.0,53,中雨,1,国庆节,0,7,2,0.846,0.97,5.175,1.15,4929
2024-10-01,5,明湖国家湿地公园,1750,wetland,10.9,12.3,9.9,2.6,0.0,53,中雨,1,国庆节,0,7,2,0.512,0.971,4.725,1.15,2566
2024-10-02,1,梅花山风景区,2400,mountain,11.9,16.3,8.0,0.0,0.0,3,阴,1,国庆节,0,7,3,0.8,0.96,4.5,1.15,6077
2024-10-02,2,玉舍国家森林公园,2300,forest,11.9,16.3,8.0,0.0,0.0,3,阴,1,国庆节,0,7,3,0.8,0.962,4.5,1.15,4846
2024-10-02,3,乌蒙大草原,2857,grassland,11.9,16.3,8.0,0.0,0.0,3,阴,1,国庆节,0,7,3,0.8,0.952,4.5,1.15,8237
2024-10-02,4,水城古镇,1800,ancient_town,11.9,16.3,8.0,0.0,0.0,3,阴,1,国庆节,0,7,3,0.9,0.97,5.175,1.15,5000
2024-10-02,5,明湖国家湿地公园,1750,wetland,11.9,16.3,8.0,0.0,0.0,3,阴,1,国庆节,0,7,3,0.8,0.971,4.725,1.15,3830
2024-10-03,1,梅花山风景区,2400,mountain,12.2,14.8,10.6,0.7,0.0,51,小雨,1,国庆节,0,7,4,1.0,0.96,4.5,1.15,8000
2024-10-03,2,玉舍国家森林公园,2300,forest,12.2,14.8,10.6,0.7,0.0,51,小雨,1,国庆节,0,7,4,1.0,0.962,4.5,1.15,5731
2024-10-03,3,乌蒙大草原,2857,grassland,12.2,14.8,10.6,0.7,0.0,51,小雨,1,国庆节,0,7,4,1.0,0.952,4.5,1.15,8409
2024-10-03,4,水城古镇,1800,ancient_town,12.2,14.8,10.6,0.7,0.0,51,小雨,1,国庆节,0,7,4,1.0,0.97,5.175,1.15,5000
2024-10-03,5,明湖国家湿地公园,1750,wetland,12.2,14.8,10.6,0.7,0.0,51,小雨,1,国庆节,0,7,4,1.0,0.971,4.725,1.15,4000
2024-10-04,1,梅花山风景区,2400,mountain,14.8,20.1,10.5,0.6,0.0,51,小雨,1,国庆节,0,7,5,1.0,0.96,4.5,1.15,7685
2024-10-04,2,玉舍国家森林公园,2300,forest,14.8,20.1,10.5,0.6,0.0,51,小雨,1,国庆节,0,7,5,1.0,0.962,4.5,1.15,6000
2024-10-04,3,乌蒙大草原,2857,grassland,14.8,20.1,10.5,0.6,0.0,51,小雨,1,国庆节,0,7,5,1.0,0.952,4.5,1.15,8271
2024-10-04,4,水城古镇,1800,ancient_town,14.8,20.1,10.5,0.6,0.0,51,小雨,1,国庆节,0,7,5,1.0,0.97,5.175,1.15,5000
2024-10-04,5,明湖国家湿地公园,1750,wetland,14.8,20.1,10.5,0.6,0.0,51,小雨,1,国庆节,0,7,5,1.0,0.971,4.725,1.15,4000
2024-10-05,1,梅花山风景区,2400,mountain,15.3,20.4,11.3,3.0,0.0,61,小雨,1,国庆节,1,7,6,0.8,1.08,4.5,1.15,6674
2024-10-05,2,玉舍国家森林公园,2300,forest,15.3,20.4,11.3,3.0,0.0,61,小雨,1,国庆节,1,7,6,0.8,1.077,4.5,1.15,5357
2024-10-05,3,乌蒙大草原,2857,grassland,15.3,20.4,11.3,3.0,0.0,61,小雨,1,国庆节,1,7,6,0.8,1.095,4.5,1.15,8437
2024-10-05,4,水城古镇,1800,ancient_town,15.3,20.4,11.3,3.0,0.0,61,小雨,1,国庆节,1,7,6,0.94,1.06,5.175,1.15,5000
2024-10-05,5,明湖国家湿地公园,1750,wetland,15.3,20.4,11.3,3.0,0.0,61,小雨,1,国庆节,1,7,6,0.64,1.058,4.725,1.15,3418
2024-10-06,1,梅花山风景区,2400,mountain,12.2,14.0,10.8,4.2,0.0,55,大雨,1,国庆节,1,7,7,0.8,0.96,4.5,1.15,5637
2024-10-06,2,玉舍国家森林公园,2300,forest,12.2,14.0,10.8,4.2,0.0,55,大雨,1,国庆节,1,7,7,0.8,0.962,4.5,1.15,4735
2024-10-06,3,乌蒙大草原,2857,grassland,12.2,14.0,10.8,4.2,0.0,55,大雨,1,国庆节,1,7,7,0.8,0.952,4.5,1.15,6666
2024-10-06,4,水城古镇,1800,ancient_town,12.2,14.0,10.8,4.2,0.0,55,大雨,1,国庆节,1,7,7,0.94,0.97,5.175,1.15,5000
2024-10-06,5,明湖国家湿地公园,1750,wetland,12.2,14.0,10.8,4.2,0.0,55,大雨,1,国庆节,1,7,7,0.64,0.971,4.725,1.15,3119
2024-10-07,1,梅花山风景区,2400,mountain,12.5,15.3,10.4,0.7,0.0,51,小雨,1,国庆节,0,7,1,1.0,0.96,4.5,1.15,7415
2024-10-07,2,玉舍国家森林公园,2300,forest,12.5,15.3,10.4,0.7,0.0,51,小雨,1,国庆节,0,7,1,1.0,0.962,4.5,1.15,6000
2024-10-07,3,乌蒙大草原,2857,grassland,12.5,15.3,10.4,0.7,0.0,51,小雨,1,国庆节,0,7,1,1.0,0.952,4.5,1.15,8181
2024-10-07,4,水城古镇,1800,ancient_town,12.5,15.3,10.4,0.7,0.0,51,小雨,1,国庆节,0,7,1,1.0,0.97,5.175,1.15,5000
2024-10-07,5,明湖国家湿地公园,1750,wetland,12.5,15.3,10.4,0.7,0.0,51,小雨,1,国庆节,0,7,1,1.0,0.971,4.725,1.15,4000
2024-10-08,1,梅花山风景区,2400,mountain,12.7,15.7,10.5,0.5,0.0,51,小雨,0,,0,0,2,1.0,0.96,1.0,1.15,1666
2024-10-08,2,玉舍国家森林公园,2300,forest,12.7,15.7,10.5,0.5,0.0,51,小雨,0,,0,0,2,1.0,0.962,1.0,1.15,1401
2024-10-08,3,乌蒙大草原,2857,grassland,12.7,15.7,10.5,0.5,0.0,51,小雨,0,,0,0,2,1.0,0.952,1.0,1.15,1896
2024-10-08,4,水城古镇,1800,ancient_town,12.7,15.7,10.5,0.5,0.0,51,小雨,0,,0,0,2,1.0,0.97,1.0,1.15,1182
2024-10-08,5,明湖国家湿地公园,1750,wetland,12.7,15.7,10.5,0.5,0.0,51,小雨,0,,0,0,2,1.0,0.971,1.0,1.15,1011
2024-10-09,1,梅花山风景区,2400,mountain,14.1,18.4,9.8,0.2,0.0,51,小雨,0,,0,0,3,1.0,0.96,1.0,1.15,1658
2024-10-09,2,玉舍国家森林公园,2300,forest,14.1,18.4,9.8,0.2,0.0,51,小雨,0,,0,0,3,1.0,0.962,1.0,1.15,1363
2024-10-09,3,乌蒙大草原,2857,grassland,14.1,18.4,9.8,0.2,0.0,51,小雨,0,,0,0,3,1.0,0.952,1.0,1.15,1848
2024-10-09,4,水城古镇,1800,ancient_town,14.1,18.4,9.8,0.2,0.0,51,小雨,0,,0,0,3,1.0,0.97,1.0,1.15,1148
2024-10-09,5,明湖国家湿地公园,1750,wetland,14.1,18.4,9.8,0.2,0.0,51,小雨,0,,0,0,3,1.0,0.971,1.0,1.15,1007
2024-10-10,1,梅花山风景区,2400,mountain,12.3,13.3,11.6,5.4,0.0,53,中雨,0,,0,0,4,0.8,0.96,1.0,1.15,1393
2024-10-10,2,玉舍国家森林公园,2300,forest,12.3,13.3,11.6,5.4,0.0,53,中雨,0,,0,0,4,0.8,0.962,1.0,1.15,1050
2024-10-10,3,乌蒙大草原,2857,grassland,12.3,13.3,11.6,5.4,0.0,53,中雨,0,,0,0,4,0.8,0.952,1.0,1.15,1548
2024-10-10,4,水城古镇,1800,ancient_town,12.3,13.3,11.6,5.4,0.0,53,中雨,0,,0,0,4,0.94,0.97,1.0,1.15,1067
2024-10-10,5,明湖国家湿地公园,1750,wetland,12.3,13.3,11.6,5.4,0.0,53,中雨,0,,0,0,4,0.64,0.971,1.0,1.15,641
2024-10-11,1,梅花山风景区,2400,mountain,13.0,15.5,11.2,2.7,0.0,51,小雨,0,,0,0,5,0.8,0.96,1.0,1.15,1247
2024-10-11,2,玉舍国家森林公园,2300,forest,13.0,15.5,11.2,2.7,0.0,51,小雨,0,,0,0,5,0.8,0.962,1.0,1.15,1051
2024-10-11,3,乌蒙大草原,2857,grassland,13.0,15.5,11.2,2.7,0.0,51,小雨,0,,0,0,5,0.8,0.952,1.0,1.15,1677
2024-10-11,4,水城古镇,1800,ancient_town,13.0,15.5,11.2,2.7,0.0,51,小雨,0,,0,0,5,0.94,0.97,1.0,1.15,1043
2024-10-11,5,明湖国家湿地公园,1750,wetland,13.0,15.5,11.2,2.7,0.0,51,小雨,0,,0,0,5,0.64,0.971,1.0,1.15,615
2024-10-12,1,梅花山风景区,2400,mountain,14.9,18.6,12.4,14.9,0.0,63,中雨,0,,1,0,6,0.55,0.96,1.6,1.15,1509
2024-10-12,2,玉舍国家森林公园,2300,forest,14.9,18.6,12.4,14.9,0.0,63,中雨,0,,1,0,6,0.55,0.962,1.6,1.15,1059
2024-10-12,3,乌蒙大草原,2857,grassland,14.9,18.6,12.4,14.9,0.0,63,中雨,0,,1,0,6,0.55,0.952,1.6,1.15,1550
2024-10-12,4,水城古镇,1800,ancient_town,14.9,18.6,12.4,14.9,0.0,63,中雨,0,,1,0,6,0.865,0.97,1.6,1.15,1543
2024-10-12,5,明湖国家湿地公园,1750,wetland,14.9,18.6,12.4,14.9,0.0,63,中雨,0,,1,0,6,0.44,0.971,1.6,1.15,713
2024-10-13,1,梅花山风景区,2400,mountain,14.2,18.1,11.7,31.1,0.0,65,大雨,0,,1,0,7,0.3,0.96,1.6,1.15,803
2024-10-13,2,玉舍国家森林公园,2300,forest,14.2,18.1,11.7,31.1,0.0,65,大雨,0,,1,0,7,0.3,0.962,1.6,1.15,608
2024-10-13,3,乌蒙大草原,2857,grassland,14.2,18.1,11.7,31.1,0.0,65,大雨,0,,1,0,7,0.3,0.952,1.6,1.15,939
2024-10-13,4,水城古镇,1800,ancient_town,14.2,18.1,11.7,31.1,0.0,65,大雨,0,,1,0,7,0.79,0.97,1.6,1.15,1311
2024-10-13,5,明湖国家湿地公园,1750,wetland,14.2,18.1,11.7,31.1,0.0,65,大雨,0,,1,0,7,0.24,0.971,1.6,1.15,390
2024-10-14,1,梅花山风景区,2400,mountain,14.2,18.2,11.0,11.3,0.0,63,中雨,0,,0,0,1,0.55,0.96,1.0,1.15,837
2024-10-14,2,玉舍国家森林公园,2300,forest,14.2,18.2,11.0,11.3,0.0,63,中雨,0,,0,0,1,0.55,0.962,1.0,1.15,724
2024-10-14,3,乌蒙大草原,2857,grassland,14.2,18.2,11.0,11.3,0.0,63,中雨,0,,0,0,1,0.55,0.952,1.0,1.15,1098
2024-10-14,4,水城古镇,1800,ancient_town,14.2,18.2,11.0,11.3,0.0,63,中雨,0,,0,0,1,0.865,0.97,1.0,1.15,880
2024-10-14,5,明湖国家湿地公园,1750,wetland,14.2,18.2,11.0,11.3,0.0,63,中雨,0,,0,0,1,0.44,0.971,1.0,1.15,430
2024-10-15,1,梅花山风景区,2400,mountain,14.8,19.0,11.4,1.3,0.0,51,小雨,0,,0,0,2,1.0,0.96,1.0,1.15,1721
2024-10-15,2,玉舍国家森林公园,2300,forest,14.8,19.0,11.4,1.3,0.0,51,小雨,0,,0,0,2,1.0,0.962,1.0,1.15,1429
2024-10-15,3,乌蒙大草原,2857,grassland,14.8,19.0,11.4,1.3,0.0,51,小雨,0,,0,0,2,1.0,0.952,1.0,1.15,1823
2024-10-15,4,水城古镇,1800,ancient_town,14.8,19.0,11.4,1.3,0.0,51,小雨,0,,0,0,2,1.0,0.97,1.0,1.15,1134
2024-10-15,5,明湖国家湿地公园,1750,wetland,14.8,19.0,11.4,1.3,0.0,51,小雨,0,,0,0,2,1.0,0.971,1.0,1.15,942
2024-10-16,1,梅花山风景区,2400,mountain,14.6,18.2,11.7,2.7,0.0,53,中雨,0,,0,0,3,0.8,0.96,1.0,1.15,1235
2024-10-16,2,玉舍国家森林公园,2300,forest,14.6,18.2,11.7,2.7,0.0,53,中雨,0,,0,0,3,0.8,0.962,1.0,1.15,1146
2024-10-16,3,乌蒙大草原,2857,grassland,14.6,18.2,11.7,2.7,0.0,53,中雨,0,,0,0,3,0.8,0.952,1.0,1.15,1629
2024-10-16,4,水城古镇,1800,ancient_town,14.6,18.2,11.7,2.7,0.0,53,中雨,0,,0,0,3,0.94,0.97,1.0,1.15,1006
2024-10-16,5,明湖国家湿地公园,1750,wetland,14.6,18.2,11.7,2.7,0.0,53,中雨,0,,0,0,3,0.64,0.971,1.0,1.15,650
2024-10-17,1,梅花山风景区,2400,mountain,17.1,22.9,13.9,2.8,0.0,53,中雨,0,,0,0,4,0.8,1.08,1.0,1.15,1538
2024-10-17,2,玉舍国家森林公园,2300,forest,17.1,22.9,13.9,2.8,0.0,53,中雨,0,,0,0,4,0.8,1.077,1.0,1.15,1199
2024-10-17,3,乌蒙大草原,2857,grassland,17.1,22.9,13.9,2.8,0.0,53,中雨,0,,0,0,4,0.8,1.095,1.0,1.15,2017
2024-10-17,4,水城古镇,1800,ancient_town,17.1,22.9,13.9,2.8,0.0,53,中雨,0,,0,0,4,0.94,1.06,1.0,1.15,1180
2024-10-17,5,明湖国家湿地公园,1750,wetland,17.1,22.9,13.9,2.8,0.0,53,中雨,0,,0,0,4,0.64,1.058,1.0,1.15,596
2024-10-18,1,梅花山风景区,2400,mountain,16.5,21.3,13.5,6.0,0.0,55,大雨,0,,0,0,5,0.8,1.08,1.0,1.15,1468
2024-10-18,2,玉舍国家森林公园,2300,forest,16.5,21.3,13.5,6.0,0.0,55,大雨,0,,0,0,5,0.8,1.077,1.0,1.15,1144
2024-10-18,3,乌蒙大草原,2857,grassland,16.5,21.3,13.5,6.0,0.0,55,大雨,0,,0,0,5,0.8,1.095,1.0,1.15,1795
2024-10-18,4,水城古镇,1800,ancient_town,16.5,21.3,13.5,6.0,0.0,55,大雨,0,,0,0,5,0.94,1.06,1.0,1.15,1146
2024-10-18,5,明湖国家湿地公园,1750,wetland,16.5,21.3,13.5,6.0,0.0,55,大雨,0,,0,0,5,0.64,1.058,1.0,1.15,678
2024-10-19,1,梅花山风景区,2400,mountain,17.0,21.8,14.2,4.9,0.0,61,小雨,0,,1,0,6,0.8,1.08,1.6,1.15,2255
2024-10-19,2,玉舍国家森林公园,2300,forest,17.0,21.8,14.2,4.9,0.0,61,小雨,0,,1,0,6,0.8,1.077,1.6,1.15,2031
2024-10-19,3,乌蒙大草原,2857,grassland,17.0,21.8,14.2,4.9,0.0,61,小雨,0,,1,0,6,0.8,1.095,1.6,1.15,2988
2024-10-19,4,水城古镇,1800,ancient_town,17.0,21.8,14.2,4.9,0.0,61,小雨,0,,1,0,6,0.94,1.06,1.6,1.15,1771
2024-10-19,5,明湖国家湿地公园,1750,wetland,17.0,21.8,14.2,4.9,0.0,61,小雨,0,,1,0,6,0.64,1.058,1.6,1.15,1159
2024-10-20,1,梅花山风景区,2400,mountain,17.4,21.7,14.4,4.5,0.0,61,小雨,0,,1,0,7,0.8,1.08,1.6,1.15,2465
2024-10-20,2,玉舍国家森林公园,2300,forest,17.4,21.7,14.4,4.5,0.0,61,小雨,0,,1,0,7,0.8,1.077,1.6,1.15,2022
2024-10-20,3,乌蒙大草原,2857,grassland,17.4,21.7,14.4,4.5,0.0,61,小雨,0,,1,0,7,0.8,1.095,1.6,1.15,2748
2024-10-20,4,水城古镇,1800,ancient_town,17.4,21.7,14.4,4.5,0.0,61,小雨,0,,1,0,7,0.94,1.06,1.6,1.15,1904
2024-10-20,5,明湖国家湿地公园,1750,wetland,17.4,21.7,14.4,4.5,0.0,61,小雨,0,,1,0,7,0.64,1.058,1.6,1.15,1087
2024-10-21,1,梅花山风景区,2400,mountain,18.6,24.1,15.7,1.4,0.0,51,小雨,0,,0,0,1,1.0,1.08,1.0,1.15,1970
2024-10-21,2,玉舍国家森林公园,2300,forest,18.6,24.1,15.7,1.4,0.0,51,小雨,0,,0,0,1,1.0,1.077,1.0,1.15,1471
2024-10-21,3,乌蒙大草原,2857,grassland,18.6,24.1,15.7,1.4,0.0,51,小雨,0,,0,0,1,1.0,1.095,1.0,1.15,2009
2024-10-21,4,水城古镇,1800,ancient_town,18.6,24.1,15.7,1.4,0.0,51,小雨,0,,0,0,1,1.0,1.06,1.0,1.15,1221
2024-10-21,5,明湖国家湿地公园,1750,wetland,18.6,24.1,15.7,1.4,0.0,51,小雨,0,,0,0,1,1.0,1.058,1.0,1.15,997
2024-10-22,1,梅花山风景区,2400,mountain,14.0,15.3,12.2,1.7,0.0,51,小雨,0,,0,0,2,1.0,0.96,1.0,1.15,1638
2024-10-22,2,玉舍国家森林公园,2300,forest,14.0,15.3,12.2,1.7,0.0,51,小雨,0,,0,0,2,1.0,0.962,1.0,1.15,1323
2024-10-22,3,乌蒙大草原,2857,grassland,14.0,15.3,12.2,1.7,0.0,51,小雨,0,,0,0,2,1.0,0.952,1.0,1.15,1931
2024-10-22,4,水城古镇,1800,ancient_town,14.0,15.3,12.2,1.7,0.0,51,小雨,0,,0,0,2,1.0,0.97,1.0,1.15,1032
2024-10-22,5,明湖国家湿地公园,1750,wetland,14.0,15.3,12.2,1.7,0.0,51,小雨,0,,0,0,2,1.0,0.971,1.0,1.15,948
2024-10-23,1,梅花山风景区,2400,mountain,13.5,18.1,10.3,0.0,0.0,3,阴,0,,0,0,3,1.0,0.96,1.0,1.15,1586
2024-10-23,2,玉舍国家森林公园,2300,forest,13.5,18.1,10.3,0.0,0.0,3,阴,0,,0,0,3,1.0,0.962,1.0,1.15,1310
2024-10-23,3,乌蒙大草原,2857,grassland,13.5,18.1,10.3,0.0,0.0,3,阴,0,,0,0,3,1.0,0.952,1.0,1.15,2098
2024-10-23,4,水城古镇,1800,ancient_town,13.5,18.1,10.3,0.0,0.0,3,阴,0,,0,0,3,1.0,0.97,1.0,1.15,1155
2024-10-23,5,明湖国家湿地公园,1750,wetland,13.5,18.1,10.3,0.0,0.0,3,阴,0,,0,0,3,1.0,0.971,1.0,1.15,981
2024-10-24,1,梅花山风景区,2400,mountain,14.4,20.6,8.8,0.0,0.0,3,阴,0,,0,0,4,1.0,0.96,1.0,1.15,1761
2024-10-24,2,玉舍国家森林公园,2300,forest,14.4,20.6,8.8,0.0,0.0,3,阴,0,,0,0,4,1.0,0.962,1.0,1.15,1236
2024-10-24,3,乌蒙大草原,2857,grassland,14.4,20.6,8.8,0.0,0.0,3,阴,0,,0,0,4,1.0,0.952,1.0,1.15,2038
2024-10-24,4,水城古镇,1800,ancient_town,14.4,20.6,8.8,0.0,0.0,3,阴,0,,0,0,4,1.0,0.97,1.0,1.15,1105
2024-10-24,5,明湖国家湿地公园,1750,wetland,14.4,20.6,8.8,0.0,0.0,3,阴,0,,0,0,4,1.0,0.971,1.0,1.15,1016
2024-10-25,1,梅花山风景区,2400,mountain,14.8,20.2,11.3,0.0,0.0,3,阴,0,,0,0,5,1.0,0.96,1.0,1.15,1708
2024-10-25,2,玉舍国家森林公园,2300,forest,14.8,20.2,11.3,0.0,0.0,3,阴,0,,0,0,5,1.0,0.962,1.0,1.15,1282
2024-10-25,3,乌蒙大草原,2857,grassland,14.8,20.2,11.3,0.0,0.0,3,阴,0,,0,0,5,1.0,0.952,1.0,1.15,2050
2024-10-25,4,水城古镇,1800,ancient_town,14.8,20.2,11.3,0.0,0.0,3,阴,0,,0,0,5,1.0,0.97,1.0,1.15,1114
2024-10-25,5,明湖国家湿地公园,1750,wetland,14.8,20.2,11.3,0.0,0.0,3,阴,0,,0,0,5,1.0,0.971,1.0,1.15,1125
2024-10-26,1,梅花山风景区,2400,mountain,13.2,17.7,9.8,0.0,0.0,3,阴,0,,1,0,6,1.0,0.96,1.6,1.15,2609
2024-10-26,2,玉舍国家森林公园,2300,forest,13.2,17.7,9.8,0.0,0.0,3,阴,0,,1,0,6,1.0,0.962,1.6,1.15,2258
2024-10-26,3,乌蒙大草原,2857,grassland,13.2,17.7,9.8,0.0,0.0,3,阴,0,,1,0,6,1.0,0.952,1.6,1.15,3256
2024-10-26,4,水城古镇,1800,ancient_town,13.2,17.7,9.8,0.0,0.0,3,阴,0,,1,0,6,1.0,0.97,1.6,1.15,1680
2024-10-26,5,明湖国家湿地公园,1750,wetland,13.2,17.7,9.8,0.0,0.0,3,阴,0,,1,0,6,1.0,0.971,1.6,1.15,1717
2024-10-27,1,梅花山风景区,2400,mountain,11.6,15.6,8.5,0.0,0.0,3,阴,0,,1,0,7,0.8,0.96,1.6,1.15,2007
2024-10-27,2,玉舍国家森林公园,2300,forest,11.6,15.6,8.5,0.0,0.0,3,阴,0,,1,0,7,0.8,0.962,1.6,1.15,1509
2024-10-27,3,乌蒙大草原,2857,grassland,11.6,15.6,8.5,0.0,0.0,3,阴,0,,1,0,7,0.8,0.952,1.6,1.15,2631
2024-10-27,4,水城古镇,1800,ancient_town,11.6,15.6,8.5,0.0,0.0,3,阴,0,,1,0,7,0.9,0.97,1.6,1.15,1692
2024-10-27,5,明湖国家湿地公园,1750,wetland,11.6,15.6,8.5,0.0,0.0,3,阴,0,,1,0,7,0.8,0.971,1.6,1.15,1289
2024-10-28,1,梅花山风景区,2400,mountain,12.3,18.6,6.8,0.0,0.0,3,阴,0,,0,0,1,1.0,0.96,1.0,1.15,1634
2024-10-28,2,玉舍国家森林公园,2300,forest,12.3,18.6,6.8,0.0,0.0,3,阴,0,,0,0,1,1.0,0.962,1.0,1.15,1432
2024-10-28,3,乌蒙大草原,2857,grassland,12.3,18.6,6.8,0.0,0.0,3,阴,0,,0,0,1,1.0,0.952,1.0,1.15,2041
2024-10-28,4,水城古镇,1800,ancient_town,12.3,18.6,6.8,0.0,0.0,3,阴,0,,0,0,1,1.0,0.97,1.0,1.15,1078
2024-10-28,5,明湖国家湿地公园,1750,wetland,12.3,18.6,6.8,0.0,0.0,3,阴,0,,0,0,1,1.0,0.971,1.0,1.15,1041
2024-10-29,1,梅花山风景区,2400,mountain,12.9,20.6,6.5,0.0,0.0,3,阴,0,,0,0,2,1.0,0.96,1.0,1.15,1553
2024-10-29,2,玉舍国家森林公园,2300,forest,12.9,20.6,6.5,0.0,0.0,3,阴,0,,0,0,2,1.0,0.962,1.0,1.15,1290
2024-10-29,3,乌蒙大草原,2857,grassland,12.9,20.6,6.5,0.0,0.0,3,阴,0,,0,0,2,1.0,0.952,1.0,1.15,1867
2024-10-29,4,水城古镇,1800,ancient_town,12.9,20.6,6.5,0.0,0.0,3,阴,0,,0,0,2,1.0,0.97,1.0,1.15,992
2024-10-29,5,明湖国家湿地公园,1750,wetland,12.9,20.6,6.5,0.0,0.0,3,阴,0,,0,0,2,1.0,0.971,1.0,1.15,945
2024-10-30,1,梅花山风景区,2400,mountain,14.0,19.8,9.3,0.3,0.0,51,小雨,0,,0,0,3,1.0,0.96,1.0,1.15,1757
2024-10-30,2,玉舍国家森林公园,2300,forest,14.0,19.8,9.3,0.3,0.0,51,小雨,0,,0,0,3,1.0,0.962,1.0,1.15,1254
2024-10-30,3,乌蒙大草原,2857,grassland,14.0,19.8,9.3,0.3,0.0,51,小雨,0,,0,0,3,1.0,0.952,1.0,1.15,1917
2024-10-30,4,水城古镇,1800,ancient_town,14.0,19.8,9.3,0.3,0.0,51,小雨,0,,0,0,3,1.0,0.97,1.0,1.15,1050
2024-10-30,5,明湖国家湿地公园,1750,wetland,14.0,19.8,9.3,0.3,0.0,51,小雨,0,,0,0,3,1.0,0.971,1.0,1.15,1048
2024-10-31,1,梅花山风景区,2400,mountain,14.6,19.6,11.8,3.2,0.0,53,中雨,0,,0,0,4,0.8,0.96,1.0,1.15,1324
2024-10-31,2,玉舍国家森林公园,2300,forest,14.6,19.6,11.8,3.2,0.0,53,中雨,0,,0,0,4,0.8,0.962,1.0,1.15,1087
2024-10-31,3,乌蒙大草原,2857,grassland,14.6,19.6,11.8,3.2,0.0,53,中雨,0,,0,0,4,0.8,0.952,1.0,1.15,1568
2024-10-31,4,水城古镇,1800,ancient_town,14.6,19.6,11.8,3.2,0.0,53,中雨,0,,0,0,4,0.94,0.97,1.0,1.15,987
2024-10-31,5,明湖国家湿地公园,1750,wetland,14.6,19.6,11.8,3.2,0.0,53,中雨,0,,0,0,4,0.64,0.971,1.0,1.15,611
2024-11-01,1,梅花山风景区,2400,mountain,12.3,14.7,10.8,4.6,0.0,55,大雨,0,,0,0,5,0.8,0.96,1.0,0.95,1140
2024-11-01,2,玉舍国家森林公园,2300,forest,12.3,14.7,10.8,4.6,0.0,55,大雨,0,,0,0,5,0.8,0.962,1.0,0.95,874
2024-11-01,3,乌蒙大草原,2857,grassland,12.3,14.7,10.8,4.6,0.0,55,大雨,0,,0,0,5,0.8,0.952,1.0,0.95,1353
2024-11-01,4,水城古镇,1800,ancient_town,12.3,14.7,10.8,4.6,0.0,55,大雨,0,,0,0,5,0.94,0.97,1.0,0.95,729
2024-11-01,5,明湖国家湿地公园,1750,wetland,12.3,14.7,10.8,4.6,0.0,55,大雨,0,,0,0,5,0.64,0.971,1.0,0.95,560
2024-11-02,1,梅花山风景区,2400,mountain,13.3,18.9,7.9,0.0,0.0,3,阴,0,,1,0,6,1.0,0.96,1.6,0.95,2134
2024-11-02,2,玉舍国家森林公园,2300,forest,13.3,18.9,7.9,0.0,0.0,3,阴,0,,1,0,6,1.0,0.962,1.6,0.95,1944
2024-11-02,3,乌蒙大草原,2857,grassland,13.3,18.9,7.9,0.0,0.0,3,阴,0,,1,0,6,1.0,0.952,1.6,0.95,2539
2024-11-02,4,水城古镇,1800,ancient_town,13.3,18.9,7.9,0.0,0.0,3,阴,0,,1,0,6,1.0,0.97,1.6,0.95,1476
2024-11-02,5,明湖国家湿地公园,1750,wetland,13.3,18.9,7.9,0.0,0.0,3,阴,0,,1,0,6,1.0,0.971,1.6,0.95,1371
2024-11-03,1,梅花山风景区,2400,mountain,12.7,17.7,7.9,7.5,0.0,61,小雨,0,,1,0,7,0.8,0.96,1.6,0.95,1674
2024-11-03,2,玉舍国家森林公园,2300,forest,12.7,17.7,7.9,7.5,0.0,61,小雨,0,,1,0,7,0.8,0.962,1.6,0.95,1464
2024-11-03,3,乌蒙大草原,2857,grassland,12.7,17.7,7.9,7.5,0.0,61,小雨,0,,1,0,7,0.8,0.952,1.6,0.95,2017
2024-11-03,4,水城古镇,1800,ancient_town,12.7,17.7,7.9,7.5,0.0,61,小雨,0,,1,0,7,0.94,0.97,1.6,0.95,1475
2024-11-03,5,明湖国家湿地公园,1750,wetland,12.7,17.7,7.9,7.5,0.0,61,小雨,0,,1,0,7,0.64,0.971,1.6,0.95,883
2024-11-04,1,梅花山风景区,2400,mountain,11.9,13.8,10.0,6.2,0.0,55,大雨,0,,0,0,1,0.64,0.96,1.0,0.95,897
2024-11-04,2,玉舍国家森林公园,2300,forest,11.9,13.8,10.0,6.2,0.0,55,大雨,0,,0,0,1,0.64,0.962,1.0,0.95,676
2024-11-04,3,乌蒙大草原,2857,grassland,11.9,13.8,10.0,6.2,0.0,55,大雨,0,,0,0,1,0.64,0.952,1.0,0.95,1031
2024-11-04,4,水城古镇,1800,ancient_town,11.9,13.8,10.0,6.2,0.0,55,大雨,0,,0,0,1,0.846,0.97,1.0,0.95,791
2024-11-04,5,明湖国家湿地公园,1750,wetland,11.9,13.8,10.0,6.2,0.0,55,大雨,0,,0,0,1,0.512,0.971,1.0,0.95,381
2024-11-05,1,梅花山风景区,2400,mountain,11.5,14.5,9.2,0.3,0.0,51,小雨,0,,0,0,2,0.8,0.96,1.0,0.95,1064
2024-11-05,2,玉舍国家森林公园,2300,forest,11.5,14.5,9.2,0.3,0.0,51,小雨,0,,0,0,2,0.8,0.962,1.0,0.95,918
2024-11-05,3,乌蒙大草原,2857,grassland,11.5,14.5,9.2,0.3,0.0,51,小雨,0,,0,0,2,0.8,0.952,1.0,0.95,1220
2024-11-05,4,水城古镇,1800,ancient_town,11.5,14.5,9.2,0.3,0.0,51,小雨,0,,0,0,2,0.9,0.97,1.0,0.95,882
2024-11-05,5,明湖国家湿地公园,1750,wetland,11.5,14.5,9.2,0.3,0.0,51,小雨,0,,0,0,2,0.8,0.971,1.0,0.95,643
2024-11-06,1,梅花山风景区,2400,mountain,12.0,14.7,9.3,1.5,0.0,51,小雨,0,,0,0,3,1.0,0.96,1.0,0.95,1390
2024-11-06,2,玉舍国家森林公园,2300,forest,12.0,14.7,9.3,1.5,0.0,51,小雨,0,,0,0,3,1.0,0.962,1.0,0.95,1033
2024-11-06,3,乌蒙大草原,2857,grassland,12.0,14.7,9.3,1.5,0.0,51,小雨,0,,0,0,3,1.0,0.952,1.0,0.95,1668
2024-11-06,4,水城古镇,1800,ancient_town,12.0,14.7,9.3,1.5,0.0,51,小雨,0,,0,0,3,1.0,0.97,1.0,0.95,942
2024-11-06,5,明湖国家湿地公园,1750,wetland,12.0,14.7,9.3,1.5,0.0,51,小雨,0,,0,0,3,1.0,0.971,1.0,0.95,877
2024-11-07,1,梅花山风景区,2400,mountain,12.0,15.0,10.3,7.4,0.0,61,小雨,0,,0,0,4,0.8,0.96,1.0,0.95,1168
2024-11-07,2,玉舍国家森林公园,2300,forest,12.0,15.0,10.3,7.4,0.0,61,小雨,0,,0,0,4,0.8,0.962,1.0,0.95,932
2024-11-07,3,乌蒙大草原,2857,grassland,12.0,15.0,10.3,7.4,0.0,61,小雨,0,,0,0,4,0.8,0.952,1.0,0.95,1316
2024-11-07,4,水城古镇,1800,ancient_town,12.0,15.0,10.3,7.4,0.0,61,小雨,0,,0,0,4,0.94,0.97,1.0,0.95,813
2024-11-07,5,明湖国家湿地公园,1750,wetland,12.0,15.0,10.3,7.4,0.0,61,小雨,0,,0,0,4,0.64,0.971,1.0,0.95,566
2024-11-08,1,梅花山风景区,2400,mountain,11.8,13.3,10.6,8.9,0.0,55,大雨,0,,0,0,5,0.64,0.96,1.0,0.95,818
2024-11-08,2,玉舍国家森林公园,2300,forest,11.8,13.3,10.6,8.9,0.0,55,大雨,0,,0,0,5,0.64,0.962,1.0,0.95,686
2024-11-08,3,乌蒙大草原,2857,grassland,11.8,13.3,10.6,8.9,0.0,55,大雨,0,,0,0,5,0.64,0.952,1.0,0.95,1080
2024-11-08,4,水城古镇,1800,ancient_town,11.8,13.3,10.6,8.9,0.0,55,大雨,0,,0,0,5,0.846,0.97,1.0,0.95,796
2024-11-08,5,明湖国家湿地公园,1750,wetland,11.8,13.3,10.6,8.9,0.0,55,大雨,0,,0,0,5,0.512,0.971,1.0,0.95,458
2024-11-09,1,梅花山风景区,2400,mountain,14.0,20.9,10.3,0.0,0.0,3,阴,0,,1,0,6,1.0,0.96,1.6,0.95,2188
2024-11-09,2,玉舍国家森林公园,2300,forest,14.0,20.9,10.3,0.0,0.0,3,阴,0,,1,0,6,1.0,0.962,1.6,0.95,1605
2024-11-09,3,乌蒙大草原,2857,grassland,14.0,20.9,10.3,0.0,0.0,3,阴,0,,1,0,6,1.0,0.952,1.6,0.95,2569
2024-11-09,4,水城古镇,1800,ancient_town,14.0,20.9,10.3,0.0,0.0,3,阴,0,,1,0,6,1.0,0.97,1.6,0.95,1487
2024-11-09,5,明湖国家湿地公园,1750,wetland,14.0,20.9,10.3,0.0,0.0,3,阴,0,,1,0,6,1.0,0.971,1.6,0.95,1304
2024-11-10,1,梅花山风景区,2400,mountain,13.5,18.7,10.4,0.8,0.0,51,小雨,0,,1,0,7,1.0,0.96,1.6,0.95,2343
2024-11-10,2,玉舍国家森林公园,2300,forest,13.5,18.7,10.4,0.8,0.0,51,小雨,0,,1,0,7,1.0,0.962,1.6,0.95,1732
2024-11-10,3,乌蒙大草原,2857,grassland,13.5,18.7,10.4,0.8,0.0,51,小雨,0,,1,0,7,1.0,0.952,1.6,0.95,2418
2024-11-10,4,水城古镇,1800,ancient_town,13.5,18.7,10.4,0.8,0.0,51,小雨,0,,1,0,7,1.0,0.97,1.6,0.95,1508
2024-11-10,5,明湖国家湿地公园,1750,wetland,13.5,18.7,10.4,0.8,0.0,51,小雨,0,,1,0,7,1.0,0.971,1.6,0.95,1251
2024-11-11,1,梅花山风景区,2400,mountain,13.5,16.2,10.1,3.6,0.0,53,中雨,0,,0,0,1,0.8,0.96,1.0,0.95,1187
2024-11-11,2,玉舍国家森林公园,2300,forest,13.5,16.2,10.1,3.6,0.0,53,中雨,0,,0,0,1,0.8,0.962,1.0,0.95,888
2024-11-11,3,乌蒙大草原,2857,grassland,13.5,16.2,10.1,3.6,0.0,53,中雨,0,,0,0,1,0.8,0.952,1.0,0.95,1211
2024-11-11,4,水城古镇,1800,ancient_town,13.5,16.2,10.1,3.6,0.0,53,中雨,0,,0,0,1,0.94,0.97,1.0,0.95,912
2024-11-11,5,明湖国家湿地公园,1750,wetland,13.5,16.2,10.1,3.6,0.0,53,中雨,0,,0,0,1,0.64,0.971,1.0,0.95,594
2024-11-12,1,梅花山风景区,2400,mountain,15.8,21.6,12.0,0.0,0.0,3,阴,0,,0,0,2,1.0,1.08,1.0,0.95,1384
2024-11-12,2,玉舍国家森林公园,2300,forest,15.8,21.6,12.0,0.0,0.0,3,阴,0,,0,0,2,1.0,1.077,1.0,0.95,1282
2024-11-12,3,乌蒙大草原,2857,grassland,15.8,21.6,12.0,0.0,0.0,3,阴,0,,0,0,2,1.0,1.095,1.0,0.95,1918
2024-11-12,4,水城古镇,1800,ancient_town,15.8,21.6,12.0,0.0,0.0,3,阴,0,,0,0,2,1.0,1.06,1.0,0.95,1015
2024-11-12,5,明湖国家湿地公园,1750,wetland,15.8,21.6,12.0,0.0,0.0,3,阴,0,,0,0,2,1.0,1.058,1.0,0.95,920
2024-11-13,1,梅花山风景区,2400,mountain,15.6,23.3,11.2,0.0,0.0,3,阴,0,,0,0,3,1.0,1.08,1.0,0.95,1576
2024-11-13,2,玉舍国家森林公园,2300,forest,15.6,23.3,11.2,0.0,0.0,3,阴,0,,0,0,3,1.0,1.077,1.0,0.95,1184
2024-11-13,3,乌蒙大草原,2857,grassland,15.6,23.3,11.2,0.0,0.0,3,阴,0,,0,0,3,1.0,1.095,1.0,0.95,2004
2024-11-13,4,水城古镇,1800,ancient_town,15.6,23.3,11.2,0.0,0.0,3,阴,0,,0,0,3,1.0,1.06,1.0,0.95,939
2024-11-13,5,明湖国家湿地公园,1750,wetland,15.6,23.3,11.2,0.0,0.0,3,阴,0,,0,0,3,1.0,1.058,1.0,0.95,993
2024-11-14,1,梅花山风景区,2400,mountain,14.7,21.3,10.5,0.7,0.0,51,小雨,0,,0,0,4,1.0,0.96,1.0,0.95,1472
2024-11-14,2,玉舍国家森林公园,2300,forest,14.7,21.3,10.5,0.7,0.0,51,小雨,0,,0,0,4,1.0,0.962,1.0,0.95,1031
2024-11-14,3,乌蒙大草原,2857,grassland,14.7,21.3,10.5,0.7,0.0,51,小雨,0,,0,0,4,1.0,0.952,1.0,0.95,1628
2024-11-14,4,水城古镇,1800,ancient_town,14.7,21.3,10.5,0.7,0.0,51,小雨,0,,0,0,4,1.0,0.97,1.0,0.95,986
2024-11-14,5,明湖国家湿地公园,1750,wetland,14.7,21.3,10.5,0.7,0.0,51,小雨,0,,0,0,4,1.0,0.971,1.0,0.95,809
2024-11-15,1,梅花山风景区,2400,mountain,14.3,21.0,8.9,0.1,0.0,51,小雨,0,,0,0,5,1.0,0.96,1.0,0.95,1356
2024-11-15,2,玉舍国家森林公园,2300,forest,14.3,21.0,8.9,0.1,0.0,51,小雨,0,,0,0,5,1.0,0.962,1.0,0.95,1074
2024-11-15,3,乌蒙大草原,2857,grassland,14.3,21.0,8.9,0.1,0.0,51,小雨,0,,0,0,5,1.0,0.952,1.0,0.95,1723
2024-11-15,4,水城古镇,1800,ancient_town,14.3,21.0,8.9,0.1,0.0,51,小雨,0,,0,0,5,1.0,0.97,1.0,0.95,893
2024-11-15,5,明湖国家湿地公园,1750,wetland,14.3,21.0,8.9,0.1,0.0,51,小雨,0,,0,0,5,1.0,0.971,1.0,0.95,829
2024-11-16,1,梅花山风景区,2400,mountain,14.0,19.7,10.9,6.7,0.0,61,小雨,0,,1,0,6,0.8,0.96,1.6,0.95,1798
2024-11-16,2,玉舍国家森林公园,2300,forest,14.0,19.7,10.9,6.7,0.0,61,小雨,0,,1,0,6,0.8,0.962,1.6,0.95,1388
2024-11-16,3,乌蒙大草原,2857,grassland,14.0,19.7,10.9,6.7,0.0,61,小雨,0,,1,0,6,0.8,0.952,1.6,0.95,1994
2024-11-16,4,水城古镇,1800,ancient_town,14.0,19.7,10.9,6.7,0.0,61,小雨,0,,1,0,6,0.94,0.97,1.6,0.95,1292
2024-11-16,5,明湖国家湿地公园,1750,wetland,14.0,19.7,10.9,6.7,0.0,61,小雨,0,,1,0,6,0.64,0.971,1.6,0.95,785
2024-11-17,1,梅花山风景区,2400,mountain,12.4,18.1,8.4,4.4,0.0,61,小雨,0,,1,0,7,0.8,0.96,1.6,0.95,1647
2024-11-17,2,玉舍国家森林公园,2300,forest,12.4,18.1,8.4,4.4,0.0,61,小雨,0,,1,0,7,0.8,0.962,1.6,0.95,1282
2024-11-17,3,乌蒙大草原,2857,grassland,12.4,18.1,8.4,4.4,0.0,61,小雨,0,,1,0,7,0.8,0.952,1.6,0.95,2008
2024-11-17,4,水城古镇,1800,ancient_town,12.4,18.1,8.4,4.4,0.0,61,小雨,0,,1,0,7,0.94,0.97,1.6,0.95,1406
2024-11-17,5,明湖国家湿地公园,1750,wetland,12.4,18.1,8.4,4.4,0.0,61,小雨,0,,1,0,7,0.64,0.971,1.6,0.95,852
2024-11-18,1,梅花山风景区,2400,mountain,10.0,13.5,6.5,5.6,0.0,61,小雨,0,,0,0,1,0.64,0.96,1.0,0.95,839
2024-11-18,2,玉舍国家森林公园,2300,forest,10.0,13.5,6.5,5.6,0.0,61,小雨,0,,0,0,1,0.64,0.962,1.0,0.95,665
2024-11-18,3,乌蒙大草原,2857,grassland,10.0,13.5,6.5,5.6,0.0,61,小雨,0,,0,0,1,0.64,0.952,1.0,0.95,990
2024-11-18,4,水城古镇,1800,ancient_town,10.0,13.5,6.5,5.6,0.0,61,小雨,0,,0,0,1,0.846,0.97,1.0,0.95,725
2024-11-18,5,明湖国家湿地公园,1750,wetland,10.0,13.5,6.5,5.6,0.0,61,小雨,0,,0,0,1,0.512,0.971,1.0,0.95,398
2024-11-19,1,梅花山风景区,2400,mountain,7.2,9.8,4.7,4.0,0.0,55,大雨,0,,0,0,2,0.64,0.96,1.0,0.95,906
2024-11-19,2,玉舍国家森林公园,2300,forest,7.2,9.8,4.7,4.0,0.0,55,大雨,0,,0,0,2,0.64,0.962,1.0,0.95,652
2024-11-19,3,乌蒙大草原,2857,grassland,7.2,9.8,4.7,4.0,0.0,55,大雨,0,,0,0,2,0.64,0.952,1.0,0.95,1043
2024-11-19,4,水城古镇,1800,ancient_town,7.2,9.8,4.7,4.0,0.0,55,大雨,0,,0,0,2,0.846,0.97,1.0,0.95,755
2024-11-19,5,明湖国家湿地公园,1750,wetland,7.2,9.8,4.7,4.0,0.0,55,大雨,0,,0,0,2,0.512,0.971,1.0,0.95,476
2024-11-20,1,梅花山风景区,2400,mountain,6.8,10.5,4.3,3.6,0.0,53,中雨,0,,0,0,3,0.64,0.96,1.0,0.95,796
2024-11-20,2,玉舍国家森林公园,2300,forest,6.8,10.5,4.3,3.6,0.0,53,中雨,0,,0,0,3,0.64,0.962,1.0,0.95,708
2024-11-20,3,乌蒙大草原,2857,grassland,6.8,10.5,4.3,3.6,0.0,53,中雨,0,,0,0,3,0.64,0.952,1.0,0.95,1024
2024-11-20,4,水城古镇,1800,ancient_town,6.8,10.5,4.3,3.6,0.0,53,中雨,0,,0,0,3,0.846,0.97,1.0,0.95,749
2024-11-20,5,明湖国家湿地公园,1750,wetland,6.8,10.5,4.3,3.6,0.0,53,中雨,0,,0,0,3,0.512,0.971,1.0,0.95,431
2024-11-21,1,梅花山风景区,2400,mountain,6.6,7.9,5.6,4.6,0.0,53,中雨,0,,0,0,4,0.64,0.96,1.0,0.95,882
2024-11-21,2,玉舍国家森林公园,2300,forest,6.6,7.9,5.6,4.6,0.0,53,中雨,0,,0,0,4,0.64,0.962,1.0,0.95,664
2024-11-21,3,乌蒙大草原,2857,grassland,6.6,7.9,5.6,4.6,0.0,53,中雨,0,,0,0,4,0.64,0.952,1.0,0.95,1064
2024-11-21,4,水城古镇,1800,ancient_town,6.6,7.9,5.6,4.6,0.0,53,中雨,0,,0,0,4,0.846,0.97,1.0,0.95,794
2024-11-21,5,明湖国家湿地公园,1750,wetland,6.6,7.9,5.6,4.6,0.0,53,中雨,0,,0,0,4,0.512,0.971,1.0,0.95,452
2024-11-22,1,梅花山风景区,2400,mountain,7.9,12.3,5.3,1.6,0.0,53,中雨,0,,0,0,5,0.8,0.96,1.0,0.95,1061
2024-11-22,2,玉舍国家森林公园,2300,forest,7.9,12.3,5.3,1.6,0.0,53,中雨,0,,0,0,5,0.8,0.962,1.0,0.95,941
2024-11-22,3,乌蒙大草原,2857,grassland,7.9,12.3,5.3,1.6,0.0,53,中雨,0,,0,0,5,0.8,0.952,1.0,0.95,1290
2024-11-22,4,水城古镇,1800,ancient_town,7.9,12.3,5.3,1.6,0.0,53,中雨,0,,0,0,5,0.9,0.97,1.0,0.95,747
2024-11-22,5,明湖国家湿地公园,1750,wetland,7.9,12.3,5.3,1.6,0.0,53,中雨,0,,0,0,5,0.8,0.971,1.0,0.95,681
2024-11-23,1,梅花山风景区,2400,mountain,9.2,12.7,7.5,1.0,0.0,51,小雨,0,,1,0,6,0.8,0.96,1.6,0.95,1743
2024-11-23,2,玉舍国家森林公园,2300,forest,9.2,12.7,7.5,1.0,0.0,51,小雨,0,,1,0,6,0.8,0.962,1.6,0.95,1341
2024-11-23,3,乌蒙大草原,2857,grassland,9.2,12.7,7.5,1.0,0.0,51,小雨,0,,1,0,6,0.8,0.952,1.6,0.95,2181
2024-11-23,4,水城古镇,1800,ancient_town,9.2,12.7,7.5,1.0,0.0,51,小雨,0,,1,0,6,0.9,0.97,1.6,0.95,1295
2024-11-23,5,明湖国家湿地公园,1750,wetland,9.2,12.7,7.5,1.0,0.0,51,小雨,0,,1,0,6,0.8,0.971,1.6,0.95,1116
2024-11-24,1,梅花山风景区,2400,mountain,10.7,15.0,8.9,7.5,0.0,55,大雨,0,,1,0,7,0.64,0.96,1.6,0.95,1395
2024-11-24,2,玉舍国家森林公园,2300,forest,10.7,15.0,8.9,7.5,0.0,55,大雨,0,,1,0,7,0.64,0.962,1.6,0.95,1164
2024-11-24,3,乌蒙大草原,2857,grassland,10.7,15.0,8.9,7.5,0.0,55,大雨,0,,1,0,7,0.64,0.952,1.6,0.95,1724
2024-11-24,4,水城古镇,1800,ancient_town,10.7,15.0,8.9,7.5,0.0,55,大雨,0,,1,0,7,0.846,0.97,1.6,0.95,1276
2024-11-24,5,明湖国家湿地公园,1750,wetland,10.7,15.0,8.9,7.5,0.0,55,大雨,0,,1,0,7,0.512,0.971,1.6,0.95,644
2024-11-25,1,梅花山风景区,2400,mountain,5.6,8.6,2.3,3.8,0.42,73,中雪,0,,0,0,1,0.64,0.96,1.0,0.95,915
2024-11-25,2,玉舍国家森林公园,2300,forest,5.6,8.6,2.3,3.8,0.42,73,中雪,0,,0,0,1,0.64,0.962,1.0,0.95,702
2024-11-25,3,乌蒙大草原,2857,grassland,5.6,8.6,2.3,3.8,0.42,73,中雪,0,,0,0,1,0.64,0.952,1.0,0.95,1146
2024-11-25,4,水城古镇,1800,ancient_town,5.6,8.6,2.3,3.8,0.42,73,中雪,0,,0,0,1,0.846,0.97,1.0,0.95,798
2024-11-25,5,明湖国家湿地公园,1750,wetland,5.6,8.6,2.3,3.8,0.42,73,中雪,0,,0,0,1,0.512,0.971,1.0,0.95,440
2024-11-26,1,梅花山风景区,2400,mountain,4.4,7.8,2.0,3.4,0.49,73,中雪,0,,0,0,2,0.4,0.84,1.0,0.95,460
2024-11-26,2,玉舍国家森林公园,2300,forest,4.4,7.8,2.0,3.4,0.49,73,中雪,0,,0,0,2,0.4,0.847,1.0,0.95,378
2024-11-26,3,乌蒙大草原,2857,grassland,4.4,7.8,2.0,3.4,0.49,73,中雪,0,,0,0,2,0.4,0.81,1.0,0.95,556
2024-11-26,4,水城古镇,1800,ancient_town,4.4,7.8,2.0,3.4,0.49,73,中雪,0,,0,0,2,0.705,0.88,1.0,0.95,554
2024-11-26,5,明湖国家湿地公园,1750,wetland,4.4,7.8,2.0,3.4,0.49,73,中雪,0,,0,0,2,0.32,0.883,1.0,0.95,227
2024-11-27,1,梅花山风景区,2400,mountain,3.6,6.2,1.5,2.9,0.14,71,小雪,0,,0,0,3,0.4,0.84,1.0,0.95,476
2024-11-27,2,玉舍国家森林公园,2300,forest,3.6,6.2,1.5,2.9,0.14,71,小雪,0,,0,0,3,0.4,0.847,1.0,0.95,384
2024-11-27,3,乌蒙大草原,2857,grassland,3.6,6.2,1.5,2.9,0.14,71,小雪,0,,0,0,3,0.4,0.81,1.0,0.95,559
2024-11-27,4,水城古镇,1800,ancient_town,3.6,6.2,1.5,2.9,0.14,71,小雪,0,,0,0,3,0.705,0.88,1.0,0.95,622
2024-11-27,5,明湖国家湿地公园,1750,wetland,3.6,6.2,1.5,2.9,0.14,71,小雪,0,,0,0,3,0.32,0.883,1.0,0.95,236
2024-11-28,1,梅花山风景区,2400,mountain,5.1,8.7,3.1,0.7,0.0,51,小雨,0,,0,0,4,0.8,0.96,1.0,0.95,1131
2024-11-28,2,玉舍国家森林公园,2300,forest,5.1,8.7,3.1,0.7,0.0,51,小雨,0,,0,0,4,0.8,0.962,1.0,0.95,870
2024-11-28,3,乌蒙大草原,2857,grassland,5.1,8.7,3.1,0.7,0.0,51,小雨,0,,0,0,4,0.8,0.952,1.0,0.95,1290
2024-11-28,4,水城古镇,1800,ancient_town,5.1,8.7,3.1,0.7,0.0,51,小雨,0,,0,0,4,0.9,0.97,1.0,0.95,840
2024-11-28,5,明湖国家湿地公园,1750,wetland,5.1,8.7,3.1,0.7,0.0,51,小雨,0,,0,0,4,0.8,0.971,1.0,0.95,595
2024-11-29,1,梅花山风景区,2400,mountain,7.0,13.4,3.3,0.0,0.0,3,阴,0,,0,0,5,0.8,0.96,1.0,0.95,1098
2024-11-29,2,玉舍国家森林公园,2300,forest,7.0,13.4,3.3,0.0,0.0,3,阴,0,,0,0,5,0.8,0.962,1.0,0.95,849
2024-11-29,3,乌蒙大草原,2857,grassland,7.0,13.4,3.3,0.0,0.0,3,阴,0,,0,0,5,0.8,0.952,1.0,0.95,1242
2024-11-29,4,水城古镇,1800,ancient_town,7.0,13.4,3.3,0.0,0.0,3,阴,0,,0,0,5,0.9,0.97,1.0,0.95,751
2024-11-29,5,明湖国家湿地公园,1750,wetland,7.0,13.4,3.3,0.0,0.0,3,阴,0,,0,0,5,0.8,0.971,1.0,0.95,649
2024-11-30,1,梅花山风景区,2400,mountain,8.0,15.3,4.5,0.3,0.0,51,小雨,0,,1,0,6,0.8,0.96,1.6,0.95,1586
2024-11-30,2,玉舍国家森林公园,2300,forest,8.0,15.3,4.5,0.3,0.0,51,小雨,0,,1,0,6,0.8,0.962,1.6,0.95,1464
2024-11-30,3,乌蒙大草原,2857,grassland,8.0,15.3,4.5,0.3,0.0,51,小雨,0,,1,0,6,0.8,0.952,1.6,0.95,2059
2024-11-30,4,水城古镇,1800,ancient_town,8.0,15.3,4.5,0.3,0.0,51,小雨,0,,1,0,6,0.9,0.97,1.6,0.95,1215
2024-11-30,5,明湖国家湿地公园,1750,wetland,8.0,15.3,4.5,0.3,0.0,51,小雨,0,,1,0,6,0.8,0.971,1.6,0.95,1026
2024-12-01,1,梅花山风景区,2400,mountain,7.4,13.5,2.3,0.1,0.0,51,小雨,0,,1,0,7,0.8,0.96,1.6,0.75,1434
2024-12-01,2,玉舍国家森林公园,2300,forest,7.4,13.5,2.3,0.1,0.0,51,小雨,0,,1,0,7,0.8,0.962,1.6,0.75,1074
2024-12-01,3,乌蒙大草原,2857,grassland,7.4,13.5,2.3,0.1,0.0,51,小雨,0,,1,0,7,0.8,0.952,1.6,0.75,1622
2024-12-01,4,水城古镇,1800,ancient_town,7.4,13.5,2.3,0.1,0.0,51,小雨,0,,1,0,7,0.9,0.97,1.6,0.75,1028
2024-12-01,5,明湖国家湿地公园,1750,wetland,7.4,13.5,2.3,0.1,0.0,51,小雨,0,,1,0,7,0.8,0.971,1.6,0.75,833
2024-12-02,1,梅花山风景区,2400,mountain,10.0,15.8,7.8,0.3,0.0,51,小雨,0,,0,0,1,0.8,0.96,1.0,0.75,790
2024-12-02,2,玉舍国家森林公园,2300,forest,10.0,15.8,7.8,0.3,0.0,51,小雨,0,,0,0,1,0.8,0.962,1.0,0.75,690
2024-12-02,3,乌蒙大草原,2857,grassland,10.0,15.8,7.8,0.3,0.0,51,小雨,0,,0,0,1,0.8,0.952,1.0,0.75,999
2024-12-02,4,水城古镇,1800,ancient_town,10.0,15.8,7.8,0.3,0.0,51,小雨,0,,0,0,1,0.9,0.97,1.0,0.75,751
2024-12-02,5,明湖国家湿地公园,1750,wetland,10.0,15.8,7.8,0.3,0.0,51,小雨,0,,0,0,1,0.8,0.971,1.0,0.75,518
2024-12-03,1,梅花山风景区,2400,mountain,8.5,11.5,5.9,5.9,0.0,61,小雨,0,,0,0,2,0.64,0.96,1.0,0.75,675
2024-12-03,2,玉舍国家森林公园,2300,forest,8.5,11.5,5.9,5.9,0.0,61,小雨,0,,0,0,2,0.64,0.962,1.0,0.75,581
2024-12-03,3,乌蒙大草原,2857,grassland,8.5,11.5,5.9,5.9,0.0,61,小雨,0,,0,0,2,0.64,0.952,1.0,0.75,816
2024-12-03,4,水城古镇,1800,ancient_town,8.5,11.5,5.9,5.9,0.0,61,小雨,0,,0,0,2,0.846,0.97,1.0,0.75,623
2024-12-03,5,明湖国家湿地公园,1750,wetland,8.5,11.5,5.9,5.9,0.0,61,小雨,0,,0,0,2,0.512,0.971,1.0,0.75,320
2024-12-04,1,梅花山风景区,2400,mountain,7.9,10.3,5.6,2.8,0.0,55,大雨,0,,0,0,3,0.64,0.96,1.0,0.75,744
2024-12-04,2,玉舍国家森林公园,2300,forest,7.9,10.3,5.6,2.8,0.0,55,大雨,0,,0,0,3,0.64,0.962,1.0,0.75,536
2024-12-04,3,乌蒙大草原,2857,grassland,7.9,10.3,5.6,2.8,0.0,55,大雨,0,,0,0,3,0.64,0.952,1.0,0.75,838
2024-12-04,4,水城古镇,1800,ancient_town,7.9,10.3,5.6,2.8,0.0,55,大雨,0,,0,0,3,0.846,0.97,1.0,0.75,650
2024-12-04,5,明湖国家湿地公园,1750,wetland,7.9,10.3,5.6,2.8,0.0,55,大雨,0,,0,0,3,0.512,0.971,1.0,0.75,330
2024-12-05,1,梅花山风景区,2400,mountain,6.0,8.6,4.3,3.3,0.0,51,小雨,0,,0,0,4,0.64,0.96,1.0,0.75,691
2024-12-05,2,玉舍国家森林公园,2300,forest,6.0,8.6,4.3,3.3,0.0,51,小雨,0,,0,0,4,0.64,0.962,1.0,0.75,570
2024-12-05,3,乌蒙大草原,2857,grassland,6.0,8.6,4.3,3.3,0.0,51,小雨,0,,0,0,4,0.64,0.952,1.0,0.75,850
2024-12-05,4,水城古镇,1800,ancient_town,6.0,8.6,4.3,3.3,0.0,51,小雨,0,,0,0,4,0.846,0.97,1.0,0.75,581
2024-12-05,5,明湖国家湿地公园,1750,wetland,6.0,8.6,4.3,3.3,0.0,51,小雨,0,,0,0,4,0.512,0.971,1.0,0.75,338
2024-12-06,1,梅花山风景区,2400,mountain,4.7,6.4,3.4,8.9,0.0,61,小雨,0,,0,0,5,0.4,0.84,1.0,0.75,360
2024-12-06,2,玉舍国家森林公园,2300,forest,4.7,6.4,3.4,8.9,0.0,61,小雨,0,,0,0,5,0.4,0.847,1.0,0.75,293
2024-12-06,3,乌蒙大草原,2857,grassland,4.7,6.4,3.4,8.9,0.0,61,小雨,0,,0,0,5,0.4,0.81,1.0,0.75,422
2024-12-06,4,水城古镇,1800,ancient_town,4.7,6.4,3.4,8.9,0.0,61,小雨,0,,0,0,5,0.705,0.88,1.0,0.75,493
2024-12-06,5,明湖国家湿地公园,1750,wetland,4.7,6.4,3.4,8.9,0.0,61,小雨,0,,0,0,5,0.32,0.883,1.0,0.75,206
2024-12-07,1,梅花山风景区,2400,mountain,2.9,4.4,1.8,7.7,0.0,55,大雨,0,,1,0,6,0.4,0.84,1.6,0.75,683
2024-12-07,2,玉舍国家森林公园,2300,forest,2.9,4.4,1.8,7.7,0.0,55,大雨,0,,1,0,6,0.4,0.847,1.6,0.75,486
2024-12-07,3,乌蒙大草原,2857,grassland,2.9,4.4,1.8,7.7,0.0,55,大雨,0,,1,0,6,0.4,0.81,1.6,0.75,670
2024-12-07,4,水城古镇,1800,ancient_town,2.9,4.4,1.8,7.7,0.0,55,大雨,0,,1,0,6,0.705,0.88,1.6,0.75,708
2024-12-07,5,明湖国家湿地公园,1750,wetland,2.9,4.4,1.8,7.7,0.0,55,大雨,0,,1,0,6,0.32,0.883,1.6,0.75,329
2024-12-08,1,梅花山风景区,2400,mountain,1.9,3.8,0.8,3.9,0.0,53,中雨,0,,1,0,7,0.4,0.84,1.6,0.75,558
2024-12-08,2,玉舍国家森林公园,2300,forest,1.9,3.8,0.8,3.9,0.0,53,中雨,0,,1,0,7,0.4,0.847,1.6,0.75,479
2024-12-08,3,乌蒙大草原,2857,grassland,1.9,3.8,0.8,3.9,0.0,53,中雨,0,,1,0,7,0.4,0.81,1.6,0.75,679
2024-12-08,4,水城古镇,1800,ancient_town,1.9,3.8,0.8,3.9,0.0,53,中雨,0,,1,0,7,0.705,0.88,1.6,0.75,809
2024-12-08,5,明湖国家湿地公园,1750,wetland,1.9,3.8,0.8,3.9,0.0,53,中雨,0,,1,0,7,0.32,0.883,1.6,0.75,289
2024-12-09,1,梅花山风景区,2400,mountain,3.8,8.9,1.0,0.4,0.0,51,小雨,0,,0,0,1,0.5,0.84,1.0,0.75,498
2024-12-09,2,玉舍国家森林公园,2300,forest,3.8,8.9,1.0,0.4,0.0,51,小雨,0,,0,0,1,0.5,0.847,1.0,0.75,406
2024-12-09,3,乌蒙大草原,2857,grassland,3.8,8.9,1.0,0.4,0.0,51,小雨,0,,0,0,1,0.5,0.81,1.0,0.75,541
2024-12-09,4,水城古镇,1800,ancient_town,3.8,8.9,1.0,0.4,0.0,51,小雨,0,,0,0,1,0.75,0.88,1.0,0.75,506
2024-12-09,5,明湖国家湿地公园,1750,wetland,3.8,8.9,1.0,0.4,0.0,51,小雨,0,,0,0,1,0.5,0.883,1.0,0.75,275
2024-12-10,1,梅花山风景区,2400,mountain,3.8,6.6,1.3,0.0,0.0,3,阴,0,,0,0,2,0.5,0.84,1.0,0.75,470
2024-12-10,2,玉舍国家森林公园,2300,forest,3.8,6.6,1.3,0.0,0.0,3,阴,0,,0,0,2,0.5,0.847,1.0,0.75,376
2024-12-10,3,乌蒙大草原,2857,grassland,3.8,6.6,1.3,0.0,0.0,3,阴,0,,0,0,2,0.5,0.81,1.0,0.75,475
2024-12-10,4,水城古镇,1800,ancient_town,3.8,6.6,1.3,0.0,0.0,3,阴,0,,0,0,2,0.75,0.88,1.0,0.75,505
2024-12-10,5,明湖国家湿地公园,1750,wetland,3.8,6.6,1.3,0.0,0.0,3,阴,0,,0,0,2,0.5,0.883,1.0,0.75,303
2024-12-11,1,梅花山风景区,2400,mountain,2.8,6.7,0.4,0.6,0.49,71,小雪,0,,0,0,3,0.5,0.84,1.0,0.75,432
2024-12-11,2,玉舍国家森林公园,2300,forest,2.8,6.7,0.4,0.6,0.49,71,小雪,0,,0,0,3,0.5,0.847,1.0,0.75,354
2024-12-11,3,乌蒙大草原,2857,grassland,2.8,6.7,0.4,0.6,0.49,71,小雪,0,,0,0,3,0.5,0.81,1.0,0.75,525
2024-12-11,4,水城古镇,1800,ancient_town,2.8,6.7,0.4,0.6,0.49,71,小雪,0,,0,0,3,0.75,0.88,1.0,0.75,481
2024-12-11,5,明湖国家湿地公园,1750,wetland,2.8,6.7,0.4,0.6,0.49,71,小雪,0,,0,0,3,0.5,0.883,1.0,0.75,293
2024-12-12,1,梅花山风景区,2400,mountain,2.3,4.4,0.3,2.0,0.14,71,小雪,0,,0,0,4,0.4,0.84,1.0,0.75,359
2024-12-12,2,玉舍国家森林公园,2300,forest,2.3,4.4,0.3,2.0,0.14,71,小雪,0,,0,0,4,0.4,0.847,1.0,0.75,289
2024-12-12,3,乌蒙大草原,2857,grassland,2.3,4.4,0.3,2.0,0.14,71,小雪,0,,0,0,4,0.4,0.81,1.0,0.75,443
2024-12-12,4,水城古镇,1800,ancient_town,2.3,4.4,0.3,2.0,0.14,71,小雪,0,,0,0,4,0.705,0.88,1.0,0.75,454
2024-12-12,5,明湖国家湿地公园,1750,wetland,2.3,4.4,0.3,2.0,0.14,71,小雪,0,,0,0,4,0.32,0.883,1.0,0.75,189
2024-12-13,1,梅花山风景区,2400,mountain,1.1,2.8,-0.5,1.6,0.84,71,小雪,0,,0,0,5,0.5,0.84,1.0,0.75,467
2024-12-13,2,玉舍国家森林公园,2300,forest,1.1,2.8,-0.5,1.6,0.84,71,小雪,0,,0,0,5,0.5,0.847,1.0,0.75,389
2024-12-13,3,乌蒙大草原,2857,grassland,1.1,2.8,-0.5,1.6,0.84,71,小雪,0,,0,0,5,0.5,0.81,1.0,0.75,542
2024-12-13,4,水城古镇,1800,ancient_town,1.1,2.8,-0.5,1.6,0.84,71,小雪,0,,0,0,5,0.75,0.88,1.0,0.75,516
2024-12-13,5,明湖国家湿地公园,1750,wetland,1.1,2.8,-0.5,1.6,0.84,71,小雪,0,,0,0,5,0.5,0.883,1.0,0.75,299
2024-12-14,1,梅花山风景区,2400,mountain,0.2,4.5,-1.8,1.1,0.49,71,小雪,0,,1,0,6,0.5,0.84,1.6,0.75,789
2024-12-14,2,玉舍国家森林公园,2300,forest,0.2,4.5,-1.8,1.1,0.49,71,小雪,0,,1,0,6,0.5,0.847,1.6,0.75,647
2024-12-14,3,乌蒙大草原,2857,grassland,0.2,4.5,-1.8,1.1,0.49,71,小雪,0,,1,0,6,0.5,0.81,1.6,0.75,810
2024-12-14,4,水城古镇,1800,ancient_town,0.2,4.5,-1.8,1.1,0.49,71,小雪,0,,1,0,6,0.75,0.88,1.6,0.75,828
2024-12-14,5,明湖国家湿地公园,1750,wetland,0.2,4.5,-1.8,1.1,0.49,71,小雪,0,,1,0,6,0.5,0.883,1.6,0.75,519
2024-12-15,1,梅花山风景区,2400,mountain,3.3,12.4,-1.1,0.4,0.0,51,小雨,0,,1,0,7,0.5,0.84,1.6,0.75,719
2024-12-15,2,玉舍国家森林公园,2300,forest,3.3,12.4,-1.1,0.4,0.0,51,小雨,0,,1,0,7,0.5,0.847,1.6,0.75,608
2024-12-15,3,乌蒙大草原,2857,grassland,3.3,12.4,-1.1,0.4,0.0,51,小雨,0,,1,0,7,0.5,0.81,1.6,0.75,858
2024-12-15,4,水城古镇,1800,ancient_town,3.3,12.4,-1.1,0.4,0.0,51,小雨,0,,1,0,7,0.75,0.88,1.6,0.75,809
2024-12-15,5,明湖国家湿地公园,1750,wetland,3.3,12.4,-1.1,0.4,0.0,51,小雨,0,,1,0,7,0.5,0.883,1.6,0.75,489
2024-12-16,1,梅花山风景区,2400,mountain,4.9,12.7,1.1,0.0,0.0,3,阴,0,,0,0,1,0.5,0.84,1.0,0.75,456
2024-12-16,2,玉舍国家森林公园,2300,forest,4.9,12.7,1.1,0.0,0.0,3,阴,0,,0,0,1,0.5,0.847,1.0,0.75,406
2024-12-16,3,乌蒙大草原,2857,grassland,4.9,12.7,1.1,0.0,0.0,3,阴,0,,0,0,1,0.5,0.81,1.0,0.75,523
2024-12-16,4,水城古镇,1800,ancient_town,4.9,12.7,1.1,0.0,0.0,3,阴,0,,0,0,1,0.75,0.88,1.0,0.75,491
2024-12-16,5,明湖国家湿地公园,1750,wetland,4.9,12.7,1.1,0.0,0.0,3,阴,0,,0,0,1,0.5,0.883,1.0,0.75,313
2024-12-17,1,梅花山风景区,2400,mountain,4.5,8.0,2.7,1.6,0.0,51,小雨,0,,0,0,2,0.5,0.84,1.0,0.75,518
2024-12-17,2,玉舍国家森林公园,2300,forest,4.5,8.0,2.7,1.6,0.0,51,小雨,0,,0,0,2,0.5,0.847,1.0,0.75,371
2024-12-17,3,乌蒙大草原,2857,grassland,4.5,8.0,2.7,1.6,0.0,51,小雨,0,,0,0,2,0.5,0.81,1.0,0.75,567
2024-12-17,4,水城古镇,1800,ancient_town,4.5,8.0,2.7,1.6,0.0,51,小雨,0,,0,0,2,0.75,0.88,1.0,0.75,500
2024-12-17,5,明湖国家湿地公园,1750,wetland,4.5,8.0,2.7,1.6,0.0,51,小雨,0,,0,0,2,0.5,0.883,1.0,0.75,274
2024-12-18,1,梅花山风景区,2400,mountain,3.0,4.4,1.9,1.7,0.0,51,小雨,0,,0,0,3,0.5,0.84,1.0,0.75,449
2024-12-18,2,玉舍国家森林公园,2300,forest,3.0,4.4,1.9,1.7,0.0,51,小雨,0,,0,0,3,0.5,0.847,1.0,0.75,358
2024-12-18,3,乌蒙大草原,2857,grassland,3.0,4.4,1.9,1.7,0.0,51,小雨,0,,0,0,3,0.5,0.81,1.0,0.75,532
2024-12-18,4,水城古镇,1800,ancient_town,3.0,4.4,1.9,1.7,0.0,51,小雨,0,,0,0,3,0.75,0.88,1.0,0.75,484
2024-12-18,5,明湖国家湿地公园,1750,wetland,3.0,4.4,1.9,1.7,0.0,51,小雨,0,,0,0,3,0.5,0.883,1.0,0.75,298
2024-12-19,1,梅花山风景区,2400,mountain,4.3,9.4,0.9,3.5,0.0,53,中雨,0,,0,0,4,0.4,0.84,1.0,0.75,402
2024-12-19,2,玉舍国家森林公园,2300,forest,4.3,9.4,0.9,3.5,0.0,53,中雨,0,,0,0,4,0.4,0.847,1.0,0.75,311
2024-12-19,3,乌蒙大草原,2857,grassland,4.3,9.4,0.9,3.5,0.0,53,中雨,0,,0,0,4,0.4,0.81,1.0,0.75,495
2024-12-19,4,水城古镇,1800,ancient_town,4.3,9.4,0.9,3.5,0.0,53,中雨,0,,0,0,4,0.705,0.88,1.0,0.75,459
2024-12-19,5,明湖国家湿地公园,1750,wetland,4.3,9.4,0.9,3.5,0.0,53,中雨,0,,0,0,4,0.32,0.883,1.0,0.75,198
2024-12-20,1,梅花山风景区,2400,mountain,3.5,5.3,2.0,1.1,0.0,51,小雨,0,,0,0,5,0.5,0.84,1.0,0.75,482
2024-12-20,2,玉舍国家森林公园,2300,forest,3.5,5.3,2.0,1.1,0.0,51,小雨,0,,0,0,5,0.5,0.847,1.0,0.75,409
2024-12-20,3,乌蒙大草原,2857,grassland,3.5,5.3,2.0,1.1,0.0,51,小雨,0,,0,0,5,0.5,0.81,1.0,0.75,536
2024-12-20,4,水城古镇,1800,ancient_town,3.5,5.3,2.0,1.1,0.0,51,小雨,0,,0,0,5,0.75,0.88,1.0,0.75,515
2024-12-20,5,明湖国家湿地公园,1750,wetland,3.5,5.3,2.0,1.1,0.0,51,小雨,0,,0,0,5,0.5,0.883,1.0,0.75,322
2024-12-21,1,梅花山风景区,2400,mountain,2.5,4.7,1.0,1.3,0.0,51,小雨,0,,1,0,6,0.5,0.84,1.6,0.75,728
2024-12-21,2,玉舍国家森林公园,2300,forest,2.5,4.7,1.0,1.3,0.0,51,小雨,0,,1,0,6,0.5,0.847,1.6,0.75,607
2024-12-21,3,乌蒙大草原,2857,grassland,2.5,4.7,1.0,1.3,0.0,51,小雨,0,,1,0,6,0.5,0.81,1.6,0.75,896
2024-12-21,4,水城古镇,1800,ancient_town,2.5,4.7,1.0,1.3,0.0,51,小雨,0,,1,0,6,0.75,0.88,1.6,0.75,774
2024-12-21,5,明湖国家湿地公园,1750,wetland,2.5,4.7,1.0,1.3,0.0,51,小雨,0,,1,0,6,0.5,0.883,1.6,0.75,456
2024-12-22,1,梅花山风景区,2400,mountain,2.8,4.7,1.7,1.5,0.0,51,小雨,0,,1,0,7,0.5,0.84,1.6,0.75,825
2024-12-22,2,玉舍国家森林公园,2300,forest,2.8,4.7,1.7,1.5,0.0,51,小雨,0,,1,0,7,0.5,0.847,1.6,0.75,602
2024-12-22,3,乌蒙大草原,2857,grassland,2.8,4.7,1.7,1.5,0.0,51,小雨,0,,1,0,7,0.5,0.81,1.6,0.75,950
2024-12-22,4,水城古镇,1800,ancient_town,2.8,4.7,1.7,1.5,0.0,51,小雨,0,,1,0,7,0.75,0.88,1.6,0.75,771
2024-12-22,5,明湖国家湿地公园,1750,wetland,2.8,4.7,1.7,1.5,0.0,51,小雨,0,,1,0,7,0.5,0.883,1.6,0.75,472
2024-12-23,1,梅花山风景区,2400,mountain,4.2,11.2,1.2,0.5,0.0,51,小雨,0,,0,0,1,0.5,0.84,1.0,0.75,491
2024-12-23,2,玉舍国家森林公园,2300,forest,4.2,11.2,1.2,0.5,0.0,51,小雨,0,,0,0,1,0.5,0.847,1.0,0.75,377
2024-12-23,3,乌蒙大草原,2857,grassland,4.2,11.2,1.2,0.5,0.0,51,小雨,0,,0,0,1,0.5,0.81,1.0,0.75,521
2024-12-23,4,水城古镇,1800,ancient_town,4.2,11.2,1.2,0.5,0.0,51,小雨,0,,0,0,1,0.75,0.88,1.0,0.75,477
2024-12-23,5,明湖国家湿地公园,1750,wetland,4.2,11.2,1.2,0.5,0.0,51,小雨,0,,0,0,1,0.5,0.883,1.0,0.75,302
2024-12-24,1,梅花山风景区,2400,mountain,2.9,4.5,1.2,1.3,0.0,51,小雨,0,,0,0,2,0.5,0.84,1.0,0.75,456
2024-12-24,2,玉舍国家森林公园,2300,forest,2.9,4.5,1.2,1.3,0.0,51,小雨,0,,0,0,2,0.5,0.847,1.0,0.75,382
2024-12-24,3,乌蒙大草原,2857,grassland,2.9,4.5,1.2,1.3,0.0,51,小雨,0,,0,0,2,0.5,0.81,1.0,0.75,484
2024-12-24,4,水城古镇,1800,ancient_town,2.9,4.5,1.2,1.3,0.0,51,小雨,0,,0,0,2,0.75,0.88,1.0,0.75,481
2024-12-24,5,明湖国家湿地公园,1750,wetland,2.9,4.5,1.2,1.3,0.0,51,小雨,0,,0,0,2,0.5,0.883,1.0,0.75,295
2024-12-25,1,梅花山风景区,2400,mountain,4.0,7.3,1.9,0.1,0.0,51,小雨,0,,0,0,3,0.5,0.84,1.0,0.75,460
2024-12-25,2,玉舍国家森林公园,2300,forest,4.0,7.3,1.9,0.1,0.0,51,小雨,0,,0,0,3,0.5,0.847,1.0,0.75,362
2024-12-25,3,乌蒙大草原,2857,grassland,4.0,7.3,1.9,0.1,0.0,51,小雨,0,,0,0,3,0.5,0.81,1.0,0.75,522
2024-12-25,4,水城古镇,1800,ancient_town,4.0,7.3,1.9,0.1,0.0,51,小雨,0,,0,0,3,0.75,0.88,1.0,0.75,496
2024-12-25,5,明湖国家湿地公园,1750,wetland,4.0,7.3,1.9,0.1,0.0,51,小雨,0,,0,0,3,0.5,0.883,1.0,0.75,320
2024-12-26,1,梅花山风景区,2400,mountain,2.7,7.1,0.1,0.1,0.0,51,小雨,0,,0,0,4,0.5,0.84,1.0,0.75,439
2024-12-26,2,玉舍国家森林公园,2300,forest,2.7,7.1,0.1,0.1,0.0,51,小雨,0,,0,0,4,0.5,0.847,1.0,0.75,375
2024-12-26,3,乌蒙大草原,2857,grassland,2.7,7.1,0.1,0.1,0.0,51,小雨,0,,0,0,4,0.5,0.81,1.0,0.75,573
2024-12-26,4,水城古镇,1800,ancient_town,2.7,7.1,0.1,0.1,0.0,51,小雨,0,,0,0,4,0.75,0.88,1.0,0.75,503
2024-12-26,5,明湖国家湿地公园,1750,wetland,2.7,7.1,0.1,0.1,0.0,51,小雨,0,,0,0,4,0.5,0.883,1.0,0.75,296
2024-12-27,1,梅花山风景区,2400,mountain,3.6,8.0,1.6,0.8,0.0,51,小雨,0,,0,0,5,0.5,0.84,1.0,0.75,461
2024-12-27,2,玉舍国家森林公园,2300,forest,3.6,8.0,1.6,0.8,0.0,51,小雨,0,,0,0,5,0.5,0.847,1.0,0.75,381
2024-12-27,3,乌蒙大草原,2857,grassland,3.6,8.0,1.6,0.8,0.0,51,小雨,0,,0,0,5,0.5,0.81,1.0,0.75,543
2024-12-27,4,水城古镇,1800,ancient_town,3.6,8.0,1.6,0.8,0.0,51,小雨,0,,0,0,5,0.75,0.88,1.0,0.75,440
2024-12-27,5,明湖国家湿地公园,1750,wetland,3.6,8.0,1.6,0.8,0.0,51,小雨,0,,0,0,5,0.5,0.883,1.0,0.75,287
2024-12-28,1,梅花山风景区,2400,mountain,2.7,7.3,0.7,0.3,0.14,71,小雪,0,,1,0,6,0.5,0.84,1.6,0.75,682
2024-12-28,2,玉舍国家森林公园,2300,forest,2.7,7.3,0.7,0.3,0.14,71,小雪,0,,1,0,6,0.5,0.847,1.6,0.75,648
2024-12-28,3,乌蒙大草原,2857,grassland,2.7,7.3,0.7,0.3,0.14,71,小雪,0,,1,0,6,0.5,0.81,1.6,0.75,910
2024-12-28,4,水城古镇,1800,ancient_town,2.7,7.3,0.7,0.3,0.14,71,小雪,0,,1,0,6,0.75,0.88,1.6,0.75,760
2024-12-28,5,明湖国家湿地公园,1750,wetland,2.7,7.3,0.7,0.3,0.14,71,小雪,0,,1,0,6,0.5,0.883,1.6,0.75,496
2024-12-29,1,梅花山风景区,2400,mountain,5.1,12.0,1.8,0.5,0.0,51,小雨,0,,1,0,7,0.8,0.96,1.6,0.75,1551
2024-12-29,2,玉舍国家森林公园,2300,forest,5.1,12.0,1.8,0.5,0.0,51,小雨,0,,1,0,7,0.8,0.962,1.6,0.75,1073
2024-12-29,3,乌蒙大草原,2857,grassland,5.1,12.0,1.8,0.5,0.0,51,小雨,0,,1,0,7,0.8,0.952,1.6,0.75,1752
2024-12-29,4,水城古镇,1800,ancient_town,5.1,12.0,1.8,0.5,0.0,51,小雨,0,,1,0,7,0.9,0.97,1.6,0.75,1066
2024-12-29,5,明湖国家湿地公园,1750,wetland,5.1,12.0,1.8,0.5,0.0,51,小雨,0,,1,0,7,0.8,0.971,1.6,0.75,828
2024-12-30,1,梅花山风景区,2400,mountain,2.5,5.7,0.2,0.1,0.0,51,小雨,0,,0,0,1,0.5,0.84,1.0,0.75,446
2024-12-30,2,玉舍国家森林公园,2300,forest,2.5,5.7,0.2,0.1,0.0,51,小雨,0,,0,0,1,0.5,0.847,1.0,0.75,370
2024-12-30,3,乌蒙大草原,2857,grassland,2.5,5.7,0.2,0.1,0.0,51,小雨,0,,0,0,1,0.5,0.81,1.0,0.75,535
2024-12-30,4,水城古镇,1800,ancient_town,2.5,5.7,0.2,0.1,0.0,51,小雨,0,,0,0,1,0.75,0.88,1.0,0.75,437
2024-12-30,5,明湖国家湿地公园,1750,wetland,2.5,5.7,0.2,0.1,0.0,51,小雨,0,,0,0,1,0.5,0.883,1.0,0.75,306
2024-12-31,1,梅花山风景区,2400,mountain,4.2,9.3,0.5,0.4,0.0,51,小雨,0,,0,0,2,0.5,0.84,1.0,0.75,464
2024-12-31,2,玉舍国家森林公园,2300,forest,4.2,9.3,0.5,0.4,0.0,51,小雨,0,,0,0,2,0.5,0.847,1.0,0.75,389
2024-12-31,3,乌蒙大草原,2857,grassland,4.2,9.3,0.5,0.4,0.0,51,小雨,0,,0,0,2,0.5,0.81,1.0,0.75,534
2024-12-31,4,水城古镇,1800,ancient_town,4.2,9.3,0.5,0.4,0.0,51,小雨,0,,0,0,2,0.75,0.88,1.0,0.75,569
2024-12-31,5,明湖国家湿地公园,1750,wetland,4.2,9.3,0.5,0.4,0.0,51,小雨,0,,0,0,2,0.5,0.883,1.0,0.75,273
2025-01-01,1,梅花山风景区,2400,mountain,7.0,15.3,0.3,0.0,0.0,3,阴,1,元旦,0,1,3,0.8,0.96,1.8,0.75,1482
2025-01-01,2,玉舍国家森林公园,2300,forest,7.0,15.3,0.3,0.0,0.0,3,阴,1,元旦,0,1,3,0.8,0.962,1.8,0.75,1290
2025-01-01,3,乌蒙大草原,2857,grassland,7.0,15.3,0.3,0.0,0.0,3,阴,1,元旦,0,1,3,0.8,0.952,1.8,0.75,2069
2025-01-01,4,水城古镇,1800,ancient_town,7.0,15.3,0.3,0.0,0.0,3,阴,1,元旦,0,1,3,0.9,0.97,2.07,0.75,1288
2025-01-01,5,明湖国家湿地公园,1750,wetland,7.0,15.3,0.3,0.0,0.0,3,阴,1,元旦,0,1,3,0.8,0.971,1.89,0.75,1081
2025-01-02,1,梅花山风景区,2400,mountain,5.3,6.5,3.8,1.9,0.0,51,小雨,0,,0,0,4,0.8,0.96,1.0,0.75,824
2025-01-02,2,玉舍国家森林公园,2300,forest,5.3,6.5,3.8,1.9,0.0,51,小雨,0,,0,0,4,0.8,0.962,1.0,0.75,737
2025-01-02,3,乌蒙大草原,2857,grassland,5.3,6.5,3.8,1.9,0.0,51,小雨,0,,0,0,4,0.8,0.952,1.0,0.75,1032
2025-01-02,4,水城古镇,1800,ancient_town,5.3,6.5,3.8,1.9,0.0,51,小雨,0,,0,0,4,0.9,0.97,1.0,0.75,727
2025-01-02,5,明湖国家湿地公园,1750,wetland,5.3,6.5,3.8,1.9,0.0,51,小雨,0,,0,0,4,0.8,0.971,1.0,0.75,570
2025-01-03,1,梅花山风景区,2400,mountain,6.6,15.4,1.0,0.0,0.0,3,阴,0,,0,0,5,0.8,0.96,1.0,0.75,836
2025-01-03,2,玉舍国家森林公园,2300,forest,6.6,15.4,1.0,0.0,0.0,3,阴,0,,0,0,5,0.8,0.962,1.0,0.75,794
2025-01-03,3,乌蒙大草原,2857,grassland,6.6,15.4,1.0,0.0,0.0,3,阴,0,,0,0,5,0.8,0.952,1.0,0.75,970
2025-01-03,4,水城古镇,1800,ancient_town,6.6,15.4,1.0,0.0,0.0,3,阴,0,,0,0,5,0.9,0.97,1.0,0.75,644
2025-01-03,5,明湖国家湿地公园,1750,wetland,6.6,15.4,1.0,0.0,0.0,3,阴,0,,0,0,5,0.8,0.971,1.0,0.75,571
2025-01-04,1,梅花山风景区,2400,mountain,5.3,10.1,1.5,2.4,0.56,73,中雪,0,,1,0,6,0.64,0.96,1.6,0.75,1065
2025-01-04,2,玉舍国家森林公园,2300,forest,5.3,10.1,1.5,2.4,0.56,73,中雪,0,,1,0,6,0.64,0.962,1.6,0.75,857
2025-01-04,3,乌蒙大草原,2857,grassland,5.3,10.1,1.5,2.4,0.56,73,中雪,0,,1,0,6,0.64,0.952,1.6,0.75,1325
2025-01-04,4,水城古镇,1800,ancient_town,5.3,10.1,1.5,2.4,0.56,73,中雪,0,,1,0,6,0.846,0.97,1.6,0.75,1007
2025-01-04,5,明湖国家湿地公园,1750,wetland,5.3,10.1,1.5,2.4,0.56,73,中雪,0,,1,0,6,0.512,0.971,1.6,0.75,547
2025-01-05,1,梅花山风景区,2400,mountain,5.2,14.6,-2.5,0.0,0.0,3,阴,0,,1,0,7,0.8,0.96,1.6,0.75,1330
2025-01-05,2,玉舍国家森林公园,2300,forest,5.2,14.6,-2.5,0.0,0.0,3,阴,0,,1,0,7,0.8,0.962,1.6,0.75,1118
2025-01-05,3,乌蒙大草原,2857,grassland,5.2,14.6,-2.5,0.0,0.0,3,阴,0,,1,0,7,0.8,0.952,1.6,0.75,1698
2025-01-05,4,水城古镇,1800,ancient_town,5.2,14.6,-2.5,0.0,0.0,3,阴,0,,1,0,7,0.9,0.97,1.6,0.75,1126
2025-01-05,5,明湖国家湿地公园,1750,wetland,5.2,14.6,-2.5,0.0,0.0,3,阴,0,,1,0,7,0.8,0.971,1.6,0.75,852
2025-01-06,1,梅花山风景区,2400,mountain,3.5,6.3,-0.1,0.4,0.0,51,小雨,0,,0,0,1,0.5,0.84,1.0,0.75,442
2025-01-06,2,玉舍国家森林公园,2300,forest,3.5,6.3,-0.1,0.4,0.0,51,小雨,0,,0,0,1,0.5,0.847,1.0,0.75,381
2025-01-06,3,乌蒙大草原,2857,grassland,3.5,6.3,-0.1,0.4,0.0,51,小雨,0,,0,0,1,0.5,0.81,1.0,0.75,529
2025-01-06,4,水城古镇,1800,ancient_town,3.5,6.3,-0.1,0.4,0.0,51,小雨,0,,0,0,1,0.75,0.88,1.0,0.75,527
2025-01-06,5,明湖国家湿地公园,1750,wetland,3.5,6.3,-0.1,0.4,0.0,51,小雨,0,,0,0,1,0.5,0.883,1.0,0.75,273
2025-01-07,1,梅花山风景区,2400,mountain,3.3,5.0,1.3,6.4,0.0,55,大雨,0,,0,0,2,0.4,0.84,1.0,0.75,388
2025-01-07,2,玉舍国家森林公园,2300,forest,3.3,5.0,1.3,6.4,0.0,55,大雨,0,,0,0,2,0.4,0.847,1.0,0.75,288
2025-01-07,3,乌蒙大草原,2857,grassland,3.3,5.0,1.3,6.4,0.0,55,大雨,0,,0,0,2,0.4,0.81,1.0,0.75,464
2025-01-07,4,水城古镇,1800,ancient_town,3.3,5.0,1.3,6.4,0.0,55,大雨,0,,0,0,2,0.705,0.88,1.0,0.75,483
2025-01-07,5,明湖国家湿地公园,1750,wetland,3.3,5.0,1.3,6.4,0.0,55,大雨,0,,0,0,2,0.32,0.883,1.0,0.75,192
2025-01-08,1,梅花山风景区,2400,mountain,1.4,3.2,0.2,2.8,2.87,73,中雪,0,,0,0,3,0.48,0.84,1.0,0.75,465
2025-01-08,2,玉舍国家森林公园,2300,forest,1.4,3.2,0.2,2.8,2.87,73,中雪,0,,0,0,3,0.48,0.847,1.0,0.75,359
2025-01-08,3,乌蒙大草原,2857,grassland,1.4,3.2,0.2,2.8,2.87,73,中雪,0,,0,0,3,0.48,0.81,1.0,0.75,542
2025-01-08,4,水城古镇,1800,ancient_town,1.4,3.2,0.2,2.8,2.87,73,中雪,0,,0,0,3,0.423,0.88,1.0,0.75,278
2025-01-08,5,明湖国家湿地公园,1750,wetland,1.4,3.2,0.2,2.8,2.87,73,中雪,0,,0,0,3,0.2,0.883,1.0,0.75,123
2025-01-09,1,梅花山风景区,2400,mountain,2.4,7.2,-0.3,0.3,0.35,73,中雪,0,,0,0,4,0.5,0.84,1.0,0.75,473
2025-01-09,2,玉舍国家森林公园,2300,forest,2.4,7.2,-0.3,0.3,0.35,73,中雪,0,,0,0,4,0.5,0.847,1.0,0.75,333
2025-01-09,3,乌蒙大草原,2857,grassland,2.4,7.2,-0.3,0.3,0.35,73,中雪,0,,0,0,4,0.5,0.81,1.0,0.75,532
2025-01-09,4,水城古镇,1800,ancient_town,2.4,7.2,-0.3,0.3,0.35,73,中雪,0,,0,0,4,0.75,0.88,1.0,0.75,532
2025-01-09,5,明湖国家湿地公园,1750,wetland,2.4,7.2,-0.3,0.3,0.35,73,中雪,0,,0,0,4,0.5,0.883,1.0,0.75,319
2025-01-10,1,梅花山风景区,2400,mountain,0.4,2.1,-0.7,1.1,0.63,73,中雪,0,,0,0,5,0.5,0.84,1.0,0.75,474
2025-01-10,2,玉舍国家森林公园,2300,forest,0.4,2.1,-0.7,1.1,0.63,73,中雪,0,,0,0,5,0.5,0.847,1.0,0.75,378
2025-01-10,3,乌蒙大草原,2857,grassland,0.4,2.1,-0.7,1.1,0.63,73,中雪,0,,0,0,5,0.5,0.81,1.0,0.75,537
2025-01-10,4,水城古镇,1800,ancient_town,0.4,2.1,-0.7,1.1,0.63,73,中雪,0,,0,0,5,0.75,0.88,1.0,0.75,510
2025-01-10,5,明湖国家湿地公园,1750,wetland,0.4,2.1,-0.7,1.1,0.63,73,中雪,0,,0,0,5,0.5,0.883,1.0,0.75,306
2025-01-11,1,梅花山风景区,2400,mountain,1.6,6.3,-1.7,0.2,0.21,71,小雪,0,,1,0,6,0.5,0.84,1.6,0.75,718
2025-01-11,2,玉舍国家森林公园,2300,forest,1.6,6.3,-1.7,0.2,0.21,71,小雪,0,,1,0,6,0.5,0.847,1.6,0.75,629
2025-01-11,3,乌蒙大草原,2857,grassland,1.6,6.3,-1.7,0.2,0.21,71,小雪,0,,1,0,6,0.5,0.81,1.6,0.75,928
2025-01-11,4,水城古镇,1800,ancient_town,1.6,6.3,-1.7,0.2,0.21,71,小雪,0,,1,0,6,0.75,0.88,1.6,0.75,754
2025-01-11,5,明湖国家湿地公园,1750,wetland,1.6,6.3,-1.7,0.2,0.21,71,小雪,0,,1,0,6,0.5,0.883,1.6,0.75,472
2025-01-12,1,梅花山风景区,2400,mountain,2.5,11.1,-3.4,0.0,0.0,3,阴,0,,1,0,7,0.5,0.84,1.6,0.75,773
2025-01-12,2,玉舍国家森林公园,2300,forest,2.5,11.1,-3.4,0.0,0.0,3,阴,0,,1,0,7,0.5,0.847,1.6,0.75,631
2025-01-12,3,乌蒙大草原,2857,grassland,2.5,11.1,-3.4,0.0,0.0,3,阴,0,,1,0,7,0.5,0.81,1.6,0.75,855
2025-01-12,4,水城古镇,1800,ancient_town,2.5,11.1,-3.4,0.0,0.0,3,阴,0,,1,0,7,0.75,0.88,1.6,0.75,771
2025-01-12,5,明湖国家湿地公园,1750,wetland,2.5,11.1,-3.4,0.0,0.0,3,阴,0,,1,0,7,0.5,0.883,1.6,0.75,465
2025-01-13,1,梅花山风景区,2400,mountain,4.1,11.0,-0.3,0.0,0.0,3,阴,0,,0,0,1,0.5,0.84,1.0,0.75,481
2025-01-13,2,玉舍国家森林公园,2300,forest,4.1,11.0,-0.3,0.0,0.0,3,阴,0,,0,0,1,0.5,0.847,1.0,0.75,389
2025-01-13,3,乌蒙大草原,2857,grassland,4.1,11.0,-0.3,0.0,0.0,3,阴,0,,0,0,1,0.5,0.81,1.0,0.75,545
2025-01-13,4,水城古镇,1800,ancient_town,4.1,11.0,-0.3,0.0,0.0,3,阴,0,,0,0,1,0.75,0.88,1.0,0.75,461
2025-01-13,5,明湖国家湿地公园,1750,wetland,4.1,11.0,-0.3,0.0,0.0,3,阴,0,,0,0,1,0.5,0.883,1.0,0.75,281
2025-01-14,1,梅花山风景区,2400,mountain,1.9,4.2,-0.3,0.5,0.0,51,小雨,0,,0,0,2,0.5,0.84,1.0,0.75,487
2025-01-14,2,玉舍国家森林公园,2300,forest,1.9,4.2,-0.3,0.5,0.0,51,小雨,0,,0,0,2,0.5,0.847,1.0,0.75,357
2025-01-14,3,乌蒙大草原,2857,grassland,1.9,4.2,-0.3,0.5,0.0,51,小雨,0,,0,0,2,0.5,0.81,1.0,0.75,552
2025-01-14,4,水城古镇,1800,ancient_town,1.9,4.2,-0.3,0.5,0.0,51,小雨,0,,0,0,2,0.75,0.88,1.0,0.75,486
2025-01-14,5,明湖国家湿地公园,1750,wetland,1.9,4.2,-0.3,0.5,0.0,51,小雨,0,,0,0,2,0.5,0.883,1.0,0.75,289
2025-01-15,1,梅花山风景区,2400,mountain,4.0,9.6,0.7,0.2,0.84,73,中雪,0,,0,0,3,0.5,0.84,1.0,0.75,473
2025-01-15,2,玉舍国家森林公园,2300,forest,4.0,9.6,0.7,0.2,0.84,73,中雪,0,,0,0,3,0.5,0.847,1.0,0.75,412
2025-01-15,3,乌蒙大草原,2857,grassland,4.0,9.6,0.7,0.2,0.84,73,中雪,0,,0,0,3,0.5,0.81,1.0,0.75,554
2025-01-15,4,水城古镇,1800,ancient_town,4.0,9.6,0.7,0.2,0.84,73,中雪,0,,0,0,3,0.75,0.88,1.0,0.75,487
2025-01-15,5,明湖国家湿地公园,1750,wetland,4.0,9.6,0.7,0.2,0.84,73,中雪,0,,0,0,3,0.5,0.883,1.0,0.75,276
2025-01-16,1,梅花山风景区,2400,mountain,4.2,8.5,1.9,1.1,0.0,51,小雨,0,,0,0,4,0.5,0.84,1.0,0.75,484
2025-01-16,2,玉舍国家森林公园,2300,forest,4.2,8.5,1.9,1.1,0.0,51,小雨,0,,0,0,4,0.5,0.847,1.0,0.75,402
2025-01-16,3,乌蒙大草原,2857,grassland,4.2,8.5,1.9,1.1,0.0,51,小雨,0,,0,0,4,0.5,0.81,1.0,0.75,563
2025-01-16,4,水城古镇,1800,ancient_town,4.2,8.5,1.9,1.1,0.0,51,小雨,0,,0,0,4,0.75,0.88,1.0,0.75,523
2025-01-16,5,明湖国家湿地公园,1750,wetland,4.2,8.5,1.9,1.1,0.0,51,小雨,0,,0,0,4,0.5,0.883,1.0,0.75,305
2025-01-17,1,梅花山风景区,2400,mountain,4.7,9.5,2.0,0.6,0.0,51,小雨,0,,0,0,5,0.5,0.84,1.0,0.75,441
2025-01-17,2,玉舍国家森林公园,2300,forest,4.7,9.5,2.0,0.6,0.0,51,小雨,0,,0,0,5,0.5,0.847,1.0,0.75,380
2025-01-17,3,乌蒙大草原,2857,grassland,4.7,9.5,2.0,0.6,0.0,51,小雨,0,,0,0,5,0.5,0.81,1.0,0.75,560
2025-01-17,4,水城古镇,1800,ancient_town,4.7,9.5,2.0,0.6,0.0,51,小雨,0,,0,0,5,0.75,0.88,1.0,0.75,512
2025-01-17,5,明湖国家湿地公园,1750,wetland,4.7,9.5,2.0,0.6,0.0,51,小雨,0,,0,0,5,0.5,0.883,1.0,0.75,290
2025-01-18,1,梅花山风景区,2400,mountain,4.2,8.4,2.0,0.4,0.0,51,小雨,0,,1,0,6,0.5,0.84,1.6,0.75,753
2025-01-18,2,玉舍国家森林公园,2300,forest,4.2,8.4,2.0,0.4,0.0,51,小雨,0,,1,0,6,0.5,0.847,1.6,0.75,620
2025-01-18,3,乌蒙大草原,2857,grassland,4.2,8.4,2.0,0.4,0.0,51,小雨,0,,1,0,6,0.5,0.81,1.6,0.75,929
2025-01-18,4,水城古镇,1800,ancient_town,4.2,8.4,2.0,0.4,0.0,51,小雨,0,,1,0,6,0.75,0.88,1.6,0.75,831
2025-01-18,5,明湖国家湿地公园,1750,wetland,4.2,8.4,2.0,0.4,0.0,51,小雨,0,,1,0,6,0.5,0.883,1.6,0.75,492
2025-01-19,1,梅花山风景区,2400,mountain,6.4,15.3,-0.5,0.0,0.0,3,阴,0,,1,0,7,0.8,0.96,1.6,0.75,1409
2025-01-19,2,玉舍国家森林公园,2300,forest,6.4,15.3,-0.5,0.0,0.0,3,阴,0,,1,0,7,0.8,0.962,1.6,0.75,1051
2025-01-19,3,乌蒙大草原,2857,grassland,6.4,15.3,-0.5,0.0,0.0,3,阴,0,,1,0,7,0.8,0.952,1.6,0.75,1555
2025-01-19,4,水城古镇,1800,ancient_town,6.4,15.3,-0.5,0.0,0.0,3,阴,0,,1,0,7,0.9,0.97,1.6,0.75,1042
2025-01-19,5,明湖国家湿地公园,1750,wetland,6.4,15.3,-0.5,0.0,0.0,3,阴,0,,1,0,7,0.8,0.971,1.6,0.75,882
2025-01-20,1,梅花山风景区,2400,mountain,5.9,10.3,2.9,0.1,0.0,51,小雨,0,,0,0,1,0.8,0.96,1.0,0.75,881
2025-01-20,2,玉舍国家森林公园,2300,forest,5.9,10.3,2.9,0.1,0.0,51,小雨,0,,0,0,1,0.8,0.962,1.0,0.75,711
2025-01-20,3,乌蒙大草原,2857,grassland,5.9,10.3,2.9,0.1,0.0,51,小雨,0,,0,0,1,0.8,0.952,1.0,0.75,951
2025-01-20,4,水城古镇,1800,ancient_town,5.9,10.3,2.9,0.1,0.0,51,小雨,0,,0,0,1,0.9,0.97,1.0,0.75,606
2025-01-20,5,明湖国家湿地公园,1750,wetland,5.9,10.3,2.9,0.1,0.0,51,小雨,0,,0,0,1,0.8,0.971,1.0,0.75,553
2025-01-21,1,梅花山风景区,2400,mountain,7.3,9.6,5.9,1.8,0.0,51,小雨,0,,0,0,2,0.8,0.96,1.0,0.75,862
2025-01-21,2,玉舍国家森林公园,2300,forest,7.3,9.6,5.9,1.8,0.0,51,小雨,0,,0,0,2,0.8,0.962,1.0,0.75,646
2025-01-21,3,乌蒙大草原,2857,grassland,7.3,9.6,5.9,1.8,0.0,51,小雨,0,,0,0,2,0.8,0.952,1.0,0.75,1073
2025-01-21,4,水城古镇,1800,ancient_town,7.3,9.6,5.9,1.8,0.0,51,小雨,0,,0,0,2,0.9,0.97,1.0,0.75,663
2025-01-21,5,明湖国家湿地公园,1750,wetland,7.3,9.6,5.9,1.8,0.0,51,小雨,0,,0,0,2,0.8,0.971,1.0,0.75,601
2025-01-22,1,梅花山风景区,2400,mountain,8.1,11.7,6.3,2.4,0.0,51,小雨,0,,0,0,3,0.64,0.96,1.0,0.75,734
2025-01-22,2,玉舍国家森林公园,2300,forest,8.1,11.7,6.3,2.4,0.0,51,小雨,0,,0,0,3,0.64,0.962,1.0,0.75,563
2025-01-22,3,乌蒙大草原,2857,grassland,8.1,11.7,6.3,2.4,0.0,51,小雨,0,,0,0,3,0.64,0.952,1.0,0.75,816
2025-01-22,4,水城古镇,1800,ancient_town,8.1,11.7,6.3,2.4,0.0,51,小雨,0,,0,0,3,0.846,0.97,1.0,0.75,622
2025-01-22,5,明湖国家湿地公园,1750,wetland,8.1,11.7,6.3,2.4,0.0,51,小雨,0,,0,0,3,0.512,0.971,1.0,0.75,333
2025-01-23,1,梅花山风景区,2400,mountain,8.4,11.3,6.7,1.1,0.0,51,小雨,0,,0,0,4,0.8,0.96,1.0,0.75,801
2025-01-23,2,玉舍国家森林公园,2300,forest,8.4,11.3,6.7,1.1,0.0,51,小雨,0,,0,0,4,0.8,0.962,1.0,0.75,724
2025-01-23,3,乌蒙大草原,2857,grassland,8.4,11.3,6.7,1.1,0.0,51,小雨,0,,0,0,4,0.8,0.952,1.0,0.75,1042
2025-01-23,4,水城古镇,1800,ancient_town,8.4,11.3,6.7,1.1,0.0,51,小雨,0,,0,0,4,0.9,0.97,1.0,0.75,564
2025-01-23,5,明湖国家湿地公园,1750,wetland,8.4,11.3,6.7,1.1,0.0,51,小雨,0,,0,0,4,0.8,0.971,1.0,0.75,507
2025-01-24,1,梅花山风景区,2400,mountain,10.5,17.1,7.3,3.4,0.0,53,中雨,0,,0,0,5,0.64,0.96,1.0,0.75,662
2025-01-24,2,玉舍国家森林公园,2300,forest,10.5,17.1,7.3,3.4,0.0,53,中雨,0,,0,0,5,0.64,0.962,1.0,0.75,581
2025-01-24,3,乌蒙大草原,2857,grassland,10.5,17.1,7.3,3.4,0.0,53,中雨,0,,0,0,5,0.64,0.952,1.0,0.75,821
2025-01-24,4,水城古镇,1800,ancient_town,10.5,17.1,7.3,3.4,0.0,53,中雨,0,,0,0,5,0.846,0.97,1.0,0.75,661
2025-01-24,5,明湖国家湿地公园,1750,wetland,10.5,17.1,7.3,3.4,0.0,53,中雨,0,,0,0,5,0.512,0.971,1.0,0.75,308
2025-01-25,1,梅花山风景区,2400,mountain,3.9,6.5,-0.0,2.4,0.0,51,小雨,0,,1,0,6,0.4,0.84,1.6,0.75,572
2025-01-25,2,玉舍国家森林公园,2300,forest,3.9,6.5,-0.0,2.4,0.0,51,小雨,0,,1,0,6,0.4,0.847,1.6,0.75,513
2025-01-25,3,乌蒙大草原,2857,grassland,3.9,6.5,-0.0,2.4,0.0,51,小雨,0,,1,0,6,0.4,0.81,1.6,0.75,676
2025-01-25,4,水城古镇,1800,ancient_town,3.9,6.5,-0.0,2.4,0.0,51,小雨,0,,1,0,6,0.705,0.88,1.6,0.75,705
2025-01-25,5,明湖国家湿地公园,1750,wetland,3.9,6.5,-0.0,2.4,0.0,51,小雨,0,,1,0,6,0.32,0.883,1.6,0.75,297
2025-01-26,1,梅花山风景区,2400,mountain,-0.5,2.4,-3.0,0.2,1.68,73,中雪,0,,1,0,7,0.5,0.84,1.6,0.75,727
2025-01-26,2,玉舍国家森林公园,2300,forest,-0.5,2.4,-3.0,0.2,1.68,73,中雪,0,,1,0,7,0.5,0.847,1.6,0.75,626
2025-01-26,3,乌蒙大草原,2857,grassland,-0.5,2.4,-3.0,0.2,1.68,73,中雪,0,,1,0,7,0.3,0.81,1.6,0.75,553
2025-01-26,4,水城古镇,1800,ancient_town,-0.5,2.4,-3.0,0.2,1.68,73,中雪,0,,1,0,7,0.75,0.88,1.6,0.75,729
2025-01-26,5,明湖国家湿地公园,1750,wetland,-0.5,2.4,-3.0,0.2,1.68,73,中雪,0,,1,0,7,0.5,0.883,1.6,0.75,470
2025-01-27,1,梅花山风景区,2400,mountain,0.9,7.8,-4.4,0.0,0.21,71,小雪,0,,0,0,1,0.5,0.84,1.0,0.75,472
2025-01-27,2,玉舍国家森林公园,2300,forest,0.9,7.8,-4.4,0.0,0.21,71,小雪,0,,0,0,1,0.5,0.847,1.0,0.75,382
2025-01-27,3,乌蒙大草原,2857,grassland,0.9,7.8,-4.4,0.0,0.21,71,小雪,0,,0,0,1,0.5,0.81,1.0,0.75,569
2025-01-27,4,水城古镇,1800,ancient_town,0.9,7.8,-4.4,0.0,0.21,71,小雪,0,,0,0,1,0.75,0.88,1.0,0.75,497
2025-01-27,5,明湖国家湿地公园,1750,wetland,0.9,7.8,-4.4,0.0,0.21,71,小雪,0,,0,0,1,0.5,0.883,1.0,0.75,289
2025-01-28,1,梅花山风景区,2400,mountain,1.9,6.6,-1.3,0.1,0.21,71,小雪,1,春节,0,8,2,0.5,0.84,4.5,0.75,2008
2025-01-28,2,玉舍国家森林公园,2300,forest,1.9,6.6,-1.3,0.1,0.21,71,小雪,1,春节,0,8,2,0.5,0.847,4.5,0.75,1558
2025-01-28,3,乌蒙大草原,2857,grassland,1.9,6.6,-1.3,0.1,0.21,71,小雪,1,春节,0,8,2,0.5,0.81,4.5,0.75,2413
2025-01-28,4,水城古镇,1800,ancient_town,1.9,6.6,-1.3,0.1,0.21,71,小雪,1,春节,0,8,2,0.75,0.88,5.175,0.75,2563
2025-01-28,5,明湖国家湿地公园,1750,wetland,1.9,6.6,-1.3,0.1,0.21,71,小雪,1,春节,0,8,2,0.5,0.883,4.725,0.75,1473
2025-01-29,1,梅花山风景区,2400,mountain,3.4,9.3,0.8,0.1,0.14,71,小雪,1,春节,0,8,3,0.5,0.84,4.5,0.75,2086
2025-01-29,2,玉舍国家森林公园,2300,forest,3.4,9.3,0.8,0.1,0.14,71,小雪,1,春节,0,8,3,0.5,0.847,4.5,0.75,1913
2025-01-29,3,乌蒙大草原,2857,grassland,3.4,9.3,0.8,0.1,0.14,71,小雪,1,春节,0,8,3,0.5,0.81,4.5,0.75,2449
2025-01-29,4,水城古镇,1800,ancient_town,3.4,9.3,0.8,0.1,0.14,71,小雪,1,春节,0,8,3,0.75,0.88,5.175,0.75,2499
2025-01-29,5,明湖国家湿地公园,1750,wetland,3.4,9.3,0.8,0.1,0.14,71,小雪,1,春节,0,8,3,0.5,0.883,4.725,0.75,1435
2025-01-30,1,梅花山风景区,2400,mountain,4.7,9.1,0.9,0.0,0.0,3,阴,1,春节,0,8,4,0.5,0.84,4.5,0.75,2023
2025-01-30,2,玉舍国家森林公园,2300,forest,4.7,9.1,0.9,0.0,0.0,3,阴,1,春节,0,8,4,0.5,0.847,4.5,0.75,1732
2025-01-30,3,乌蒙大草原,2857,grassland,4.7,9.1,0.9,0.0,0.0,3,阴,1,春节,0,8,4,0.5,0.81,4.5,0.75,2205
2025-01-30,4,水城古镇,1800,ancient_town,4.7,9.1,0.9,0.0,0.0,3,阴,1,春节,0,8,4,0.75,0.88,5.175,0.75,2648
2025-01-30,5,明湖国家湿地公园,1750,wetland,4.7,9.1,0.9,0.0,0.0,3,阴,1,春节,0,8,4,0.5,0.883,4.725,0.75,1413
2025-01-31,1,梅花山风景区,2400,mountain,5.4,10.3,2.2,0.9,0.0,51,小雨,1,春节,0,8,5,0.8,0.96,4.5,0.75,3928
2025-01-31,2,玉舍国家森林公园,2300,forest,5.4,10.3,2.2,0.9,0.0,51,小雨,1,春节,0,8,5,0.8,0.962,4.5,0.75,3139
2025-01-31,3,乌蒙大草原,2857,grassland,5.4,10.3,2.2,0.9,0.0,51,小雨,1,春节,0,8,5,0.8,0.952,4.5,0.75,4333
2025-01-31,4,水城古镇,1800,ancient_town,5.4,10.3,2.2,0.9,0.0,51,小雨,1,春节,0,8,5,0.9,0.97,5.175,0.75,3236
2025-01-31,5,明湖国家湿地公园,1750,wetland,5.4,10.3,2.2,0.9,0.0,51,小雨,1,春节,0,8,5,0.8,0.971,4.725,0.75,2671
2025-02-01,1,梅花山风景区,2400,mountain,4.6,9.8,1.6,0.9,0.0,51,小雨,1,春节,1,8,6,0.5,0.84,4.5,0.75,2178
2025-02-01,2,玉舍国家森林公园,2300,forest,4.6,9.8,1.6,0.9,0.0,51,小雨,1,春节,1,8,6,0.5,0.847,4.5,0.75,1663
2025-02-01,3,乌蒙大草原,2857,grassland,4.6,9.8,1.6,0.9,0.0,51,小雨,1,春节,1,8,6,0.5,0.81,4.5,0.75,2510
2025-02-01,4,水城古镇,1800,ancient_town,4.6,9.8,1.6,0.9,0.0,51,小雨,1,春节,1,8,6,0.75,0.88,5.175,0.75,2613
2025-02-01,5,明湖国家湿地公园,1750,wetland,4.6,9.8,1.6,0.9,0.0,51,小雨,1,春节,1,8,6,0.5,0.883,4.725,0.75,1546
2025-02-02,1,梅花山风景区,2400,mountain,3.1,5.8,1.4,1.8,0.0,51,小雨,1,春节,1,8,7,0.5,0.84,4.5,0.75,2244
2025-02-02,2,玉舍国家森林公园,2300,forest,3.1,5.8,1.4,1.8,0.0,51,小雨,1,春节,1,8,7,0.5,0.847,4.5,0.75,1749
2025-02-02,3,乌蒙大草原,2857,grassland,3.1,5.8,1.4,1.8,0.0,51,小雨,1,春节,1,8,7,0.5,0.81,4.5,0.75,2403
2025-02-02,4,水城古镇,1800,ancient_town,3.1,5.8,1.4,1.8,0.0,51,小雨,1,春节,1,8,7,0.75,0.88,5.175,0.75,2790
2025-02-02,5,明湖国家湿地公园,1750,wetland,3.1,5.8,1.4,1.8,0.0,51,小雨,1,春节,1,8,7,0.5,0.883,4.725,0.75,1401
2025-02-03,1,梅花山风景区,2400,mountain,3.1,7.5,0.5,1.1,0.0,51,小雨,1,春节,0,8,1,0.5,0.84,4.5,0.75,2033
2025-02-03,2,玉舍国家森林公园,2300,forest,3.1,7.5,0.5,1.1,0.0,51,小雨,1,春节,0,8,1,0.5,0.847,4.5,0.75,1609
2025-02-03,3,乌蒙大草原,2857,grassland,3.1,7.5,0.5,1.1,0.0,51,小雨,1,春节,0,8,1,0.5,0.81,4.5,0.75,2352
2025-02-03,4,水城古镇,1800,ancient_town,3.1,7.5,0.5,1.1,0.0,51,小雨,1,春节,0,8,1,0.75,0.88,5.175,0.75,2514
2025-02-03,5,明湖国家湿地公园,1750,wetland,3.1,7.5,0.5,1.1,0.0,51,小雨,1,春节,0,8,1,0.5,0.883,4.725,0.75,1462
2025-02-04,1,梅花山风景区,2400,mountain,2.7,6.4,-0.3,0.0,0.0,3,阴,1,春节,0,8,2,0.5,0.84,4.5,0.75,2223
2025-02-04,2,玉舍国家森林公园,2300,forest,2.7,6.4,-0.3,0.0,0.0,3,阴,1,春节,0,8,2,0.5,0.847,4.5,0.75,1813
2025-02-04,3,乌蒙大草原,2857,grassland,2.7,6.4,-0.3,0.0,0.0,3,阴,1,春节,0,8,2,0.5,0.81,4.5,0.75,2477
2025-02-04,4,水城古镇,1800,ancient_town,2.7,6.4,-0.3,0.0,0.0,3,阴,1,春节,0,8,2,0.75,0.88,5.175,0.75,2668
2025-02-04,5,明湖国家湿地公园,1750,wetland,2.7,6.4,-0.3,0.0,0.0,3,阴,1,春节,0,8,2,0.5,0.883,4.725,0.75,1567
2025-02-05,1,梅花山风景区,2400,mountain,3.4,5.3,2.0,2.6,0.0,51,小雨,0,,0,0,3,0.4,0.84,1.0,0.75,395
2025-02-05,2,玉舍国家森林公园,2300,forest,3.4,5.3,2.0,2.6,0.0,51,小雨,0,,0,0,3,0.4,0.847,1.0,0.75,329
2025-02-05,3,乌蒙大草原,2857,grassland,3.4,5.3,2.0,2.6,0.0,51,小雨,0,,0,0,3,0.4,0.81,1.0,0.75,404
2025-02-05,4,水城古镇,1800,ancient_town,3.4,5.3,2.0,2.6,0.0,51,小雨,0,,0,0,3,0.705,0.88,1.0,0.75,448
2025-02-05,5,明湖国家湿地公园,1750,wetland,3.4,5.3,2.0,2.6,0.0,51,小雨,0,,0,0,3,0.32,0.883,1.0,0.75,183
2025-02-06,1,梅花山风景区,2400,mountain,1.9,4.0,0.5,3.9,0.07,71,小雪,0,,0,0,4,0.4,0.84,1.0,0.75,327
2025-02-06,2,玉舍国家森林公园,2300,forest,1.9,4.0,0.5,3.9,0.07,71,小雪,0,,0,0,4,0.4,0.847,1.0,0.75,305
2025-02-06,3,乌蒙大草原,2857,grassland,1.9,4.0,0.5,3.9,0.07,71,小雪,0,,0,0,4,0.4,0.81,1.0,0.75,467
2025-02-06,4,水城古镇,1800,ancient_town,1.9,4.0,0.5,3.9,0.07,71,小雪,0,,0,0,4,0.705,0.88,1.0,0.75,452
2025-02-06,5,明湖国家湿地公园,1750,wetland,1.9,4.0,0.5,3.9,0.07,71,小雪,0,,0,0,4,0.32,0.883,1.0,0.75,192
2025-02-07,1,梅花山风景区,2400,mountain,0.8,3.0,-0.5,1.6,0.84,71,小雪,0,,0,0,5,0.5,0.84,1.0,0.75,452
2025-02-07,2,玉舍国家森林公园,2300,forest,0.8,3.0,-0.5,1.6,0.84,71,小雪,0,,0,0,5,0.5,0.847,1.0,0.75,371
2025-02-07,3,乌蒙大草原,2857,grassland,0.8,3.0,-0.5,1.6,0.84,71,小雪,0,,0,0,5,0.5,0.81,1.0,0.75,554
2025-02-07,4,水城古镇,1800,ancient_town,0.8,3.0,-0.5,1.6,0.84,71,小雪,0,,0,0,5,0.75,0.88,1.0,0.75,465
2025-02-07,5,明湖国家湿地公园,1750,wetland,0.8,3.0,-0.5,1.6,0.84,71,小雪,0,,0,0,5,0.5,0.883,1.0,0.75,315
2025-02-08,1,梅花山风景区,2400,mountain,0.2,2.8,-1.6,1.5,0.98,71,小雪,0,,1,0,6,0.5,0.84,1.6,0.75,683
2025-02-08,2,玉舍国家森林公园,2300,forest,0.2,2.8,-1.6,1.5,0.98,71,小雪,0,,1,0,6,0.5,0.847,1.6,0.75,619
2025-02-08,3,乌蒙大草原,2857,grassland,0.2,2.8,-1.6,1.5,0.98,71,小雪,0,,1,0,6,0.5,0.81,1.6,0.75,852
2025-02-08,4,水城古镇,1800,ancient_town,0.2,2.8,-1.6,1.5,0.98,71,小雪,0,,1,0,6,0.75,0.88,1.6,0.75,850
2025-02-08,5,明湖国家湿地公园,1750,wetland,0.2,2.8,-1.6,1.5,0.98,71,小雪,0,,1,0,6,0.5,0.883,1.6,0.75,495
2025-02-09,1,梅花山风景区,2400,mountain,1.8,7.2,-0.3,0.2,0.07,71,小雪,0,,1,0,7,0.5,0.84,1.6,0.75,677
2025-02-09,2,玉舍国家森林公园,2300,forest,1.8,7.2,-0.3,0.2,0.07,71,小雪,0,,1,0,7,0.5,0.847,1.6,0.75,535
2025-02-09,3,乌蒙大草原,2857,grassland,1.8,7.2,-0.3,0.2,0.07,71,小雪,0,,1,0,7,0.5,0.81,1.6,0.75,830
2025-02-09,4,水城古镇,1800,ancient_town,1.8,7.2,-0.3,0.2,0.07,71,小雪,0,,1,0,7,0.75,0.88,1.6,0.75,772
2025-02-09,5,明湖国家湿地公园,1750,wetland,1.8,7.2,-0.3,0.2,0.07,71,小雪,0,,1,0,7,0.5,0.883,1.6,0.75,472
2025-02-10,1,梅花山风景区,2400,mountain,3.1,11.8,0.0,0.5,0.0,51,小雨,0,,0,0,1,0.5,0.84,1.0,0.75,473
2025-02-10,2,玉舍国家森林公园,2300,forest,3.1,11.8,0.0,0.5,0.0,51,小雨,0,,0,0,1,0.5,0.847,1.0,0.75,393
2025-02-10,3,乌蒙大草原,2857,grassland,3.1,11.8,0.0,0.5,0.0,51,小雨,0,,0,0,1,0.5,0.81,1.0,0.75,509
2025-02-10,4,水城古镇,1800,ancient_town,3.1,11.8,0.0,0.5,0.0,51,小雨,0,,0,0,1,0.75,0.88,1.0,0.75,450
2025-02-10,5,明湖国家湿地公园,1750,wetland,3.1,11.8,0.0,0.5,0.0,51,小雨,0,,0,0,1,0.5,0.883,1.0,0.75,301
2025-02-11,1,梅花山风景区,2400,mountain,10.3,21.1,2.6,0.2,0.0,51,小雨,0,,0,0,2,0.8,0.96,1.0,0.75,848
2025-02-11,2,玉舍国家森林公园,2300,forest,10.3,21.1,2.6,0.2,0.0,51,小雨,0,,0,0,2,0.8,0.962,1.0,0.75,688
2025-02-11,3,乌蒙大草原,2857,grassland,10.3,21.1,2.6,0.2,0.0,51,小雨,0,,0,0,2,0.8,0.952,1.0,0.75,995
2025-02-11,4,水城古镇,1800,ancient_town,10.3,21.1,2.6,0.2,0.0,51,小雨,0,,0,0,2,0.9,0.97,1.0,0.75,649
2025-02-11,5,明湖国家湿地公园,1750,wetland,10.3,21.1,2.6,0.2,0.0,51,小雨,0,,0,0,2,0.8,0.971,1.0,0.75,563
2025-02-12,1,梅花山风景区,2400,mountain,3.2,5.1,1.7,0.3,0.07,71,小雪,0,,0,0,3,0.5,0.84,1.0,0.75,434
2025-02-12,2,玉舍国家森林公园,2300,forest,3.2,5.1,1.7,0.3,0.07,71,小雪,0,,0,0,3,0.5,0.847,1.0,0.75,357
2025-02-12,3,乌蒙大草原,2857,grassland,3.2,5.1,1.7,0.3,0.07,71,小雪,0,,0,0,3,0.5,0.81,1.0,0.75,563
2025-02-12,4,水城古镇,1800,ancient_town,3.2,5.1,1.7,0.3,0.07,71,小雪,0,,0,0,3,0.75,0.88,1.0,0.75,533
2025-02-12,5,明湖国家湿地公园,1750,wetland,3.2,5.1,1.7,0.3,0.07,71,小雪,0,,0,0,3,0.5,0.883,1.0,0.75,295
2025-02-13,1,梅花山风景区,2400,mountain,4.2,10.3,1.0,1.8,0.21,71,小雪,0,,0,0,4,0.5,0.84,1.0,0.75,442
2025-02-13,2,玉舍国家森林公园,2300,forest,4.2,10.3,1.0,1.8,0.21,71,小雪,0,,0,0,4,0.5,0.847,1.0,0.75,342
2025-02-13,3,乌蒙大草原,2857,grassland,4.2,10.3,1.0,1.8,0.21,71,小雪,0,,0,0,4,0.5,0.81,1.0,0.75,553
2025-02-13,4,水城古镇,1800,ancient_town,4.2,10.3,1.0,1.8,0.21,71,小雪,0,,0,0,4,0.75,0.88,1.0,0.75,464
2025-02-13,5,明湖国家湿地公园,1750,wetland,4.2,10.3,1.0,1.8,0.21,71,小雪,0,,0,0,4,0.5,0.883,1.0,0.75,330
2025-02-14,1,梅花山风景区,2400,mountain,5.3,10.7,0.4,1.2,0.0,53,中雨,0,,0,0,5,0.8,0.96,1.0,0.75,965
2025-02-14,2,玉舍国家森林公园,2300,forest,5.3,10.7,0.4,1.2,0.0,53,中雨,0,,0,0,5,0.8,0.962,1.0,0.75,700
2025-02-14,3,乌蒙大草原,2857,grassland,5.3,10.7,0.4,1.2,0.0,53,中雨,0,,0,0,5,0.8,0.952,1.0,0.75,1053
2025-02-14,4,水城古镇,1800,ancient_town,5.3,10.7,0.4,1.2,0.0,53,中雨,0,,0,0,5,0.9,0.97,1.0,0.75,650
2025-02-14,5,明湖国家湿地公园,1750,wetland,5.3,10.7,0.4,1.2,0.0,53,中雨,0,,0,0,5,0.8,0.971,1.0,0.75,554
2025-02-15,1,梅花山风景区,2400,mountain,3.9,12.4,0.1,0.2,0.0,51,小雨,0,,1,0,6,0.5,0.84,1.6,0.75,755
2025-02-15,2,玉舍国家森林公园,2300,forest,3.9,12.4,0.1,0.2,0.0,51,小雨,0,,1,0,6,0.5,0.847,1.6,0.75,611
2025-02-15,3,乌蒙大草原,2857,grassland,3.9,12.4,0.1,0.2,0.0,51,小雨,0,,1,0,6,0.5,0.81,1.6,0.75,933
2025-02-15,4,水城古镇,1800,ancient_town,3.9,12.4,0.1,0.2,0.0,51,小雨,0,,1,0,6,0.75,0.88,1.6,0.75,816
2025-02-15,5,明湖国家湿地公园,1750,wetland,3.9,12.4,0.1,0.2,0.0,51,小雨,0,,1,0,6,0.5,0.883,1.6,0.75,527
2025-02-16,1,梅花山风景区,2400,mountain,4.1,8.0,2.1,1.4,0.0,51,小雨,0,,1,0,7,0.5,0.84,1.6,0.75,694
2025-02-16,2,玉舍国家森林公园,2300,forest,4.1,8.0,2.1,1.4,0.0,51,小雨,0,,1,0,7,0.5,0.847,1.6,0.75,592
2025-02-16,3,乌蒙大草原,2857,grassland,4.1,8.0,2.1,1.4,0.0,51,小雨,0,,1,0,7,0.5,0.81,1.6,0.75,834
2025-02-16,4,水城古镇,1800,ancient_town,4.1,8.0,2.1,1.4,0.0,51,小雨,0,,1,0,7,0.75,0.88,1.6,0.75,825
2025-02-16,5,明湖国家湿地公园,1750,wetland,4.1,8.0,2.1,1.4,0.0,51,小雨,0,,1,0,7,0.5,0.883,1.6,0.75,465
2025-02-17,1,梅花山风景区,2400,mountain,5.3,11.0,2.6,2.8,0.49,73,中雪,0,,0,0,1,0.64,0.96,1.0,0.75,712
2025-02-17,2,玉舍国家森林公园,2300,forest,5.3,11.0,2.6,2.8,0.49,73,中雪,0,,0,0,1,0.64,0.962,1.0,0.75,521
2025-02-17,3,乌蒙大草原,2857,grassland,5.3,11.0,2.6,2.8,0.49,73,中雪,0,,0,0,1,0.64,0.952,1.0,0.75,818
2025-02-17,4,水城古镇,1800,ancient_town,5.3,11.0,2.6,2.8,0.49,73,中雪,0,,0,0,1,0.846,0.97,1.0,0.75,686
2025-02-17,5,明湖国家湿地公园,1750,wetland,5.3,11.0,2.6,2.8,0.49,73,中雪,0,,0,0,1,0.512,0.971,1.0,0.75,363
2025-02-18,1,梅花山风景区,2400,mountain,5.0,9.1,2.9,1.1,0.0,51,小雨,0,,0,0,2,0.8,0.96,1.0,0.75,782
2025-02-18,2,玉舍国家森林公园,2300,forest,5.0,9.1,2.9,1.1,0.0,51,小雨,0,,0,0,2,0.8,0.962,1.0,0.75,705
2025-02-18,3,乌蒙大草原,2857,grassland,5.0,9.1,2.9,1.1,0.0,51,小雨,0,,0,0,2,0.8,0.952,1.0,0.75,1071
2025-02-18,4,水城古镇,1800,ancient_town,5.0,9.1,2.9,1.1,0.0,51,小雨,0,,0,0,2,0.9,0.97,1.0,0.75,638
2025-02-18,5,明湖国家湿地公园,1750,wetland,5.0,9.1,2.9,1.1,0.0,51,小雨,0,,0,0,2,0.8,0.971,1.0,0.75,495
2025-02-19,1,梅花山风景区,2400,mountain,6.4,10.6,3.8,0.9,0.0,53,中雨,0,,0,0,3,0.8,0.96,1.0,0.75,892
2025-02-19,2,玉舍国家森林公园,2300,forest,6.4,10.6,3.8,0.9,0.0,53,中雨,0,,0,0,3,0.8,0.962,1.0,0.75,695
2025-02-19,3,乌蒙大草原,2857,grassland,6.4,10.6,3.8,0.9,0.0,53,中雨,0,,0,0,3,0.8,0.952,1.0,0.75,1056
2025-02-19,4,水城古镇,1800,ancient_town,6.4,10.6,3.8,0.9,0.0,53,中雨,0,,0,0,3,0.9,0.97,1.0,0.75,649
2025-02-19,5,明湖国家湿地公园,1750,wetland,6.4,10.6,3.8,0.9,0.0,53,中雨,0,,0,0,3,0.8,0.971,1.0,0.75,585
2025-02-20,1,梅花山风景区,2400,mountain,6.0,10.1,3.5,4.0,1.54,75,大雪,0,,0,0,4,0.64,0.96,1.0,0.75,659
2025-02-20,2,玉舍国家森林公园,2300,forest,6.0,10.1,3.5,4.0,1.54,75,大雪,0,,0,0,4,0.64,0.962,1.0,0.75,540
2025-02-20,3,乌蒙大草原,2857,grassland,6.0,10.1,3.5,4.0,1.54,75,大雪,0,,0,0,4,0.64,0.952,1.0,0.75,844
2025-02-20,4,水城古镇,1800,ancient_town,6.0,10.1,3.5,4.0,1.54,75,大雪,0,,0,0,4,0.846,0.97,1.0,0.75,637
2025-02-20,5,明湖国家湿地公园,1750,wetland,6.0,10.1,3.5,4.0,1.54,75,大雪,0,,0,0,4,0.512,0.971,1.0,0.75,312
2025-02-21,1,梅花山风景区,2400,mountain,5.5,9.1,3.6,1.3,0.0,51,小雨,0,,0,0,5,0.8,0.96,1.0,0.75,920
2025-02-21,2,玉舍国家森林公园,2300,forest,5.5,9.1,3.6,1.3,0.0,51,小雨,0,,0,0,5,0.8,0.962,1.0,0.75,641
2025-02-21,3,乌蒙大草原,2857,grassland,5.5,9.1,3.6,1.3,0.0,51,小雨,0,,0,0,5,0.8,0.952,1.0,0.75,1028
2025-02-21,4,水城古镇,1800,ancient_town,5.5,9.1,3.6,1.3,0.0,51,小雨,0,,0,0,5,0.9,0.97,1.0,0.75,644
2025-02-21,5,明湖国家湿地公园,1750,wetland,5.5,9.1,3.6,1.3,0.0,51,小雨,0,,0,0,5,0.8,0.971,1.0,0.75,505
2025-02-22,1,梅花山风景区,2400,mountain,5.2,9.5,3.0,1.0,0.0,51,小雨,0,,1,0,6,0.8,0.96,1.6,0.75,1460
2025-02-22,2,玉舍国家森林公园,2300,forest,5.2,9.5,3.0,1.0,0.0,51,小雨,0,,1,0,6,0.8,0.962,1.6,0.75,977
2025-02-22,3,乌蒙大草原,2857,grassland,5.2,9.5,3.0,1.0,0.0,51,小雨,0,,1,0,6,0.8,0.952,1.6,0.75,1585
2025-02-22,4,水城古镇,1800,ancient_town,5.2,9.5,3.0,1.0,0.0,51,小雨,0,,1,0,6,0.9,0.97,1.6,0.75,1000
2025-02-22,5,明湖国家湿地公园,1750,wetland,5.2,9.5,3.0,1.0,0.0,51,小雨,0,,1,0,6,0.8,0.971,1.6,0.75,875
2025-02-23,1,梅花山风景区,2400,mountain,4.0,7.4,2.4,0.4,0.0,51,小雨,0,,1,0,7,0.5,0.84,1.6,0.75,814
2025-02-23,2,玉舍国家森林公园,2300,forest,4.0,7.4,2.4,0.4,0.0,51,小雨,0,,1,0,7,0.5,0.847,1.6,0.75,633
2025-02-23,3,乌蒙大草原,2857,grassland,4.0,7.4,2.4,0.4,0.0,51,小雨,0,,1,0,7,0.5,0.81,1.6,0.75,935
2025-02-23,4,水城古镇,1800,ancient_town,4.0,7.4,2.4,0.4,0.0,51,小雨,0,,1,0,7,0.75,0.88,1.6,0.75,703
2025-02-23,5,明湖国家湿地公园,1750,wetland,4.0,7.4,2.4,0.4,0.0,51,小雨,0,,1,0,7,0.5,0.883,1.6,0.75,480
2025-02-24,1,梅花山风景区,2400,mountain,4.9,10.8,1.7,0.6,0.0,51,小雨,0,,0,0,1,0.5,0.84,1.0,0.75,439
2025-02-24,2,玉舍国家森林公园,2300,forest,4.9,10.8,1.7,0.6,0.0,51,小雨,0,,0,0,1,0.5,0.847,1.0,0.75,373
2025-02-24,3,乌蒙大草原,2857,grassland,4.9,10.8,1.7,0.6,0.0,51,小雨,0,,0,0,1,0.5,0.81,1.0,0.75,553
2025-02-24,4,水城古镇,1800,ancient_town,4.9,10.8,1.7,0.6,0.0,51,小雨,0,,0,0,1,0.75,0.88,1.0,0.75,497
2025-02-24,5,明湖国家湿地公园,1750,wetland,4.9,10.8,1.7,0.6,0.0,51,小雨,0,,0,0,1,0.5,0.883,1.0,0.75,318
2025-02-25,1,梅花山风景区,2400,mountain,4.9,11.8,0.6,0.0,0.0,3,阴,0,,0,0,2,0.5,0.84,1.0,0.75,425
2025-02-25,2,玉舍国家森林公园,2300,forest,4.9,11.8,0.6,0.0,0.0,3,阴,0,,0,0,2,0.5,0.847,1.0,0.75,365
2025-02-25,3,乌蒙大草原,2857,grassland,4.9,11.8,0.6,0.0,0.0,3,阴,0,,0,0,2,0.5,0.81,1.0,0.75,505
2025-02-25,4,水城古镇,1800,ancient_town,4.9,11.8,0.6,0.0,0.0,3,阴,0,,0,0,2,0.75,0.88,1.0,0.75,454
2025-02-25,5,明湖国家湿地公园,1750,wetland,4.9,11.8,0.6,0.0,0.0,3,阴,0,,0,0,2,0.5,0.883,1.0,0.75,313
2025-02-26,1,梅花山风景区,2400,mountain,6.3,13.4,3.4,2.1,0.0,61,小雨,0,,0,0,3,0.64,0.96,1.0,0.75,697
2025-02-26,2,玉舍国家森林公园,2300,forest,6.3,13.4,3.4,2.1,0.0,61,小雨,0,,0,0,3,0.64,0.962,1.0,0.75,597
2025-02-26,3,乌蒙大草原,2857,grassland,6.3,13.4,3.4,2.1,0.0,61,小雨,0,,0,0,3,0.64,0.952,1.0,0.75,871
2025-02-26,4,水城古镇,1800,ancient_town,6.3,13.4,3.4,2.1,0.0,61,小雨,0,,0,0,3,0.846,0.97,1.0,0.75,617
2025-02-26,5,明湖国家湿地公园,1750,wetland,6.3,13.4,3.4,2.1,0.0,61,小雨,0,,0,0,3,0.512,0.971,1.0,0.75,319
2025-02-27,1,梅花山风景区,2400,mountain,11.5,24.7,1.4,0.0,0.0,3,阴,0,,0,0,4,0.8,0.96,1.0,0.75,906
2025-02-27,2,玉舍国家森林公园,2300,forest,11.5,24.7,1.4,0.0,0.0,3,阴,0,,0,0,4,0.8,0.962,1.0,0.75,668
2025-02-27,3,乌蒙大草原,2857,grassland,11.5,24.7,1.4,0.0,0.0,3,阴,0,,0,0,4,0.8,0.952,1.0,0.75,966
2025-02-27,4,水城古镇,1800,ancient_town,11.5,24.7,1.4,0.0,0.0,3,阴,0,,0,0,4,0.9,0.97,1.0,0.75,617
2025-02-27,5,明湖国家湿地公园,1750,wetland,11.5,24.7,1.4,0.0,0.0,3,阴,0,,0,0,4,0.8,0.971,1.0,0.75,527
2025-02-28,1,梅花山风景区,2400,mountain,12.2,25.0,2.0,0.0,0.0,3,阴,0,,0,0,5,1.0,0.96,1.0,0.75,1148
2025-02-28,2,玉舍国家森林公园,2300,forest,12.2,25.0,2.0,0.0,0.0,3,阴,0,,0,0,5,1.0,0.962,1.0,0.75,867
2025-02-28,3,乌蒙大草原,2857,grassland,12.2,25.0,2.0,0.0,0.0,3,阴,0,,0,0,5,1.0,0.952,1.0,0.75,1364
2025-02-28,4,水城古镇,1800,ancient_town,12.2,25.0,2.0,0.0,0.0,3,阴,0,,0,0,5,1.0,0.97,1.0,0.75,730
2025-02-28,5,明湖国家湿地公园,1750,wetland,12.2,25.0,2.0,0.0,0.0,3,阴,0,,0,0,5,1.0,0.971,1.0,0.75,641
2025-03-01,1,梅花山风景区,2400,mountain,15.6,24.6,6.6,0.0,0.0,3,阴,0,,1,0,6,1.0,1.08,1.6,0.95,2797
2025-03-01,2,玉舍国家森林公园,2300,forest,15.6,24.6,6.6,0.0,0.0,3,阴,0,,1,0,6,1.0,1.077,1.6,0.95,2142
2025-03-01,3,乌蒙大草原,2857,grassland,15.6,24.6,6.6,0.0,0.0,3,阴,0,,1,0,6,1.0,1.095,1.6,0.95,3026
2025-03-01,4,水城古镇,1800,ancient_town,15.6,24.6,6.6,0.0,0.0,3,阴,0,,1,0,6,1.0,1.06,1.6,0.95,1544
2025-03-01,5,明湖国家湿地公园,1750,wetland,15.6,24.6,6.6,0.0,0.0,3,阴,0,,1,0,6,1.0,1.058,1.6,0.95,1331
2025-03-02,1,梅花山风景区,2400,mountain,15.6,23.7,9.1,5.2,0.0,61,小雨,0,,1,0,7,0.8,1.08,1.6,0.95,2009
2025-03-02,2,玉舍国家森林公园,2300,forest,15.6,23.7,9.1,5.2,0.0,61,小雨,0,,1,0,7,0.8,1.077,1.6,0.95,1551
2025-03-02,3,乌蒙大草原,2857,grassland,15.6,23.7,9.1,5.2,0.0,61,小雨,0,,1,0,7,0.8,1.095,1.6,0.95,2453
2025-03-02,4,水城古镇,1800,ancient_town,15.6,23.7,9.1,5.2,0.0,61,小雨,0,,1,0,7,0.94,1.06,1.6,0.95,1538
2025-03-02,5,明湖国家湿地公园,1750,wetland,15.6,23.7,9.1,5.2,0.0,61,小雨,0,,1,0,7,0.64,1.058,1.6,0.95,946
2025-03-03,1,梅花山风景区,2400,mountain,10.3,19.3,4.2,2.2,0.0,55,大雨,0,,0,0,1,0.64,0.96,1.0,0.95,925
2025-03-03,2,玉舍国家森林公园,2300,forest,10.3,19.3,4.2,2.2,0.0,55,大雨,0,,0,0,1,0.64,0.962,1.0,0.95,712
2025-03-03,3,乌蒙大草原,2857,grassland,10.3,19.3,4.2,2.2,0.0,55,大雨,0,,0,0,1,0.64,0.952,1.0,0.95,1004
2025-03-03,4,水城古镇,1800,ancient_town,10.3,19.3,4.2,2.2,0.0,55,大雨,0,,0,0,1,0.846,0.97,1.0,0.95,749
2025-03-03,5,明湖国家湿地公园,1750,wetland,10.3,19.3,4.2,2.2,0.0,55,大雨,0,,0,0,1,0.512,0.971,1.0,0.95,437
2025-03-04,1,梅花山风景区,2400,mountain,9.2,15.2,6.0,0.9,0.0,51,小雨,0,,0,0,2,0.8,0.96,1.0,0.95,1035
2025-03-04,2,玉舍国家森林公园,2300,forest,9.2,15.2,6.0,0.9,0.0,51,小雨,0,,0,0,2,0.8,0.962,1.0,0.95,908
2025-03-04,3,乌蒙大草原,2857,grassland,9.2,15.2,6.0,0.9,0.0,51,小雨,0,,0,0,2,0.8,0.952,1.0,0.95,1349
2025-03-04,4,水城古镇,1800,ancient_town,9.2,15.2,6.0,0.9,0.0,51,小雨,0,,0,0,2,0.9,0.97,1.0,0.95,827
2025-03-04,5,明湖国家湿地公园,1750,wetland,9.2,15.2,6.0,0.9,0.0,51,小雨,0,,0,0,2,0.8,0.971,1.0,0.95,638
2025-03-05,1,梅花山风景区,2400,mountain,7.0,10.1,5.2,2.9,0.0,53,中雨,0,,0,0,3,0.64,0.96,1.0,0.95,797
2025-03-05,2,玉舍国家森林公园,2300,forest,7.0,10.1,5.2,2.9,0.0,53,中雨,0,,0,0,3,0.64,0.962,1.0,0.95,662
2025-03-05,3,乌蒙大草原,2857,grassland,7.0,10.1,5.2,2.9,0.0,53,中雨,0,,0,0,3,0.64,0.952,1.0,0.95,957
2025-03-05,4,水城古镇,1800,ancient_town,7.0,10.1,5.2,2.9,0.0,53,中雨,0,,0,0,3,0.846,0.97,1.0,0.95,780
2025-03-05,5,明湖国家湿地公园,1750,wetland,7.0,10.1,5.2,2.9,0.0,53,中雨,0,,0,0,3,0.512,0.971,1.0,0.95,415
2025-03-06,1,梅花山风景区,2400,mountain,4.5,7.7,1.3,1.1,0.98,73,中雪,0,,0,0,4,0.5,0.84,1.0,0.95,570
2025-03-06,2,玉舍国家森林公园,2300,forest,4.5,7.7,1.3,1.1,0.98,73,中雪,0,,0,0,4,0.5,0.847,1.0,0.95,503
2025-03-06,3,乌蒙大草原,2857,grassland,4.5,7.7,1.3,1.1,0.98,73,中雪,0,,0,0,4,0.5,0.81,1.0,0.95,696
2025-03-06,4,水城古镇,1800,ancient_town,4.5,7.7,1.3,1.1,0.98,73,中雪,0,,0,0,4,0.75,0.88,1.0,0.95,628
2025-03-06,5,明湖国家湿地公园,1750,wetland,4.5,7.7,1.3,1.1,0.98,73,中雪,0,,0,0,4,0.5,0.883,1.0,0.95,388
2025-03-07,1,梅花山风景区,2400,mountain,6.0,15.0,0.5,4.0,0.14,71,小雪,0,,0,0,5,0.64,0.96,1.0,0.95,920
2025-03-07,2,玉舍国家森林公园,2300,forest,6.0,15.0,0.5,4.0,0.14,71,小雪,0,,0,0,5,0.64,0.962,1.0,0.95,645
2025-03-07,3,乌蒙大草原,2857,grassland,6.0,15.0,0.5,4.0,0.14,71,小雪,0,,0,0,5,0.64,0.952,1.0,0.95,1079
2025-03-07,4,水城古镇,1800,ancient_town,6.0,15.0,0.5,4.0,0.14,71,小雪,0,,0,0,5,0.846,0.97,1.0,0.95,709
2025-03-07,5,明湖国家湿地公园,1750,wetland,6.0,15.0,0.5,4.0,0.14,71,小雪,0,,0,0,5,0.512,0.971,1.0,0.95,408
2025-03-08,1,梅花山风景区,2400,mountain,4.7,9.9,2.3,3.0,1.05,75,大雪,0,,1,0,6,0.4,0.84,1.6,0.95,804
2025-03-08,2,玉舍国家森林公园,2300,forest,4.7,9.9,2.3,3.0,1.05,75,大雪,0,,1,0,6,0.4,0.847,1.6,0.95,639
2025-03-08,3,乌蒙大草原,2857,grassland,4.7,9.9,2.3,3.0,1.05,75,大雪,0,,1,0,6,0.4,0.81,1.6,0.95,915
2025-03-08,4,水城古镇,1800,ancient_town,4.7,9.9,2.3,3.0,1.05,75,大雪,0,,1,0,6,0.705,0.88,1.6,0.95,951
2025-03-08,5,明湖国家湿地公园,1750,wetland,4.7,9.9,2.3,3.0,1.05,75,大雪,0,,1,0,6,0.32,0.883,1.6,0.95,414
2025-03-09,1,梅花山风景区,2400,mountain,6.7,12.1,3.5,0.4,0.0,51,小雨,0,,1,0,7,0.8,0.96,1.6,0.95,1616
2025-03-09,2,玉舍国家森林公园,2300,forest,6.7,12.1,3.5,0.4,0.0,51,小雨,0,,1,0,7,0.8,0.962,1.6,0.95,1381
2025-03-09,3,乌蒙大草原,2857,grassland,6.7,12.1,3.5,0.4,0.0,51,小雨,0,,1,0,7,0.8,0.952,1.6,0.95,2089
2025-03-09,4,水城古镇,1800,ancient_town,6.7,12.1,3.5,0.4,0.0,51,小雨,0,,1,0,7,0.9,0.97,1.6,0.95,1461
2025-03-09,5,明湖国家湿地公园,1750,wetland,6.7,12.1,3.5,0.4,0.0,51,小雨,0,,1,0,7,0.8,0.971,1.6,0.95,1117
2025-03-10,1,梅花山风景区,2400,mountain,11.4,20.9,5.8,0.5,0.0,51,小雨,0,,0,0,1,0.8,0.96,1.0,0.95,1151
2025-03-10,2,玉舍国家森林公园,2300,forest,11.4,20.9,5.8,0.5,0.0,51,小雨,0,,0,0,1,0.8,0.962,1.0,0.95,843
2025-03-10,3,乌蒙大草原,2857,grassland,11.4,20.9,5.8,0.5,0.0,51,小雨,0,,0,0,1,0.8,0.952,1.0,0.95,1449
2025-03-10,4,水城古镇,1800,ancient_town,11.4,20.9,5.8,0.5,0.0,51,小雨,0,,0,0,1,0.9,0.97,1.0,0.95,848
2025-03-10,5,明湖国家湿地公园,1750,wetland,11.4,20.9,5.8,0.5,0.0,51,小雨,0,,0,0,1,0.8,0.971,1.0,0.95,630
2025-03-11,1,梅花山风景区,2400,mountain,12.9,26.3,7.2,0.1,0.0,51,小雨,0,,0,0,2,1.0,0.96,1.0,0.95,1528
2025-03-11,2,玉舍国家森林公园,2300,forest,12.9,26.3,7.2,0.1,0.0,51,小雨,0,,0,0,2,1.0,0.962,1.0,0.95,1018
2025-03-11,3,乌蒙大草原,2857,grassland,12.9,26.3,7.2,0.1,0.0,51,小雨,0,,0,0,2,1.0,0.952,1.0,0.95,1557
2025-03-11,4,水城古镇,1800,ancient_town,12.9,26.3,7.2,0.1,0.0,51,小雨,0,,0,0,2,1.0,0.97,1.0,0.95,910
2025-03-11,5,明湖国家湿地公园,1750,wetland,12.9,26.3,7.2,0.1,0.0,51,小雨,0,,0,0,2,1.0,0.971,1.0,0.95,789
2025-03-12,1,梅花山风景区,2400,mountain,10.0,16.5,6.5,0.5,0.0,51,小雨,0,,0,0,3,0.8,0.96,1.0,0.95,1123
2025-03-12,2,玉舍国家森林公园,2300,forest,10.0,16.5,6.5,0.5,0.0,51,小雨,0,,0,0,3,0.8,0.962,1.0,0.95,889
2025-03-12,3,乌蒙大草原,2857,grassland,10.0,16.5,6.5,0.5,0.0,51,小雨,0,,0,0,3,0.8,0.952,1.0,0.95,1310
2025-03-12,4,水城古镇,1800,ancient_town,10.0,16.5,6.5,0.5,0.0,51,小雨,0,,0,0,3,0.9,0.97,1.0,0.95,907
2025-03-12,5,明湖国家湿地公园,1750,wetland,10.0,16.5,6.5,0.5,0.0,51,小雨,0,,0,0,3,0.8,0.971,1.0,0.95,609
2025-03-13,1,梅花山风景区,2400,mountain,10.7,15.6,8.1,1.7,0.0,51,小雨,0,,0,0,4,0.8,0.96,1.0,0.95,1169
2025-03-13,2,玉舍国家森林公园,2300,forest,10.7,15.6,8.1,1.7,0.0,51,小雨,0,,0,0,4,0.8,0.962,1.0,0.95,840
2025-03-13,3,乌蒙大草原,2857,grassland,10.7,15.6,8.1,1.7,0.0,51,小雨,0,,0,0,4,0.8,0.952,1.0,0.95,1398
2025-03-13,4,水城古镇,1800,ancient_town,10.7,15.6,8.1,1.7,0.0,51,小雨,0,,0,0,4,0.9,0.97,1.0,0.95,908
2025-03-13,5,明湖国家湿地公园,1750,wetland,10.7,15.6,8.1,1.7,0.0,51,小雨,0,,0,0,4,0.8,0.971,1.0,0.95,740
2025-03-14,1,梅花山风景区,2400,mountain,10.2,14.8,6.4,0.9,0.0,51,小雨,0,,0,0,5,0.8,0.96,1.0,0.95,1083
2025-03-14,2,玉舍国家森林公园,2300,forest,10.2,14.8,6.4,0.9,0.0,51,小雨,0,,0,0,5,0.8,0.962,1.0,0.95,826
2025-03-14,3,乌蒙大草原,2857,grassland,10.2,14.8,6.4,0.9,0.0,51,小雨,0,,0,0,5,0.8,0.952,1.0,0.95,1324
2025-03-14,4,水城古镇,1800,ancient_town,10.2,14.8,6.4,0.9,0.0,51,小雨,0,,0,0,5,0.9,0.97,1.0,0.95,827
2025-03-14,5,明湖国家湿地公园,1750,wetland,10.2,14.8,6.4,0.9,0.0,51,小雨,0,,0,0,5,0.8,0.971,1.0,0.95,605
2025-03-15,1,梅花山风景区,2400,mountain,6.5,8.1,5.0,1.6,0.0,51,小雨,0,,1,0,6,0.8,0.96,1.6,0.95,1815
2025-03-15,2,玉舍国家森林公园,2300,forest,6.5,8.1,5.0,1.6,0.0,51,小雨,0,,1,0,6,0.8,0.962,1.6,0.95,1338
2025-03-15,3,乌蒙大草原,2857,grassland,6.5,8.1,5.0,1.6,0.0,51,小雨,0,,1,0,6,0.8,0.952,1.6,0.95,2234
2025-03-15,4,水城古镇,1800,ancient_town,6.5,8.1,5.0,1.6,0.0,51,小雨,0,,1,0,6,0.9,0.97,1.6,0.95,1390
2025-03-15,5,明湖国家湿地公园,1750,wetland,6.5,8.1,5.0,1.6,0.0,51,小雨,0,,1,0,6,0.8,0.971,1.6,0.95,1047
2025-03-16,1,梅花山风景区,2400,mountain,4.0,6.2,2.1,4.4,0.07,71,小雪,0,,1,0,7,0.4,0.84,1.6,0.95,767
2025-03-16,2,玉舍国家森林公园,2300,forest,4.0,6.2,2.1,4.4,0.07,71,小雪,0,,1,0,7,0.4,0.847,1.6,0.95,610
2025-03-16,3,乌蒙大草原,2857,grassland,4.0,6.2,2.1,4.4,0.07,71,小雪,0,,1,0,7,0.4,0.81,1.6,0.95,865
2025-03-16,4,水城古镇,1800,ancient_town,4.0,6.2,2.1,4.4,0.07,71,小雪,0,,1,0,7,0.705,0.88,1.6,0.95,1089
2025-03-16,5,明湖国家湿地公园,1750,wetland,4.0,6.2,2.1,4.4,0.07,71,小雪,0,,1,0,7,0.32,0.883,1.6,0.95,368
2025-03-17,1,梅花山风景区,2400,mountain,1.6,3.8,0.3,3.0,0.77,73,中雪,0,,0,0,1,0.4,0.84,1.0,0.95,480
2025-03-17,2,玉舍国家森林公园,2300,forest,1.6,3.8,0.3,3.0,0.77,73,中雪,0,,0,0,1,0.4,0.847,1.0,0.95,405
2025-03-17,3,乌蒙大草原,2857,grassland,1.6,3.8,0.3,3.0,0.77,73,中雪,0,,0,0,1,0.4,0.81,1.0,0.95,543
2025-03-17,4,水城古镇,1800,ancient_town,1.6,3.8,0.3,3.0,0.77,73,中雪,0,,0,0,1,0.705,0.88,1.0,0.95,570
2025-03-17,5,明湖国家湿地公园,1750,wetland,1.6,3.8,0.3,3.0,0.77,73,中雪,0,,0,0,1,0.32,0.883,1.0,0.95,225
2025-03-18,1,梅花山风景区,2400,mountain,2.3,5.4,0.2,0.0,0.21,71,小雪,0,,0,0,2,0.5,0.84,1.0,0.95,634
2025-03-18,2,玉舍国家森林公园,2300,forest,2.3,5.4,0.2,0.0,0.21,71,小雪,0,,0,0,2,0.5,0.847,1.0,0.95,499
2025-03-18,3,乌蒙大草原,2857,grassland,2.3,5.4,0.2,0.0,0.21,71,小雪,0,,0,0,2,0.5,0.81,1.0,0.95,708
2025-03-18,4,水城古镇,1800,ancient_town,2.3,5.4,0.2,0.0,0.21,71,小雪,0,,0,0,2,0.75,0.88,1.0,0.95,579
2025-03-18,5,明湖国家湿地公园,1750,wetland,2.3,5.4,0.2,0.0,0.21,71,小雪,0,,0,0,2,0.5,0.883,1.0,0.95,387
2025-03-19,1,梅花山风景区,2400,mountain,4.4,10.1,0.1,0.0,0.14,71,小雪,0,,0,0,3,0.5,0.84,1.0,0.95,607
2025-03-19,2,玉舍国家森林公园,2300,forest,4.4,10.1,0.1,0.0,0.14,71,小雪,0,,0,0,3,0.5,0.847,1.0,0.95,474
2025-03-19,3,乌蒙大草原,2857,grassland,4.4,10.1,0.1,0.0,0.14,71,小雪,0,,0,0,3,0.5,0.81,1.0,0.95,644
2025-03-19,4,水城古镇,1800,ancient_town,4.4,10.1,0.1,0.0,0.14,71,小雪,0,,0,0,3,0.75,0.88,1.0,0.95,625
2025-03-19,5,明湖国家湿地公园,1750,wetland,4.4,10.1,0.1,0.0,0.14,71,小雪,0,,0,0,3,0.5,0.883,1.0,0.95,361
2025-03-20,1,梅花山风景区,2400,mountain,6.7,12.3,0.6,0.0,0.0,3,阴,0,,0,0,4,0.8,0.96,1.0,0.95,1098
2025-03-20,2,玉舍国家森林公园,2300,forest,6.7,12.3,0.6,0.0,0.0,3,阴,0,,0,0,4,0.8,0.962,1.0,0.95,879
2025-03-20,3,乌蒙大草原,2857,grassland,6.7,12.3,0.6,0.0,0.0,3,阴,0,,0,0,4,0.8,0.952,1.0,0.95,1280
2025-03-20,4,水城古镇,1800,ancient_town,6.7,12.3,0.6,0.0,0.0,3,阴,0,,0,0,4,0.9,0.97,1.0,0.95,865
2025-03-20,5,明湖国家湿地公园,1750,wetland,6.7,12.3,0.6,0.0,0.0,3,阴,0,,0,0,4,0.8,0.971,1.0,0.95,661
2025-03-21,1,梅花山风景区,2400,mountain,8.4,13.2,4.4,0.1,0.0,51,小雨,0,,0,0,5,0.8,0.96,1.0,0.95,1123
2025-03-21,2,玉舍国家森林公园,2300,forest,8.4,13.2,4.4,0.1,0.0,51,小雨,0,,0,0,5,0.8,0.962,1.0,0.95,895
2025-03-21,3,乌蒙大草原,2857,grassland,8.4,13.2,4.4,0.1,0.0,51,小雨,0,,0,0,5,0.8,0.952,1.0,0.95,1368
2025-03-21,4,水城古镇,1800,ancient_town,8.4,13.2,4.4,0.1,0.0,51,小雨,0,,0,0,5,0.9,0.97,1.0,0.95,789
2025-03-21,5,明湖国家湿地公园,1750,wetland,8.4,13.2,4.4,0.1,0.0,51,小雨,0,,0,0,5,0.8,0.971,1.0,0.95,652
2025-03-22,1,梅花山风景区,2400,mountain,9.6,14.4,6.7,2.9,0.0,55,大雨,0,,1,0,6,0.64,0.96,1.6,0.95,1465
2025-03-22,2,玉舍国家森林公园,2300,forest,9.6,14.4,6.7,2.9,0.0,55,大雨,0,,1,0,6,0.64,0.962,1.6,0.95,1131
2025-03-22,3,乌蒙大草原,2857,grassland,9.6,14.4,6.7,2.9,0.0,55,大雨,0,,1,0,6,0.64,0.952,1.6,0.95,1761
2025-03-22,4,水城古镇,1800,ancient_town,9.6,14.4,6.7,2.9,0.0,55,大雨,0,,1,0,6,0.846,0.97,1.6,0.95,1293
2025-03-22,5,明湖国家湿地公园,1750,wetland,9.6,14.4,6.7,2.9,0.0,55,大雨,0,,1,0,6,0.512,0.971,1.6,0.95,664
2025-03-23,1,梅花山风景区,2400,mountain,9.2,14.9,5.9,0.3,0.0,51,小雨,0,,1,0,7,0.8,0.96,1.6,0.95,1828
2025-03-23,2,玉舍国家森林公园,2300,forest,9.2,14.9,5.9,0.3,0.0,51,小雨,0,,1,0,7,0.8,0.962,1.6,0.95,1385
2025-03-23,3,乌蒙大草原,2857,grassland,9.2,14.9,5.9,0.3,0.0,51,小雨,0,,1,0,7,0.8,0.952,1.6,0.95,2184
2025-03-23,4,水城古镇,1800,ancient_town,9.2,14.9,5.9,0.3,0.0,51,小雨,0,,1,0,7,0.9,0.97,1.6,0.95,1449
2025-03-23,5,明湖国家湿地公园,1750,wetland,9.2,14.9,5.9,0.3,0.0,51,小雨,0,,1,0,7,0.8,0.971,1.6,0.95,1120
2025-03-24,1,梅花山风景区,2400,mountain,12.7,23.3,4.9,0.2,0.0,51,小雨,0,,0,0,1,1.0,0.96,1.0,0.95,1524
2025-03-24,2,玉舍国家森林公园,2300,forest,12.7,23.3,4.9,0.2,0.0,51,小雨,0,,0,0,1,1.0,0.962,1.0,0.95,1011
2025-03-24,3,乌蒙大草原,2857,grassland,12.7,23.3,4.9,0.2,0.0,51,小雨,0,,0,0,1,1.0,0.952,1.0,0.95,1583
2025-03-24,4,水城古镇,1800,ancient_town,12.7,23.3,4.9,0.2,0.0,51,小雨,0,,0,0,1,1.0,0.97,1.0,0.95,909
2025-03-24,5,明湖国家湿地公园,1750,wetland,12.7,23.3,4.9,0.2,0.0,51,小雨,0,,0,0,1,1.0,0.971,1.0,0.95,813
2025-03-25,1,梅花山风景区,2400,mountain,14.9,25.4,4.9,0.0,0.0,3,阴,0,,0,0,2,1.0,0.96,1.0,0.95,1393
2025-03-25,2,玉舍国家森林公园,2300,forest,14.9,25.4,4.9,0.0,0.0,3,阴,0,,0,0,2,1.0,0.962,1.0,0.95,1076
2025-03-25,3,乌蒙大草原,2857,grassland,14.9,25.4,4.9,0.0,0.0,3,阴,0,,0,0,2,1.0,0.952,1.0,0.95,1718
2025-03-25,4,水城古镇,1800,ancient_town,14.9,25.4,4.9,0.0,0.0,3,阴,0,,0,0,2,1.0,0.97,1.0,0.95,966
2025-03-25,5,明湖国家湿地公园,1750,wetland,14.9,25.4,4.9,0.0,0.0,3,阴,0,,0,0,2,1.0,0.971,1.0,0.95,847
2025-03-26,1,梅花山风景区,2400,mountain,17.7,27.1,9.3,0.0,0.0,0,晴,0,,0,0,3,1.0,1.08,1.0,0.95,1461
2025-03-26,2,玉舍国家森林公园,2300,forest,17.7,27.1,9.3,0.0,0.0,0,晴,0,,0,0,3,1.0,1.077,1.0,0.95,1260
2025-03-26,3,乌蒙大草原,2857,grassland,17.7,27.1,9.3,0.0,0.0,0,晴,0,,0,0,3,1.0,1.095,1.0,0.95,1935
2025-03-26,4,水城古镇,1800,ancient_town,17.7,27.1,9.3,0.0,0.0,0,晴,0,,0,0,3,1.0,1.06,1.0,0.95,1024
2025-03-26,5,明湖国家湿地公园,1750,wetland,17.7,27.1,9.3,0.0,0.0,0,晴,0,,0,0,3,1.0,1.058,1.0,0.95,906
2025-03-27,1,梅花山风景区,2400,mountain,17.1,25.9,7.1,0.0,0.0,0,晴,0,,0,0,4,1.0,1.08,1.0,0.95,1646
2025-03-27,2,玉舍国家森林公园,2300,forest,17.1,25.9,7.1,0.0,0.0,0,晴,0,,0,0,4,1.0,1.077,1.0,0.95,1193
2025-03-27,3,乌蒙大草原,2857,grassland,17.1,25.9,7.1,0.0,0.0,0,晴,0,,0,0,4,1.0,1.095,1.0,0.95,1838
2025-03-27,4,水城古镇,1800,ancient_town,17.1,25.9,7.1,0.0,0.0,0,晴,0,,0,0,4,1.0,1.06,1.0,0.95,1040
2025-03-27,5,明湖国家湿地公园,1750,wetland,17.1,25.9,7.1,0.0,0.0,0,晴,0,,0,0,4,1.0,1.058,1.0,0.95,928
2025-03-28,1,梅花山风景区,2400,mountain,9.5,16.1,3.4,0.5,0.0,51,小雨,0,,0,0,5,0.8,0.96,1.0,0.95,1141
2025-03-28,2,玉舍国家森林公园,2300,forest,9.5,16.1,3.4,0.5,0.0,51,小雨,0,,0,0,5,0.8,0.962,1.0,0.95,864
2025-03-28,3,乌蒙大草原,2857,grassland,9.5,16.1,3.4,0.5,0.0,51,小雨,0,,0,0,5,0.8,0.952,1.0,0.95,1217
2025-03-28,4,水城古镇,1800,ancient_town,9.5,16.1,3.4,0.5,0.0,51,小雨,0,,0,0,5,0.9,0.97,1.0,0.95,778
2025-03-28,5,明湖国家湿地公园,1750,wetland,9.5,16.1,3.4,0.5,0.0,51,小雨,0,,0,0,5,0.8,0.971,1.0,0.95,649
2025-03-29,1,梅花山风景区,2400,mountain,2.6,7.7,0.0,1.3,0.0,51,小雨,0,,1,0,6,0.5,0.84,1.6,0.95,995
2025-03-29,2,玉舍国家森林公园,2300,forest,2.6,7.7,0.0,1.3,0.0,51,小雨,0,,1,0,6,0.5,0.847,1.6,0.95,802
2025-03-29,3,乌蒙大草原,2857,grassland,2.6,7.7,0.0,1.3,0.0,51,小雨,0,,1,0,6,0.5,0.81,1.6,0.95,1006
2025-03-29,4,水城古镇,1800,ancient_town,2.6,7.7,0.0,1.3,0.0,51,小雨,0,,1,0,6,0.75,0.88,1.6,0.95,1029
2025-03-29,5,明湖国家湿地公园,1750,wetland,2.6,7.7,0.0,1.3,0.0,51,小雨,0,,1,0,6,0.5,0.883,1.6,0.95,601
2025-03-30,1,梅花山风景区,2400,mountain,3.1,9.5,-0.2,0.8,0.0,51,小雨,0,,1,0,7,0.5,0.84,1.6,0.95,907
2025-03-30,2,玉舍国家森林公园,2300,forest,3.1,9.5,-0.2,0.8,0.0,51,小雨,0,,1,0,7,0.5,0.847,1.6,0.95,856
2025-03-30,3,乌蒙大草原,2857,grassland,3.1,9.5,-0.2,0.8,0.0,51,小雨,0,,1,0,7,0.5,0.81,1.6,0.95,1122
2025-03-30,4,水城古镇,1800,ancient_town,3.1,9.5,-0.2,0.8,0.0,51,小雨,0,,1,0,7,0.75,0.88,1.6,0.95,1044
2025-03-30,5,明湖国家湿地公园,1750,wetland,3.1,9.5,-0.2,0.8,0.0,51,小雨,0,,1,0,7,0.5,0.883,1.6,0.95,681
2025-03-31,1,梅花山风景区,2400,mountain,4.2,9.4,0.7,0.8,0.0,51,小雨,0,,0,0,1,0.5,0.84,1.0,0.95,581
2025-03-31,2,玉舍国家森林公园,2300,forest,4.2,9.4,0.7,0.8,0.0,51,小雨,0,,0,0,1,0.5,0.847,1.0,0.95,473
2025-03-31,3,乌蒙大草原,2857,grassland,4.2,9.4,0.7,0.8,0.0,51,小雨,0,,0,0,1,0.5,0.81,1.0,0.95,743
2025-03-31,4,水城古镇,1800,ancient_town,4.2,9.4,0.7,0.8,0.0,51,小雨,0,,0,0,1,0.75,0.88,1.0,0.95,586
2025-03-31,5,明湖国家湿地公园,1750,wetland,4.2,9.4,0.7,0.8,0.0,51,小雨,0,,0,0,1,0.5,0.883,1.0,0.95,379
2025-04-01,1,梅花山风景区,2400,mountain,7.0,14.2,2.4,0.1,0.0,51,小雨,0,,0,0,2,0.8,0.96,1.0,1.1,1270
2025-04-01,2,玉舍国家森林公园,2300,forest,7.0,14.2,2.4,0.1,0.0,51,小雨,0,,0,0,2,0.8,0.962,1.0,1.1,1064
2025-04-01,3,乌蒙大草原,2857,grassland,7.0,14.2,2.4,0.1,0.0,51,小雨,0,,0,0,2,0.8,0.952,1.0,1.1,1539
2025-04-01,4,水城古镇,1800,ancient_town,7.0,14.2,2.4,0.1,0.0,51,小雨,0,,0,0,2,0.9,0.97,1.0,1.1,916
2025-04-01,5,明湖国家湿地公园,1750,wetland,7.0,14.2,2.4,0.1,0.0,51,小雨,0,,0,0,2,0.8,0.971,1.0,1.1,806
2025-04-02,1,梅花山风景区,2400,mountain,7.7,12.4,4.1,0.3,0.0,51,小雨,0,,0,0,3,0.8,0.96,1.0,1.1,1320
2025-04-02,2,玉舍国家森林公园,2300,forest,7.7,12.4,4.1,0.3,0.0,51,小雨,0,,0,0,3,0.8,0.962,1.0,1.1,962
2025-04-02,3,乌蒙大草原,2857,grassland,7.7,12.4,4.1,0.3,0.0,51,小雨,0,,0,0,3,0.8,0.952,1.0,1.1,1456
2025-04-02,4,水城古镇,1800,ancient_town,7.7,12.4,4.1,0.3,0.0,51,小雨,0,,0,0,3,0.9,0.97,1.0,1.1,935
2025-04-02,5,明湖国家湿地公园,1750,wetland,7.7,12.4,4.1,0.3,0.0,51,小雨,0,,0,0,3,0.8,0.971,1.0,1.1,724
2025-04-03,1,梅花山风景区,2400,mountain,11.3,18.7,7.2,0.3,0.0,51,小雨,0,,0,0,4,0.8,0.96,1.0,1.1,1334
2025-04-03,2,玉舍国家森林公园,2300,forest,11.3,18.7,7.2,0.3,0.0,51,小雨,0,,0,0,4,0.8,0.962,1.0,1.1,999
2025-04-03,3,乌蒙大草原,2857,grassland,11.3,18.7,7.2,0.3,0.0,51,小雨,0,,0,0,4,0.8,0.952,1.0,1.1,1487
2025-04-03,4,水城古镇,1800,ancient_town,11.3,18.7,7.2,0.3,0.0,51,小雨,0,,0,0,4,0.9,0.97,1.0,1.1,910
2025-04-03,5,明湖国家湿地公园,1750,wetland,11.3,18.7,7.2,0.3,0.0,51,小雨,0,,0,0,4,0.8,0.971,1.0,1.1,753
2025-04-04,1,梅花山风景区,2400,mountain,10.9,16.3,6.4,0.8,0.0,51,小雨,1,清明节,0,3,5,0.8,0.96,2.4,1.1,3267
2025-04-04,2,玉舍国家森林公园,2300,forest,10.9,16.3,6.4,0.8,0.0,51,小雨,1,清明节,0,3,5,0.8,0.962,2.4,1.1,2528
2025-04-04,3,乌蒙大草原,2857,grassland,10.9,16.3,6.4,0.8,0.0,51,小雨,1,清明节,0,3,5,0.8,0.952,2.4,1.1,3327
2025-04-04,4,水城古镇,1800,ancient_town,10.9,16.3,6.4,0.8,0.0,51,小雨,1,清明节,0,3,5,0.9,0.97,2.76,1.1,2519
2025-04-04,5,明湖国家湿地公园,1750,wetland,10.9,16.3,6.4,0.8,0.0,51,小雨,1,清明节,0,3,5,0.8,0.971,2.52,1.1,1999
2025-04-05,1,梅花山风景区,2400,mountain,9.7,12.3,8.3,4.2,0.0,51,小雨,1,清明节,1,3,6,0.64,0.96,2.4,1.1,2372
2025-04-05,2,玉舍国家森林公园,2300,forest,9.7,12.3,8.3,4.2,0.0,51,小雨,1,清明节,1,3,6,0.64,0.962,2.4,1.1,1895
2025-04-05,3,乌蒙大草原,2857,grassland,9.7,12.3,8.3,4.2,0.0,51,小雨,1,清明节,1,3,6,0.64,0.952,2.4,1.1,2771
2025-04-05,4,水城古镇,1800,ancient_town,9.7,12.3,8.3,4.2,0.0,51,小雨,1,清明节,1,3,6,0.846,0.97,2.76,1.1,2325
2025-04-05,5,明湖国家湿地公园,1750,wetland,9.7,12.3,8.3,4.2,0.0,51,小雨,1,清明节,1,3,6,0.512,0.971,2.52,1.1,1245
2025-04-06,1,梅花山风景区,2400,mountain,10.6,14.9,8.6,6.3,0.0,61,小雨,1,清明节,1,3,7,0.64,0.96,2.4,1.1,2386
2025-04-06,2,玉舍国家森林公园,2300,forest,10.6,14.9,8.6,6.3,0.0,61,小雨,1,清明节,1,3,7,0.64,0.962,2.4,1.1,2060
2025-04-06,3,乌蒙大草原,2857,grassland,10.6,14.9,8.6,6.3,0.0,61,小雨,1,清明节,1,3,7,0.64,0.952,2.4,1.1,2886
2025-04-06,4,水城古镇,1800,ancient_town,10.6,14.9,8.6,6.3,0.0,61,小雨,1,清明节,1,3,7,0.846,0.97,2.76,1.1,2371
2025-04-06,5,明湖国家湿地公园,1750,wetland,10.6,14.9,8.6,6.3,0.0,61,小雨,1,清明节,1,3,7,0.512,0.971,2.52,1.1,1283
2025-04-07,1,梅花山风景区,2400,mountain,13.6,21.2,9.4,8.0,0.0,63,中雨,0,,0,0,1,0.8,0.96,1.0,1.1,1352
2025-04-07,2,玉舍国家森林公园,2300,forest,13.6,21.2,9.4,8.0,0.0,63,中雨,0,,0,0,1,0.8,0.962,1.0,1.1,978
2025-04-07,3,乌蒙大草原,2857,grassland,13.6,21.2,9.4,8.0,0.0,63,中雨,0,,0,0,1,0.8,0.952,1.0,1.1,1380
2025-04-07,4,水城古镇,1800,ancient_town,13.6,21.2,9.4,8.0,0.0,63,中雨,0,,0,0,1,0.94,0.97,1.0,1.1,978
2025-04-07,5,明湖国家湿地公园,1750,wetland,13.6,21.2,9.4,8.0,0.0,63,中雨,0,,0,0,1,0.64,0.971,1.0,1.1,573
2025-04-08,1,梅花山风景区,2400,mountain,15.2,20.9,11.1,0.1,0.0,51,小雨,0,,0,0,2,1.0,1.08,1.0,1.1,1928
2025-04-08,2,玉舍国家森林公园,2300,forest,15.2,20.9,11.1,0.1,0.0,51,小雨,0,,0,0,2,1.0,1.077,1.0,1.1,1322
2025-04-08,3,乌蒙大草原,2857,grassland,15.2,20.9,11.1,0.1,0.0,51,小雨,0,,0,0,2,1.0,1.095,1.0,1.1,2133
2025-04-08,4,水城古镇,1800,ancient_town,15.2,20.9,11.1,0.1,0.0,51,小雨,0,,0,0,2,1.0,1.06,1.0,1.1,1251
2025-04-08,5,明湖国家湿地公园,1750,wetland,15.2,20.9,11.1,0.1,0.0,51,小雨,0,,0,0,2,1.0,1.058,1.0,1.1,1093
2025-04-09,1,梅花山风景区,2400,mountain,14.5,20.5,11.1,4.7,0.0,61,小雨,0,,0,0,3,0.8,0.96,1.0,1.1,1234
2025-04-09,2,玉舍国家森林公园,2300,forest,14.5,20.5,11.1,4.7,0.0,61,小雨,0,,0,0,3,0.8,0.962,1.0,1.1,975
2025-04-09,3,乌蒙大草原,2857,grassland,14.5,20.5,11.1,4.7,0.0,61,小雨,0,,0,0,3,0.8,0.952,1.0,1.1,1494
2025-04-09,4,水城古镇,1800,ancient_town,14.5,20.5,11.1,4.7,0.0,61,小雨,0,,0,0,3,0.94,0.97,1.0,1.1,990
2025-04-09,5,明湖国家湿地公园,1750,wetland,14.5,20.5,11.1,4.7,0.0,61,小雨,0,,0,0,3,0.64,0.971,1.0,1.1,661
2025-04-10,1,梅花山风景区,2400,mountain,15.7,23.7,9.6,0.2,0.0,51,小雨,0,,0,0,4,1.0,1.08,1.0,1.1,1768
2025-04-10,2,玉舍国家森林公园,2300,forest,15.7,23.7,9.6,0.2,0.0,51,小雨,0,,0,0,4,1.0,1.077,1.0,1.1,1325
2025-04-10,3,乌蒙大草原,2857,grassland,15.7,23.7,9.6,0.2,0.0,51,小雨,0,,0,0,4,1.0,1.095,1.0,1.1,2275
2025-04-10,4,水城古镇,1800,ancient_town,15.7,23.7,9.6,0.2,0.0,51,小雨,0,,0,0,4,1.0,1.06,1.0,1.1,1226
2025-04-10,5,明湖国家湿地公园,1750,wetland,15.7,23.7,9.6,0.2,0.0,51,小雨,0,,0,0,4,1.0,1.058,1.0,1.1,1035
2025-04-11,1,梅花山风景区,2400,mountain,18.9,28.1,12.3,1.9,0.0,55,大雨,0,,0,0,5,1.0,1.08,1.0,1.1,1850
2025-04-11,2,玉舍国家森林公园,2300,forest,18.9,28.1,12.3,1.9,0.0,55,大雨,0,,0,0,5,1.0,1.077,1.0,1.1,1424
2025-04-11,3,乌蒙大草原,2857,grassland,18.9,28.1,12.3,1.9,0.0,55,大雨,0,,0,0,5,1.0,1.095,1.0,1.1,2037
2025-04-11,4,水城古镇,1800,ancient_town,18.9,28.1,12.3,1.9,0.0,55,大雨,0,,0,0,5,1.0,1.06,1.0,1.1,1161
2025-04-11,5,明湖国家湿地公园,1750,wetland,18.9,28.1,12.3,1.9,0.0,55,大雨,0,,0,0,5,1.0,1.058,1.0,1.1,987
2025-04-12,1,梅花山风景区,2400,mountain,9.7,15.3,6.8,1.9,0.0,55,大雨,0,,1,0,6,0.8,0.96,1.6,1.1,1963
2025-04-12,2,玉舍国家森林公园,2300,forest,9.7,15.3,6.8,1.9,0.0,55,大雨,0,,1,0,6,0.8,0.962,1.6,1.1,1548
2025-04-12,3,乌蒙大草原,2857,grassland,9.7,15.3,6.8,1.9,0.0,55,大雨,0,,1,0,6,0.8,0.952,1.6,1.1,2453
2025-04-12,4,水城古镇,1800,ancient_town,9.7,15.3,6.8,1.9,0.0,55,大雨,0,,1,0,6,0.9,0.97,1.6,1.1,1550
2025-04-12,5,明湖国家湿地公园,1750,wetland,9.7,15.3,6.8,1.9,0.0,55,大雨,0,,1,0,6,0.8,0.971,1.6,1.1,1149
2025-04-13,1,梅花山风景区,2400,mountain,11.8,20.2,3.8,0.0,0.0,3,阴,0,,1,0,7,0.8,0.96,1.6,1.1,1934
2025-04-13,2,玉舍国家森林公园,2300,forest,11.8,20.2,3.8,0.0,0.0,3,阴,0,,1,0,7,0.8,0.962,1.6,1.1,1624
2025-04-13,3,乌蒙大草原,2857,grassland,11.8,20.2,3.8,0.0,0.0,3,阴,0,,1,0,7,0.8,0.952,1.6,1.1,2469
2025-04-13,4,水城古镇,1800,ancient_town,11.8,20.2,3.8,0.0,0.0,3,阴,0,,1,0,7,0.9,0.97,1.6,1.1,1542
2025-04-13,5,明湖国家湿地公园,1750,wetland,11.8,20.2,3.8,0.0,0.0,3,阴,0,,1,0,7,0.8,0.971,1.6,1.1,1094
2025-04-14,1,梅花山风景区,2400,mountain,14.4,22.7,6.8,0.0,0.0,3,阴,0,,0,0,1,1.0,0.96,1.0,1.1,1685
2025-04-14,2,玉舍国家森林公园,2300,forest,14.4,22.7,6.8,0.0,0.0,3,阴,0,,0,0,1,1.0,0.962,1.0,1.1,1381
2025-04-14,3,乌蒙大草原,2857,grassland,14.4,22.7,6.8,0.0,0.0,3,阴,0,,0,0,1,1.0,0.952,1.0,1.1,2035
2025-04-14,4,水城古镇,1800,ancient_town,14.4,22.7,6.8,0.0,0.0,3,阴,0,,0,0,1,1.0,0.97,1.0,1.1,1096
2025-04-14,5,明湖国家湿地公园,1750,wetland,14.4,22.7,6.8,0.0,0.0,3,阴,0,,0,0,1,1.0,0.971,1.0,1.1,993
2025-04-15,1,梅花山风景区,2400,mountain,16.5,25.4,9.6,0.8,0.0,53,中雨,0,,0,0,2,1.0,1.08,1.0,1.1,1723
2025-04-15,2,玉舍国家森林公园,2300,forest,16.5,25.4,9.6,0.8,0.0,53,中雨,0,,0,0,2,1.0,1.077,1.0,1.1,1434
2025-04-15,3,乌蒙大草原,2857,grassland,16.5,25.4,9.6,0.8,0.0,53,中雨,0,,0,0,2,1.0,1.095,1.0,1.1,2045
2025-04-15,4,水城古镇,1800,ancient_town,16.5,25.4,9.6,0.8,0.0,53,中雨,0,,0,0,2,1.0,1.06,1.0,1.1,1173
2025-04-15,5,明湖国家湿地公园,1750,wetland,16.5,25.4,9.6,0.8,0.0,53,中雨,0,,0,0,2,1.0,1.058,1.0,1.1,972
2025-04-16,1,梅花山风景区,2400,mountain,15.6,23.4,10.5,13.7,0.0,63,中雨,0,,0,0,3,0.55,1.08,1.0,1.1,1008
2025-04-16,2,玉舍国家森林公园,2300,forest,15.6,23.4,10.5,13.7,0.0,63,中雨,0,,0,0,3,0.55,1.077,1.0,1.1,767
2025-04-16,3,乌蒙大草原,2857,grassland,15.6,23.4,10.5,13.7,0.0,63,中雨,0,,0,0,3,0.55,1.095,1.0,1.1,1238
2025-04-16,4,水城古镇,1800,ancient_town,15.6,23.4,10.5,13.7,0.0,63,中雨,0,,0,0,3,0.865,1.06,1.0,1.1,1017
2025-04-16,5,明湖国家湿地公园,1750,wetland,15.6,23.4,10.5,13.7,0.0,63,中雨,0,,0,0,3,0.44,1.058,1.0,1.1,450
2025-04-17,1,梅花山风景区,2400,mountain,16.4,23.8,10.4,0.6,0.0,51,小雨,0,,0,0,4,1.0,1.08,1.0,1.1,1857
2025-04-17,2,玉舍国家森林公园,2300,forest,16.4,23.8,10.4,0.6,0.0,51,小雨,0,,0,0,4,1.0,1.077,1.0,1.1,1337
2025-04-17,3,乌蒙大草原,2857,grassland,16.4,23.8,10.4,0.6,0.0,51,小雨,0,,0,0,4,1.0,1.095,1.0,1.1,2139
2025-04-17,4,水城古镇,1800,ancient_town,16.4,23.8,10.4,0.6,0.0,51,小雨,0,,0,0,4,1.0,1.06,1.0,1.1,1134
2025-04-17,5,明湖国家湿地公园,1750,wetland,16.4,23.8,10.4,0.6,0.0,51,小雨,0,,0,0,4,1.0,1.058,1.0,1.1,1086
2025-04-18,1,梅花山风景区,2400,mountain,18.0,27.1,9.7,0.9,0.0,51,小雨,0,,0,0,5,1.0,1.08,1.0,1.1,1775
2025-04-18,2,玉舍国家森林公园,2300,forest,18.0,27.1,9.7,0.9,0.0,51,小雨,0,,0,0,5,1.0,1.077,1.0,1.1,1440
2025-04-18,3,乌蒙大草原,2857,grassland,18.0,27.1,9.7,0.9,0.0,51,小雨,0,,0,0,5,1.0,1.095,1.0,1.1,2225
2025-04-18,4,水城古镇,1800,ancient_town,18.0,27.1,9.7,0.9,0.0,51,小雨,0,,0,0,5,1.0,1.06,1.0,1.1,1029
2025-04-18,5,明湖国家湿地公园,1750,wetland,18.0,27.1,9.7,0.9,0.0,51,小雨,0,,0,0,5,1.0,1.058,1.0,1.1,999
2025-04-19,1,梅花山风景区,2400,mountain,17.5,24.8,13.0,8.8,0.0,65,大雨,0,,1,0,6,0.8,1.08,1.6,1.1,2294
2025-04-19,2,玉舍国家森林公园,2300,forest,17.5,24.8,13.0,8.8,0.0,65,大雨,0,,1,0,6,0.8,1.077,1.6,1.1,1911
2025-04-19,3,乌蒙大草原,2857,grassland,17.5,24.8,13.0,8.8,0.0,65,大雨,0,,1,0,6,0.8,1.095,1.6,1.1,2855
2025-04-19,4,水城古镇,1800,ancient_town,17.5,24.8,13.0,8.8,0.0,65,大雨,0,,1,0,6,0.94,1.06,1.6,1.1,1868
2025-04-19,5,明湖国家湿地公园,1750,wetland,17.5,24.8,13.0,8.8,0.0,65,大雨,0,,1,0,6,0.64,1.058,1.6,1.1,1061
2025-04-20,1,梅花山风景区,2400,mountain,18.7,27.3,11.0,0.3,0.0,51,小雨,0,,1,0,7,1.0,1.08,1.6,1.1,2865
2025-04-20,2,玉舍国家森林公园,2300,forest,18.7,27.3,11.0,0.3,0.0,51,小雨,0,,1,0,7,1.0,1.077,1.6,1.1,2217
2025-04-20,3,乌蒙大草原,2857,grassland,18.7,27.3,11.0,0.3,0.0,51,小雨,0,,1,0,7,1.0,1.095,1.6,1.1,3394
2025-04-20,4,水城古镇,1800,ancient_town,18.7,27.3,11.0,0.3,0.0,51,小雨,0,,1,0,7,1.0,1.06,1.6,1.1,1788
2025-04-20,5,明湖国家湿地公园,1750,wetland,18.7,27.3,11.0,0.3,0.0,51,小雨,0,,1,0,7,1.0,1.058,1.6,1.1,1630
2025-04-21,1,梅花山风景区,2400,mountain,19.8,28.3,14.7,12.6,0.0,63,中雨,0,,0,0,1,0.55,1.08,1.0,1.1,970
2025-04-21,2,玉舍国家森林公园,2300,forest,19.8,28.3,14.7,12.6,0.0,63,中雨,0,,0,0,1,0.55,1.077,1.0,1.1,756
2025-04-21,3,乌蒙大草原,2857,grassland,19.8,28.3,14.7,12.6,0.0,63,中雨,0,,0,0,1,0.55,1.095,1.0,1.1,1194
2025-04-21,4,水城古镇,1800,ancient_town,19.8,28.3,14.7,12.6,0.0,63,中雨,0,,0,0,1,0.865,1.06,1.0,1.1,916
2025-04-21,5,明湖国家湿地公园,1750,wetland,19.8,28.3,14.7,12.6,0.0,63,中雨,0,,0,0,1,0.44,1.058,1.0,1.1,470
2025-04-22,1,梅花山风景区,2400,mountain,16.1,21.9,11.8,2.2,0.0,61,小雨,0,,0,0,2,0.8,1.08,1.0,1.1,1438
2025-04-22,2,玉舍国家森林公园,2300,forest,16.1,21.9,11.8,2.2,0.0,61,小雨,0,,0,0,2,0.8,1.077,1.0,1.1,1162
2025-04-22,3,乌蒙大草原,2857,grassland,16.1,21.9,11.8,2.2,0.0,61,小雨,0,,0,0,2,0.8,1.095,1.0,1.1,1694
2025-04-22,4,水城古镇,1800,ancient_town,16.1,21.9,11.8,2.2,0.0,61,小雨,0,,0,0,2,0.94,1.06,1.0,1.1,1068
2025-04-22,5,明湖国家湿地公园,1750,wetland,16.1,21.9,11.8,2.2,0.0,61,小雨,0,,0,0,2,0.64,1.058,1.0,1.1,703
2025-04-23,1,梅花山风景区,2400,mountain,13.9,19.0,10.7,1.1,0.0,53,中雨,0,,0,0,3,1.0,0.96,1.0,1.1,1571
2025-04-23,2,玉舍国家森林公园,2300,forest,13.9,19.0,10.7,1.1,0.0,53,中雨,0,,0,0,3,1.0,0.962,1.0,1.1,1395
2025-04-23,3,乌蒙大草原,2857,grassland,13.9,19.0,10.7,1.1,0.0,53,中雨,0,,0,0,3,1.0,0.952,1.0,1.1,1753
2025-04-23,4,水城古镇,1800,ancient_town,13.9,19.0,10.7,1.1,0.0,53,中雨,0,,0,0,3,1.0,0.97,1.0,1.1,1053
2025-04-23,5,明湖国家湿地公园,1750,wetland,13.9,19.0,10.7,1.1,0.0,53,中雨,0,,0,0,3,1.0,0.971,1.0,1.1,906
2025-04-24,1,梅花山风景区,2400,mountain,11.7,14.2,9.0,4.2,0.0,53,中雨,0,,0,0,4,0.64,0.96,1.0,1.1,973
2025-04-24,2,玉舍国家森林公园,2300,forest,11.7,14.2,9.0,4.2,0.0,53,中雨,0,,0,0,4,0.64,0.962,1.0,1.1,780
2025-04-24,3,乌蒙大草原,2857,grassland,11.7,14.2,9.0,4.2,0.0,53,中雨,0,,0,0,4,0.64,0.952,1.0,1.1,1177
2025-04-24,4,水城古镇,1800,ancient_town,11.7,14.2,9.0,4.2,0.0,53,中雨,0,,0,0,4,0.846,0.97,1.0,1.1,938
2025-04-24,5,明湖国家湿地公园,1750,wetland,11.7,14.2,9.0,4.2,0.0,53,中雨,0,,0,0,4,0.512,0.971,1.0,1.1,463
2025-04-25,1,梅花山风景区,2400,mountain,13.1,18.1,9.5,1.5,0.0,53,中雨,0,,0,0,5,1.0,0.96,1.0,1.1,1632
2025-04-25,2,玉舍国家森林公园,2300,forest,13.1,18.1,9.5,1.5,0.0,53,中雨,0,,0,0,5,1.0,0.962,1.0,1.1,1177
2025-04-25,3,乌蒙大草原,2857,grassland,13.1,18.1,9.5,1.5,0.0,53,中雨,0,,0,0,5,1.0,0.952,1.0,1.1,1847
2025-04-25,4,水城古镇,1800,ancient_town,13.1,18.1,9.5,1.5,0.0,53,中雨,0,,0,0,5,1.0,0.97,1.0,1.1,1137
2025-04-25,5,明湖国家湿地公园,1750,wetland,13.1,18.1,9.5,1.5,0.0,53,中雨,0,,0,0,5,1.0,0.971,1.0,1.1,983
2025-04-26,1,梅花山风景区,2400,mountain,14.5,20.3,11.5,12.2,0.0,63,中雨,0,,1,0,6,0.55,0.96,1.6,1.1,1412
2025-04-26,2,玉舍国家森林公园,2300,forest,14.5,20.3,11.5,12.2,0.0,63,中雨,0,,1,0,6,0.55,0.962,1.6,1.1,1152
2025-04-26,3,乌蒙大草原,2857,grassland,14.5,20.3,11.5,12.2,0.0,63,中雨,0,,1,0,6,0.55,0.952,1.6,1.1,1707
2025-04-26,4,水城古镇,1800,ancient_town,14.5,20.3,11.5,12.2,0.0,63,中雨,0,,1,0,6,0.865,0.97,1.6,1.1,1523
2025-04-26,5,明湖国家湿地公园,1750,wetland,14.5,20.3,11.5,12.2,0.0,63,中雨,0,,1,0,6,0.44,0.971,1.6,1.1,724
2025-04-27,1,梅花山风景区,2400,mountain,14.1,19.9,11.0,1.9,0.0,55,大雨,0,,1,0,7,1.0,0.96,1.6,1.1,2402
2025-04-27,2,玉舍国家森林公园,2300,forest,14.1,19.9,11.0,1.9,0.0,55,大雨,0,,1,0,7,1.0,0.962,1.6,1.1,2023
2025-04-27,3,乌蒙大草原,2857,grassland,14.1,19.9,11.0,1.9,0.0,55,大雨,0,,1,0,7,1.0,0.952,1.6,1.1,3113
2025-04-27,4,水城古镇,1800,ancient_town,14.1,19.9,11.0,1.9,0.0,55,大雨,0,,1,0,7,1.0,0.97,1.6,1.1,1771
2025-04-27,5,明湖国家湿地公园,1750,wetland,14.1,19.9,11.0,1.9,0.0,55,大雨,0,,1,0,7,1.0,0.971,1.6,1.1,1580
2025-04-28,1,梅花山风景区,2400,mountain,14.8,19.2,11.4,0.6,0.0,53,中雨,0,,0,0,1,1.0,0.96,1.0,1.1,1687
2025-04-28,2,玉舍国家森林公园,2300,forest,14.8,19.2,11.4,0.6,0.0,53,中雨,0,,0,0,1,1.0,0.962,1.0,1.1,1237
2025-04-28,3,乌蒙大草原,2857,grassland,14.8,19.2,11.4,0.6,0.0,53,中雨,0,,0,0,1,1.0,0.952,1.0,1.1,1758
2025-04-28,4,水城古镇,1800,ancient_town,14.8,19.2,11.4,0.6,0.0,53,中雨,0,,0,0,1,1.0,0.97,1.0,1.1,1134
2025-04-28,5,明湖国家湿地公园,1750,wetland,14.8,19.2,11.4,0.6,0.0,53,中雨,0,,0,0,1,1.0,0.971,1.0,1.1,961
2025-04-29,1,梅花山风景区,2400,mountain,14.1,18.6,10.0,8.6,0.0,63,中雨,0,,0,0,2,0.8,0.96,1.0,1.1,1232
2025-04-29,2,玉舍国家森林公园,2300,forest,14.1,18.6,10.0,8.6,0.0,63,中雨,0,,0,0,2,0.8,0.962,1.0,1.1,1017
2025-04-29,3,乌蒙大草原,2857,grassland,14.1,18.6,10.0,8.6,0.0,63,中雨,0,,0,0,2,0.8,0.952,1.0,1.1,1475
2025-04-29,4,水城古镇,1800,ancient_town,14.1,18.6,10.0,8.6,0.0,63,中雨,0,,0,0,2,0.94,0.97,1.0,1.1,1053
2025-04-29,5,明湖国家湿地公园,1750,wetland,14.1,18.6,10.0,8.6,0.0,63,中雨,0,,0,0,2,0.64,0.971,1.0,1.1,642
2025-04-30,1,梅花山风景区,2400,mountain,14.3,20.7,10.0,2.9,0.0,55,大雨,0,,0,0,3,0.8,0.96,1.0,1.1,1286
2025-04-30,2,玉舍国家森林公园,2300,forest,14.3,20.7,10.0,2.9,0.0,55,大雨,0,,0,0,3,0.8,0.962,1.0,1.1,1042
2025-04-30,3,乌蒙大草原,2857,grassland,14.3,20.7,10.0,2.9,0.0,55,大雨,0,,0,0,3,0.8,0.952,1.0,1.1,1511
2025-04-30,4,水城古镇,1800,ancient_town,14.3,20.7,10.0,2.9,0.0,55,大雨,0,,0,0,3,0.94,0.97,1.0,1.1,1054
2025-04-30,5,明湖国家湿地公园,1750,wetland,14.3,20.7,10.0,2.9,0.0,55,大雨,0,,0,0,3,0.64,0.971,1.0,1.1,542
2025-05-01,1,梅花山风景区,2400,mountain,16.5,22.8,10.5,0.0,0.0,3,阴,1,劳动节,0,5,4,1.0,1.08,3.2,1.1,5369
2025-05-01,2,玉舍国家森林公园,2300,forest,16.5,22.8,10.5,0.0,0.0,3,阴,1,劳动节,0,5,4,1.0,1.077,3.2,1.1,4538
2025-05-01,3,乌蒙大草原,2857,grassland,16.5,22.8,10.5,0.0,0.0,3,阴,1,劳动节,0,5,4,1.0,1.095,3.2,1.1,6795
2025-05-01,4,水城古镇,1800,ancient_town,16.5,22.8,10.5,0.0,0.0,3,阴,1,劳动节,0,5,4,1.0,1.06,3.68,1.1,4086
2025-05-01,5,明湖国家湿地公园,1750,wetland,16.5,22.8,10.5,0.0,0.0,3,阴,1,劳动节,0,5,4,1.0,1.058,3.36,1.1,3629
2025-05-02,1,梅花山风景区,2400,mountain,17.4,24.5,9.9,0.0,0.0,3,阴,1,劳动节,0,5,5,1.0,1.08,3.2,1.1,5423
2025-05-02,2,玉舍国家森林公园,2300,forest,17.4,24.5,9.9,0.0,0.0,3,阴,1,劳动节,0,5,5,1.0,1.077,3.2,1.1,4597
2025-05-02,3,乌蒙大草原,2857,grassland,17.4,24.5,9.9,0.0,0.0,3,阴,1,劳动节,0,5,5,1.0,1.095,3.2,1.1,6982
2025-05-02,4,水城古镇,1800,ancient_town,17.4,24.5,9.9,0.0,0.0,3,阴,1,劳动节,0,5,5,1.0,1.06,3.68,1.1,4303
2025-05-02,5,明湖国家湿地公园,1750,wetland,17.4,24.5,9.9,0.0,0.0,3,阴,1,劳动节,0,5,5,1.0,1.058,3.36,1.1,3374
2025-05-03,1,梅花山风景区,2400,mountain,17.3,23.5,11.5,1.8,0.0,53,中雨,1,劳动节,1,5,6,1.0,1.08,3.2,1.1,5647
2025-05-03,2,玉舍国家森林公园,2300,forest,17.3,23.5,11.5,1.8,0.0,53,中雨,1,劳动节,1,5,6,1.0,1.077,3.2,1.1,4826
2025-05-03,3,乌蒙大草原,2857,grassland,17.3,23.5,11.5,1.8,0.0,53,中雨,1,劳动节,1,5,6,1.0,1.095,3.2,1.1,7127
2025-05-03,4,水城古镇,1800,ancient_town,17.3,23.5,11.5,1.8,0.0,53,中雨,1,劳动节,1,5,6,1.0,1.06,3.68,1.1,4497
2025-05-03,5,明湖国家湿地公园,1750,wetland,17.3,23.5,11.5,1.8,0.0,53,中雨,1,劳动节,1,5,6,1.0,1.058,3.36,1.1,3506
2025-05-04,1,梅花山风景区,2400,mountain,17.6,26.6,11.4,1.9,0.0,61,小雨,1,劳动节,1,5,7,1.0,1.08,3.2,1.1,5217
2025-05-04,2,玉舍国家森林公园,2300,forest,17.6,26.6,11.4,1.9,0.0,61,小雨,1,劳动节,1,5,7,1.0,1.077,3.2,1.1,4441
2025-05-04,3,乌蒙大草原,2857,grassland,17.6,26.6,11.4,1.9,0.0,61,小雨,1,劳动节,1,5,7,1.0,1.095,3.2,1.1,6887
2025-05-04,4,水城古镇,1800,ancient_town,17.6,26.6,11.4,1.9,0.0,61,小雨,1,劳动节,1,5,7,1.0,1.06,3.68,1.1,4570
2025-05-04,5,明湖国家湿地公园,1750,wetland,17.6,26.6,11.4,1.9,0.0,61,小雨,1,劳动节,1,5,7,1.0,1.058,3.36,1.1,3720
2025-05-05,1,梅花山风景区,2400,mountain,16.7,22.2,13.6,5.9,0.0,63,中雨,1,劳动节,0,5,1,0.8,1.08,3.2,1.1,4658
2025-05-05,2,玉舍国家森林公园,2300,forest,16.7,22.2,13.6,5.9,0.0,63,中雨,1,劳动节,0,5,1,0.8,1.077,3.2,1.1,3482
2025-05-05,3,乌蒙大草原,2857,grassland,16.7,22.2,13.6,5.9,0.0,63,中雨,1,劳动节,0,5,1,0.8,1.095,3.2,1.1,5587
2025-05-05,4,水城古镇,1800,ancient_town,16.7,22.2,13.6,5.9,0.0,63,中雨,1,劳动节,0,5,1,0.94,1.06,3.68,1.1,3980
2025-05-05,5,明湖国家湿地公园,1750,wetland,16.7,22.2,13.6,5.9,0.0,63,中雨,1,劳动节,0,5,1,0.64,1.058,3.36,1.1,2225
2025-05-06,1,梅花山风景区,2400,mountain,15.3,18.4,13.7,8.1,0.0,55,大雨,0,,0,0,2,0.8,1.08,1.0,1.1,1337
2025-05-06,2,玉舍国家森林公园,2300,forest,15.3,18.4,13.7,8.1,0.0,55,大雨,0,,0,0,2,0.8,1.077,1.0,1.1,1163
2025-05-06,3,乌蒙大草原,2857,grassland,15.3,18.4,13.7,8.1,0.0,55,大雨,0,,0,0,2,0.8,1.095,1.0,1.1,1732
2025-05-06,4,水城古镇,1800,ancient_town,15.3,18.4,13.7,8.1,0.0,55,大雨,0,,0,0,2,0.94,1.06,1.0,1.1,1140
2025-05-06,5,明湖国家湿地公园,1750,wetland,15.3,18.4,13.7,8.1,0.0,55,大雨,0,,0,0,2,0.64,1.058,1.0,1.1,621
2025-05-07,1,梅花山风景区,2400,mountain,16.9,22.5,13.2,1.7,0.0,51,小雨,0,,0,0,3,1.0,1.08,1.0,1.1,1681
2025-05-07,2,玉舍国家森林公园,2300,forest,16.9,22.5,13.2,1.7,0.0,51,小雨,0,,0,0,3,1.0,1.077,1.0,1.1,1680
2025-05-07,3,乌蒙大草原,2857,grassland,16.9,22.5,13.2,1.7,0.0,51,小雨,0,,0,0,3,1.0,1.095,1.0,1.1,2073
2025-05-07,4,水城古镇,1800,ancient_town,16.9,22.5,13.2,1.7,0.0,51,小雨,0,,0,0,3,1.0,1.06,1.0,1.1,1182
2025-05-07,5,明湖国家湿地公园,1750,wetland,16.9,22.5,13.2,1.7,0.0,51,小雨,0,,0,0,3,1.0,1.058,1.0,1.1,1070
2025-05-08,1,梅花山风景区,2400,mountain,17.6,22.5,15.0,7.3,0.0,63,中雨,0,,0,0,4,0.8,1.08,1.0,1.1,1355
2025-05-08,2,玉舍国家森林公园,2300,forest,17.6,22.5,15.0,7.3,0.0,63,中雨,0,,0,0,4,0.8,1.077,1.0,1.1,1235
2025-05-08,3,乌蒙大草原,2857,grassland,17.6,22.5,15.0,7.3,0.0,63,中雨,0,,0,0,4,0.8,1.095,1.0,1.1,1729
2025-05-08,4,水城古镇,1800,ancient_town,17.6,22.5,15.0,7.3,0.0,63,中雨,0,,0,0,4,0.94,1.06,1.0,1.1,1104
2025-05-08,5,明湖国家湿地公园,1750,wetland,17.6,22.5,15.0,7.3,0.0,63,中雨,0,,0,0,4,0.64,1.058,1.0,1.1,731
2025-05-09,1,梅花山风景区,2400,mountain,17.4,22.4,12.8,1.9,0.0,53,中雨,0,,0,0,5,1.0,1.08,1.0,1.1,1711
2025-05-09,2,玉舍国家森林公园,2300,forest,17.4,22.4,12.8,1.9,0.0,53,中雨,0,,0,0,5,1.0,1.077,1.0,1.1,1386
2025-05-09,3,乌蒙大草原,2857,grassland,17.4,22.4,12.8,1.9,0.0,53,中雨,0,,0,0,5,1.0,1.095,1.0,1.1,2131
2025-05-09,4,水城古镇,1800,ancient_town,17.4,22.4,12.8,1.9,0.0,53,中雨,0,,0,0,5,1.0,1.06,1.0,1.1,1085
2025-05-09,5,明湖国家湿地公园,1750,wetland,17.4,22.4,12.8,1.9,0.0,53,中雨,0,,0,0,5,1.0,1.058,1.0,1.1,1062
2025-05-10,1,梅花山风景区,2400,mountain,10.9,15.0,7.8,11.5,0.0,63,中雨,0,,1,0,6,0.44,0.96,1.6,1.1,1141
2025-05-10,2,玉舍国家森林公园,2300,forest,10.9,15.0,7.8,11.5,0.0,63,中雨,0,,1,0,6,0.44,0.962,1.6,1.1,901
2025-05-10,3,乌蒙大草原,2857,grassland,10.9,15.0,7.8,11.5,0.0,63,中雨,0,,1,0,6,0.44,0.952,1.6,1.1,1371
2025-05-10,4,水城古镇,1800,ancient_town,10.9,15.0,7.8,11.5,0.0,63,中雨,0,,1,0,6,0.778,0.97,1.6,1.1,1386
2025-05-10,5,明湖国家湿地公园,1750,wetland,10.9,15.0,7.8,11.5,0.0,63,中雨,0,,1,0,6,0.352,0.971,1.6,1.1,550
2025-05-11,1,梅花山风景区,2400,mountain,13.0,20.8,4.6,0.0,0.0,3,阴,0,,1,0,7,1.0,0.96,1.6,1.1,2503
2025-05-11,2,玉舍国家森林公园,2300,forest,13.0,20.8,4.6,0.0,0.0,3,阴,0,,1,0,7,1.0,0.962,1.6,1.1,2154
2025-05-11,3,乌蒙大草原,2857,grassland,13.0,20.8,4.6,0.0,0.0,3,阴,0,,1,0,7,1.0,0.952,1.6,1.1,2912
2025-05-11,4,水城古镇,1800,ancient_town,13.0,20.8,4.6,0.0,0.0,3,阴,0,,1,0,7,1.0,0.97,1.6,1.1,1826
2025-05-11,5,明湖国家湿地公园,1750,wetland,13.0,20.8,4.6,0.0,0.0,3,阴,0,,1,0,7,1.0,0.971,1.6,1.1,1522
2025-05-12,1,梅花山风景区,2400,mountain,16.5,24.9,6.4,0.0,0.0,1,晴转多云,0,,0,0,1,1.0,1.08,1.0,1.1,1850
2025-05-12,2,玉舍国家森林公园,2300,forest,16.5,24.9,6.4,0.0,0.0,1,晴转多云,0,,0,0,1,1.0,1.077,1.0,1.1,1550
2025-05-12,3,乌蒙大草原,2857,grassland,16.5,24.9,6.4,0.0,0.0,1,晴转多云,0,,0,0,1,1.0,1.095,1.0,1.1,1922
2025-05-12,4,水城古镇,1800,ancient_town,16.5,24.9,6.4,0.0,0.0,1,晴转多云,0,,0,0,1,1.0,1.06,1.0,1.1,1154
2025-05-12,5,明湖国家湿地公园,1750,wetland,16.5,24.9,6.4,0.0,0.0,1,晴转多云,0,,0,0,1,1.0,1.058,1.0,1.1,1026
2025-05-13,1,梅花山风景区,2400,mountain,16.8,24.5,11.4,17.1,0.0,63,中雨,0,,0,0,2,0.55,1.08,1.0,1.1,1063
2025-05-13,2,玉舍国家森林公园,2300,forest,16.8,24.5,11.4,17.1,0.0,63,中雨,0,,0,0,2,0.55,1.077,1.0,1.1,765
2025-05-13,3,乌蒙大草原,2857,grassland,16.8,24.5,11.4,17.1,0.0,63,中雨,0,,0,0,2,0.55,1.095,1.0,1.1,1355
2025-05-13,4,水城古镇,1800,ancient_town,16.8,24.5,11.4,17.1,0.0,63,中雨,0,,0,0,2,0.865,1.06,1.0,1.1,931
2025-05-13,5,明湖国家湿地公园,1750,wetland,16.8,24.5,11.4,17.1,0.0,63,中雨,0,,0,0,2,0.44,1.058,1.0,1.1,469
2025-05-14,1,梅花山风景区,2400,mountain,16.1,19.1,13.6,5.4,0.0,61,小雨,0,,0,0,3,0.8,1.08,1.0,1.1,1398
2025-05-14,2,玉舍国家森林公园,2300,forest,16.1,19.1,13.6,5.4,0.0,61,小雨,0,,0,0,3,0.8,1.077,1.0,1.1,1165
2025-05-14,3,乌蒙大草原,2857,grassland,16.1,19.1,13.6,5.4,0.0,61,小雨,0,,0,0,3,0.8,1.095,1.0,1.1,1685
2025-05-14,4,水城古镇,1800,ancient_town,16.1,19.1,13.6,5.4,0.0,61,小雨,0,,0,0,3,0.94,1.06,1.0,1.1,1071
2025-05-14,5,明湖国家湿地公园,1750,wetland,16.1,19.1,13.6,5.4,0.0,61,小雨,0,,0,0,3,0.64,1.058,1.0,1.1,609
2025-05-15,1,梅花山风景区,2400,mountain,16.1,20.3,13.0,9.8,0.0,61,小雨,0,,0,0,4,0.8,1.08,1.0,1.1,1433
2025-05-15,2,玉舍国家森林公园,2300,forest,16.1,20.3,13.0,9.8,0.0,61,小雨,0,,0,0,4,0.8,1.077,1.0,1.1,1051
2025-05-15,3,乌蒙大草原,2857,grassland,16.1,20.3,13.0,9.8,0.0,61,小雨,0,,0,0,4,0.8,1.095,1.0,1.1,1621
2025-05-15,4,水城古镇,1800,ancient_town,16.1,20.3,13.0,9.8,0.0,61,小雨,0,,0,0,4,0.94,1.06,1.0,1.1,1100
2025-05-15,5,明湖国家湿地公园,1750,wetland,16.1,20.3,13.0,9.8,0.0,61,小雨,0,,0,0,4,0.64,1.058,1.0,1.1,666
2025-05-16,1,梅花山风景区,2400,mountain,16.8,20.9,14.4,20.2,0.0,63,中雨,0,,0,0,5,0.3,1.08,1.0,1.1,562
2025-05-16,2,玉舍国家森林公园,2300,forest,16.8,20.9,14.4,20.2,0.0,63,中雨,0,,0,0,5,0.3,1.077,1.0,1.1,397
2025-05-16,3,乌蒙大草原,2857,grassland,16.8,20.9,14.4,20.2,0.0,63,中雨,0,,0,0,5,0.3,1.095,1.0,1.1,664
2025-05-16,4,水城古镇,1800,ancient_town,16.8,20.9,14.4,20.2,0.0,63,中雨,0,,0,0,5,0.79,1.06,1.0,1.1,935
2025-05-16,5,明湖国家湿地公园,1750,wetland,16.8,20.9,14.4,20.2,0.0,63,中雨,0,,0,0,5,0.24,1.058,1.0,1.1,247
2025-05-17,1,梅花山风景区,2400,mountain,17.1,22.3,13.6,7.1,0.0,63,中雨,0,,1,0,6,0.8,1.08,1.6,1.1,2189
2025-05-17,2,玉舍国家森林公园,2300,forest,17.1,22.3,13.6,7.1,0.0,63,中雨,0,,1,0,6,0.8,1.077,1.6,1.1,1811
2025-05-17,3,乌蒙大草原,2857,grassland,17.1,22.3,13.6,7.1,0.0,63,中雨,0,,1,0,6,0.8,1.095,1.6,1.1,2898
2025-05-17,4,水城古镇,1800,ancient_town,17.1,22.3,13.6,7.1,0.0,63,中雨,0,,1,0,6,0.94,1.06,1.6,1.1,1720
2025-05-17,5,明湖国家湿地公园,1750,wetland,17.1,22.3,13.6,7.1,0.0,63,中雨,0,,1,0,6,0.64,1.058,1.6,1.1,1118
2025-05-18,1,梅花山风景区,2400,mountain,15.6,19.5,13.1,3.2,0.0,61,小雨,0,,1,0,7,0.8,1.08,1.6,1.1,2249
2025-05-18,2,玉舍国家森林公园,2300,forest,15.6,19.5,13.1,3.2,0.0,61,小雨,0,,1,0,7,0.8,1.077,1.6,1.1,1976
2025-05-18,3,乌蒙大草原,2857,grassland,15.6,19.5,13.1,3.2,0.0,61,小雨,0,,1,0,7,0.8,1.095,1.6,1.1,2779
2025-05-18,4,水城古镇,1800,ancient_town,15.6,19.5,13.1,3.2,0.0,61,小雨,0,,1,0,7,0.94,1.06,1.6,1.1,1738
2025-05-18,5,明湖国家湿地公园,1750,wetland,15.6,19.5,13.1,3.2,0.0,61,小雨,0,,1,0,7,0.64,1.058,1.6,1.1,986
2025-05-19,1,梅花山风景区,2400,mountain,17.5,24.0,12.9,11.2,0.0,63,中雨,0,,0,0,1,0.55,1.08,1.0,1.1,910
2025-05-19,2,玉舍国家森林公园,2300,forest,17.5,24.0,12.9,11.2,0.0,63,中雨,0,,0,0,1,0.55,1.077,1.0,1.1,796
2025-05-19,3,乌蒙大草原,2857,grassland,17.5,24.0,12.9,11.2,0.0,63,中雨,0,,0,0,1,0.55,1.095,1.0,1.1,1179
2025-05-19,4,水城古镇,1800,ancient_town,17.5,24.0,12.9,11.2,0.0,63,中雨,0,,0,0,1,0.865,1.06,1.0,1.1,1022
2025-05-19,5,明湖国家湿地公园,1750,wetland,17.5,24.0,12.9,11.2,0.0,63,中雨,0,,0,0,1,0.44,1.058,1.0,1.1,445
2025-05-20,1,梅花山风景区,2400,mountain,19.5,26.1,14.2,6.7,0.0,63,中雨,0,,0,0,2,0.8,1.08,1.0,1.1,1414
2025-05-20,2,玉舍国家森林公园,2300,forest,19.5,26.1,14.2,6.7,0.0,63,中雨,0,,0,0,2,0.8,1.077,1.0,1.1,1101
2025-05-20,3,乌蒙大草原,2857,grassland,19.5,26.1,14.2,6.7,0.0,63,中雨,0,,0,0,2,0.8,1.095,1.0,1.1,1760
2025-05-20,4,水城古镇,1800,ancient_town,19.5,26.1,14.2,6.7,0.0,63,中雨,0,,0,0,2,0.94,1.06,1.0,1.1,1084
2025-05-20,5,明湖国家湿地公园,1750,wetland,19.5,26.1,14.2,6.7,0.0,63,中雨,0,,0,0,2,0.64,1.058,1.0,1.1,733
2025-05-21,1,梅花山风景区,2400,mountain,20.7,27.0,16.2,1.5,0.0,61,小雨,0,,0,0,3,1.0,1.08,1.0,1.1,1720
2025-05-21,2,玉舍国家森林公园,2300,forest,20.7,27.0,16.2,1.5,0.0,61,小雨,0,,0,0,3,1.0,1.077,1.0,1.1,1500
2025-05-21,3,乌蒙大草原,2857,grassland,20.7,27.0,16.2,1.5,0.0,61,小雨,0,,0,0,3,1.0,1.095,1.0,1.1,2054
2025-05-21,4,水城古镇,1800,ancient_town,20.7,27.0,16.2,1.5,0.0,61,小雨,0,,0,0,3,1.0,1.06,1.0,1.1,1138
2025-05-21,5,明湖国家湿地公园,1750,wetland,20.7,27.0,16.2,1.5,0.0,61,小雨,0,,0,0,3,1.0,1.058,1.0,1.1,1003
2025-05-22,1,梅花山风景区,2400,mountain,19.7,23.5,16.9,14.1,0.0,63,中雨,0,,0,0,4,0.55,1.08,1.0,1.1,1041
2025-05-22,2,玉舍国家森林公园,2300,forest,19.7,23.5,16.9,14.1,0.0,63,中雨,0,,0,0,4,0.55,1.077,1.0,1.1,798
2025-05-22,3,乌蒙大草原,2857,grassland,19.7,23.5,16.9,14.1,0.0,63,中雨,0,,0,0,4,0.55,1.095,1.0,1.1,1200
2025-05-22,4,水城古镇,1800,ancient_town,19.7,23.5,16.9,14.1,0.0,63,中雨,0,,0,0,4,0.865,1.06,1.0,1.1,1020
2025-05-22,5,明湖国家湿地公园,1750,wetland,19.7,23.5,16.9,14.1,0.0,63,中雨,0,,0,0,4,0.44,1.058,1.0,1.1,436
2025-05-23,1,梅花山风景区,2400,mountain,16.2,18.7,13.9,0.3,0.0,51,小雨,0,,0,0,5,1.0,1.08,1.0,1.1,1906
2025-05-23,2,玉舍国家森林公园,2300,forest,16.2,18.7,13.9,0.3,0.0,51,小雨,0,,0,0,5,1.0,1.077,1.0,1.1,1519
2025-05-23,3,乌蒙大草原,2857,grassland,16.2,18.7,13.9,0.3,0.0,51,小雨,0,,0,0,5,1.0,1.095,1.0,1.1,2164
2025-05-23,4,水城古镇,1800,ancient_town,16.2,18.7,13.9,0.3,0.0,51,小雨,0,,0,0,5,1.0,1.06,1.0,1.1,1166
2025-05-23,5,明湖国家湿地公园,1750,wetland,16.2,18.7,13.9,0.3,0.0,51,小雨,0,,0,0,5,1.0,1.058,1.0,1.1,1081
2025-05-24,1,梅花山风景区,2400,mountain,13.1,13.8,12.2,6.3,0.0,61,小雨,0,,1,0,6,0.8,0.96,1.6,1.1,2009
2025-05-24,2,玉舍国家森林公园,2300,forest,13.1,13.8,12.2,6.3,0.0,61,小雨,0,,1,0,6,0.8,0.962,1.6,1.1,1608
2025-05-24,3,乌蒙大草原,2857,grassland,13.1,13.8,12.2,6.3,0.0,61,小雨,0,,1,0,6,0.8,0.952,1.6,1.1,2354
2025-05-24,4,水城古镇,1800,ancient_town,13.1,13.8,12.2,6.3,0.0,61,小雨,0,,1,0,6,0.94,0.97,1.6,1.1,1577
2025-05-24,5,明湖国家湿地公园,1750,wetland,13.1,13.8,12.2,6.3,0.0,61,小雨,0,,1,0,6,0.64,0.971,1.6,1.1,960
2025-05-25,1,梅花山风景区,2400,mountain,13.2,15.8,11.8,5.5,0.0,55,大雨,0,,1,0,7,0.8,0.96,1.6,1.1,2101
2025-05-25,2,玉舍国家森林公园,2300,forest,13.2,15.8,11.8,5.5,0.0,55,大雨,0,,1,0,7,0.8,0.962,1.6,1.1,1598
2025-05-25,3,乌蒙大草原,2857,grassland,13.2,15.8,11.8,5.5,0.0,55,大雨,0,,1,0,7,0.8,0.952,1.6,1.1,2362
2025-05-25,4,水城古镇,1800,ancient_town,13.2,15.8,11.8,5.5,0.0,55,大雨,0,,1,0,7,0.94,0.97,1.6,1.1,1554
2025-05-25,5,明湖国家湿地公园,1750,wetland,13.2,15.8,11.8,5.5,0.0,55,大雨,0,,1,0,7,0.64,0.971,1.6,1.1,910
2025-05-26,1,梅花山风景区,2400,mountain,15.0,20.9,10.3,0.3,0.0,51,小雨,0,,0,0,1,1.0,1.08,1.0,1.1,1921
2025-05-26,2,玉舍国家森林公园,2300,forest,15.0,20.9,10.3,0.3,0.0,51,小雨,0,,0,0,1,1.0,1.077,1.0,1.1,1457
2025-05-26,3,乌蒙大草原,2857,grassland,15.0,20.9,10.3,0.3,0.0,51,小雨,0,,0,0,1,1.0,1.095,1.0,1.1,2262
2025-05-26,4,水城古镇,1800,ancient_town,15.0,20.9,10.3,0.3,0.0,51,小雨,0,,0,0,1,1.0,1.06,1.0,1.1,1135
2025-05-26,5,明湖国家湿地公园,1750,wetland,15.0,20.9,10.3,0.3,0.0,51,小雨,0,,0,0,1,1.0,1.058,1.0,1.1,1124
2025-05-27,1,梅花山风景区,2400,mountain,15.5,18.5,13.6,41.2,0.0,63,中雨,0,,0,0,2,0.3,1.08,1.0,1.1,538
2025-05-27,2,玉舍国家森林公园,2300,forest,15.5,18.5,13.6,41.2,0.0,63,中雨,0,,0,0,2,0.3,1.077,1.0,1.1,457
2025-05-27,3,乌蒙大草原,2857,grassland,15.5,18.5,13.6,41.2,0.0,63,中雨,0,,0,0,2,0.3,1.095,1.0,1.1,650
2025-05-27,4,水城古镇,1800,ancient_town,15.5,18.5,13.6,41.2,0.0,63,中雨,0,,0,0,2,0.79,1.06,1.0,1.1,919
2025-05-27,5,明湖国家湿地公园,1750,wetland,15.5,18.5,13.6,41.2,0.0,63,中雨,0,,0,0,2,0.24,1.058,1.0,1.1,244
2025-05-28,1,梅花山风景区,2400,mountain,14.9,18.2,12.9,12.2,0.0,61,小雨,0,,0,0,3,0.55,0.96,1.0,1.1,874
2025-05-28,2,玉舍国家森林公园,2300,forest,14.9,18.2,12.9,12.2,0.0,61,小雨,0,,0,0,3,0.55,0.962,1.0,1.1,706
2025-05-28,3,乌蒙大草原,2857,grassland,14.9,18.2,12.9,12.2,0.0,61,小雨,0,,0,0,3,0.55,0.952,1.0,1.1,1114
2025-05-28,4,水城古镇,1800,ancient_town,14.9,18.2,12.9,12.2,0.0,61,小雨,0,,0,0,3,0.865,0.97,1.0,1.1,994
2025-05-28,5,明湖国家湿地公园,1750,wetland,14.9,18.2,12.9,12.2,0.0,61,小雨,0,,0,0,3,0.44,0.971,1.0,1.1,424
2025-05-29,1,梅花山风景区,2400,mountain,15.8,19.9,12.5,1.2,0.0,51,小雨,0,,0,0,4,1.0,1.08,1.0,1.1,1890
2025-05-29,2,玉舍国家森林公园,2300,forest,15.8,19.9,12.5,1.2,0.0,51,小雨,0,,0,0,4,1.0,1.077,1.0,1.1,1228
2025-05-29,3,乌蒙大草原,2857,grassland,15.8,19.9,12.5,1.2,0.0,51,小雨,0,,0,0,4,1.0,1.095,1.0,1.1,2117
2025-05-29,4,水城古镇,1800,ancient_town,15.8,19.9,12.5,1.2,0.0,51,小雨,0,,0,0,4,1.0,1.06,1.0,1.1,1180
2025-05-29,5,明湖国家湿地公园,1750,wetland,15.8,19.9,12.5,1.2,0.0,51,小雨,0,,0,0,4,1.0,1.058,1.0,1.1,1094
2025-05-30,1,梅花山风景区,2400,mountain,17.4,22.7,13.4,2.6,0.0,61,小雨,0,,0,0,5,0.8,1.08,1.0,1.1,1455
2025-05-30,2,玉舍国家森林公园,2300,forest,17.4,22.7,13.4,2.6,0.0,61,小雨,0,,0,0,5,0.8,1.077,1.0,1.1,1133
2025-05-30,3,乌蒙大草原,2857,grassland,17.4,22.7,13.4,2.6,0.0,61,小雨,0,,0,0,5,0.8,1.095,1.0,1.1,1694
2025-05-30,4,水城古镇,1800,ancient_town,17.4,22.7,13.4,2.6,0.0,61,小雨,0,,0,0,5,0.94,1.06,1.0,1.1,1052
2025-05-30,5,明湖国家湿地公园,1750,wetland,17.4,22.7,13.4,2.6,0.0,61,小雨,0,,0,0,5,0.64,1.058,1.0,1.1,734
2025-05-31,1,梅花山风景区,2400,mountain,20.6,26.5,16.8,10.7,0.0,63,中雨,1,端午节,1,3,6,0.55,1.08,2.4,1.1,2484
2025-05-31,2,玉舍国家森林公园,2300,forest,20.6,26.5,16.8,10.7,0.0,63,中雨,1,端午节,1,3,6,0.55,1.077,2.4,1.1,1998
2025-05-31,3,乌蒙大草原,2857,grassland,20.6,26.5,16.8,10.7,0.0,63,中雨,1,端午节,1,3,6,0.55,1.095,2.4,1.1,2864
2025-05-31,4,水城古镇,1800,ancient_town,20.6,26.5,16.8,10.7,0.0,63,中雨,1,端午节,1,3,6,0.865,1.06,2.76,1.1,2709
2025-05-31,5,明湖国家湿地公园,1750,wetland,20.6,26.5,16.8,10.7,0.0,63,中雨,1,端午节,1,3,6,0.44,1.058,2.52,1.1,1193
2025-06-01,1,梅花山风景区,2400,mountain,19.3,25.4,15.2,1.4,0.0,51,小雨,1,端午节,1,3,7,1.0,1.08,2.4,1.2,4659
2025-06-01,2,玉舍国家森林公园,2300,forest,19.3,25.4,15.2,1.4,0.0,51,小雨,1,端午节,1,3,7,1.0,1.077,2.4,1.2,3697
2025-06-01,3,乌蒙大草原,2857,grassland,19.3,25.4,15.2,1.4,0.0,51,小雨,1,端午节,1,3,7,1.0,1.095,2.4,1.2,5670
2025-06-01,4,水城古镇,1800,ancient_town,19.3,25.4,15.2,1.4,0.0,51,小雨,1,端午节,1,3,7,1.0,1.06,2.76,1.2,3399
2025-06-01,5,明湖国家湿地公园,1750,wetland,19.3,25.4,15.2,1.4,0.0,51,小雨,1,端午节,1,3,7,1.0,1.058,2.52,1.2,2754
2025-06-02,1,梅花山风景区,2400,mountain,15.0,16.7,13.3,3.6,0.0,53,中雨,1,端午节,0,3,1,0.8,1.08,2.4,1.2,3687
2025-06-02,2,玉舍国家森林公园,2300,forest,15.0,16.7,13.3,3.6,0.0,53,中雨,1,端午节,0,3,1,0.8,1.077,2.4,1.2,2770
2025-06-02,3,乌蒙大草原,2857,grassland,15.0,16.7,13.3,3.6,0.0,53,中雨,1,端午节,0,3,1,0.8,1.095,2.4,1.2,4678
2025-06-02,4,水城古镇,1800,ancient_town,15.0,16.7,13.3,3.6,0.0,53,中雨,1,端午节,0,3,1,0.94,1.06,2.76,1.2,3438
2025-06-02,5,明湖国家湿地公园,1750,wetland,15.0,16.7,13.3,3.6,0.0,53,中雨,1,端午节,0,3,1,0.64,1.058,2.52,1.2,1772
2025-06-03,1,梅花山风景区,2400,mountain,14.7,17.4,12.6,0.9,0.0,53,中雨,0,,0,0,2,1.0,0.96,1.0,1.2,1570
2025-06-03,2,玉舍国家森林公园,2300,forest,14.7,17.4,12.6,0.9,0.0,53,中雨,0,,0,0,2,1.0,0.962,1.0,1.2,1412
2025-06-03,3,乌蒙大草原,2857,grassland,14.7,17.4,12.6,0.9,0.0,53,中雨,0,,0,0,2,1.0,0.952,1.0,1.2,2081
2025-06-03,4,水城古镇,1800,ancient_town,14.7,17.4,12.6,0.9,0.0,53,中雨,0,,0,0,2,1.0,0.97,1.0,1.2,1165
2025-06-03,5,明湖国家湿地公园,1750,wetland,14.7,17.4,12.6,0.9,0.0,53,中雨,0,,0,0,2,1.0,0.971,1.0,1.2,978
2025-06-04,1,梅花山风景区,2400,mountain,16.0,21.0,12.9,0.5,0.0,51,小雨,0,,0,0,3,1.0,1.08,1.0,1.2,1757
2025-06-04,2,玉舍国家森林公园,2300,forest,16.0,21.0,12.9,0.5,0.0,51,小雨,0,,0,0,3,1.0,1.077,1.0,1.2,1683
2025-06-04,3,乌蒙大草原,2857,grassland,16.0,21.0,12.9,0.5,0.0,51,小雨,0,,0,0,3,1.0,1.095,1.0,1.2,2340
2025-06-04,4,水城古镇,1800,ancient_town,16.0,21.0,12.9,0.5,0.0,51,小雨,0,,0,0,3,1.0,1.06,1.0,1.2,1304
2025-06-04,5,明湖国家湿地公园,1750,wetland,16.0,21.0,12.9,0.5,0.0,51,小雨,0,,0,0,3,1.0,1.058,1.0,1.2,1138
2025-06-05,1,梅花山风景区,2400,mountain,18.9,25.3,14.1,0.3,0.0,51,小雨,0,,0,0,4,1.0,1.08,1.0,1.2,1984
2025-06-05,2,玉舍国家森林公园,2300,forest,18.9,25.3,14.1,0.3,0.0,51,小雨,0,,0,0,4,1.0,1.077,1.0,1.2,1451
2025-06-05,3,乌蒙大草原,2857,grassland,18.9,25.3,14.1,0.3,0.0,51,小雨,0,,0,0,4,1.0,1.095,1.0,1.2,2312
2025-06-05,4,水城古镇,1800,ancient_town,18.9,25.3,14.1,0.3,0.0,51,小雨,0,,0,0,4,1.0,1.06,1.0,1.2,1185
2025-06-05,5,明湖国家湿地公园,1750,wetland,18.9,25.3,14.1,0.3,0.0,51,小雨,0,,0,0,4,1.0,1.058,1.0,1.2,1080
2025-06-06,1,梅花山风景区,2400,mountain,21.4,26.6,17.7,3.4,0.0,53,中雨,0,,0,0,5,0.8,1.08,1.0,1.2,1500
2025-06-06,2,玉舍国家森林公园,2300,forest,21.4,26.6,17.7,3.4,0.0,53,中雨,0,,0,0,5,0.8,1.077,1.0,1.2,1128
2025-06-06,3,乌蒙大草原,2857,grassland,21.4,26.6,17.7,3.4,0.0,53,中雨,0,,0,0,5,0.8,1.095,1.0,1.2,1848
2025-06-06,4,水城古镇,1800,ancient_town,21.4,26.6,17.7,3.4,0.0,53,中雨,0,,0,0,5,0.94,1.06,1.0,1.2,1153
2025-06-06,5,明湖国家湿地公园,1750,wetland,21.4,26.6,17.7,3.4,0.0,53,中雨,0,,0,0,5,0.64,1.058,1.0,1.2,688
2025-06-07,1,梅花山风景区,2400,mountain,20.2,25.5,17.8,20.8,0.0,65,大雨,0,,1,0,6,0.3,1.08,1.6,1.2,926
2025-06-07,2,玉舍国家森林公园,2300,forest,20.2,25.5,17.8,20.8,0.0,65,大雨,0,,1,0,6,0.3,1.077,1.6,1.2,743
2025-06-07,3,乌蒙大草原,2857,grassland,20.2,25.5,17.8,20.8,0.0,65,大雨,0,,1,0,6,0.3,1.095,1.6,1.2,1088
2025-06-07,4,水城古镇,1800,ancient_town,20.2,25.5,17.8,20.8,0.0,65,大雨,0,,1,0,6,0.79,1.06,1.6,1.2,1769
2025-06-07,5,明湖国家湿地公园,1750,wetland,20.2,25.5,17.8,20.8,0.0,65,大雨,0,,1,0,6,0.24,1.058,1.6,1.2,454
2025-06-08,1,梅花山风景区,2400,mountain,18.3,22.4,15.8,8.7,0.0,61,小雨,0,,1,0,7,0.8,1.08,1.6,1.2,2627
2025-06-08,2,玉舍国家森林公园,2300,forest,18.3,22.4,15.8,8.7,0.0,61,小雨,0,,1,0,7,0.8,1.077,1.6,1.2,1951
2025-06-08,3,乌蒙大草原,2857,grassland,18.3,22.4,15.8,8.7,0.0,61,小雨,0,,1,0,7,0.8,1.095,1.6,1.2,3163
2025-06-08,4,水城古镇,1800,ancient_town,18.3,22.4,15.8,8.7,0.0,61,小雨,0,,1,0,7,0.94,1.06,1.6,1.2,1986
2025-06-08,5,明湖国家湿地公园,1750,wetland,18.3,22.4,15.8,8.7,0.0,61,小雨,0,,1,0,7,0.64,1.058,1.6,1.2,1110
2025-06-09,1,梅花山风景区,2400,mountain,17.3,20.7,13.6,0.8,0.0,51,小雨,0,,0,0,1,1.0,1.08,1.0,1.2,1877
2025-06-09,2,玉舍国家森林公园,2300,forest,17.3,20.7,13.6,0.8,0.0,51,小雨,0,,0,0,1,1.0,1.077,1.0,1.2,1776
2025-06-09,3,乌蒙大草原,2857,grassland,17.3,20.7,13.6,0.8,0.0,51,小雨,0,,0,0,1,1.0,1.095,1.0,1.2,2317
2025-06-09,4,水城古镇,1800,ancient_town,17.3,20.7,13.6,0.8,0.0,51,小雨,0,,0,0,1,1.0,1.06,1.0,1.2,1302
2025-06-09,5,明湖国家湿地公园,1750,wetland,17.3,20.7,13.6,0.8,0.0,51,小雨,0,,0,0,1,1.0,1.058,1.0,1.2,1130
2025-06-10,1,梅花山风景区,2400,mountain,17.9,22.8,13.2,0.0,0.0,3,阴,0,,0,0,2,1.0,1.08,1.0,1.2,2024
2025-06-10,2,玉舍国家森林公园,2300,forest,17.9,22.8,13.2,0.0,0.0,3,阴,0,,0,0,2,1.0,1.077,1.0,1.2,1473
2025-06-10,3,乌蒙大草原,2857,grassland,17.9,22.8,13.2,0.0,0.0,3,阴,0,,0,0,2,1.0,1.095,1.0,1.2,2246
2025-06-10,4,水城古镇,1800,ancient_town,17.9,22.8,13.2,0.0,0.0,3,阴,0,,0,0,2,1.0,1.06,1.0,1.2,1344
2025-06-10,5,明湖国家湿地公园,1750,wetland,17.9,22.8,13.2,0.0,0.0,3,阴,0,,0,0,2,1.0,1.058,1.0,1.2,1154
2025-06-11,1,梅花山风景区,2400,mountain,18.4,22.4,14.0,0.5,0.0,51,小雨,0,,0,0,3,1.0,1.08,1.0,1.2,1703
2025-06-11,2,玉舍国家森林公园,2300,forest,18.4,22.4,14.0,0.5,0.0,51,小雨,0,,0,0,3,1.0,1.077,1.0,1.2,1552
2025-06-11,3,乌蒙大草原,2857,grassland,18.4,22.4,14.0,0.5,0.0,51,小雨,0,,0,0,3,1.0,1.095,1.0,1.2,2344
2025-06-11,4,水城古镇,1800,ancient_town,18.4,22.4,14.0,0.5,0.0,51,小雨,0,,0,0,3,1.0,1.06,1.0,1.2,1317
2025-06-11,5,明湖国家湿地公园,1750,wetland,18.4,22.4,14.0,0.5,0.0,51,小雨,0,,0,0,3,1.0,1.058,1.0,1.2,1161
2025-06-12,1,梅花山风景区,2400,mountain,18.6,24.4,12.5,0.2,0.0,51,小雨,0,,0,0,4,1.0,1.08,1.0,1.2,1977
2025-06-12,2,玉舍国家森林公园,2300,forest,18.6,24.4,12.5,0.2,0.0,51,小雨,0,,0,0,4,1.0,1.077,1.0,1.2,1557
2025-06-12,3,乌蒙大草原,2857,grassland,18.6,24.4,12.5,0.2,0.0,51,小雨,0,,0,0,4,1.0,1.095,1.0,1.2,2400
2025-06-12,4,水城古镇,1800,ancient_town,18.6,24.4,12.5,0.2,0.0,51,小雨,0,,0,0,4,1.0,1.06,1.0,1.2,1198
2025-06-12,5,明湖国家湿地公园,1750,wetland,18.6,24.4,12.5,0.2,0.0,51,小雨,0,,0,0,4,1.0,1.058,1.0,1.2,1096
2025-06-13,1,梅花山风景区,2400,mountain,20.5,27.3,14.0,0.0,0.0,0,晴,0,,0,0,5,1.0,1.08,1.0,1.2,1861
2025-06-13,2,玉舍国家森林公园,2300,forest,20.5,27.3,14.0,0.0,0.0,0,晴,0,,0,0,5,1.0,1.077,1.0,1.2,1446
2025-06-13,3,乌蒙大草原,2857,grassland,20.5,27.3,14.0,0.0,0.0,0,晴,0,,0,0,5,1.0,1.095,1.0,1.2,2458
2025-06-13,4,水城古镇,1800,ancient_town,20.5,27.3,14.0,0.0,0.0,0,晴,0,,0,0,5,1.0,1.06,1.0,1.2,1340
2025-06-13,5,明湖国家湿地公园,1750,wetland,20.5,27.3,14.0,0.0,0.0,0,晴,0,,0,0,5,1.0,1.058,1.0,1.2,1178
2025-06-14,1,梅花山风景区,2400,mountain,20.4,27.7,14.6,4.3,0.0,55,大雨,0,,1,0,6,0.8,1.08,1.6,1.2,2413
2025-06-14,2,玉舍国家森林公园,2300,forest,20.4,27.7,14.6,4.3,0.0,55,大雨,0,,1,0,6,0.8,1.077,1.6,1.2,1931
2025-06-14,3,乌蒙大草原,2857,grassland,20.4,27.7,14.6,4.3,0.0,55,大雨,0,,1,0,6,0.8,1.095,1.6,1.2,2961
2025-06-14,4,水城古镇,1800,ancient_town,20.4,27.7,14.6,4.3,0.0,55,大雨,0,,1,0,6,0.94,1.06,1.6,1.2,2019
2025-06-14,5,明湖国家湿地公园,1750,wetland,20.4,27.7,14.6,4.3,0.0,55,大雨,0,,1,0,6,0.64,1.058,1.6,1.2,1201
2025-06-15,1,梅花山风景区,2400,mountain,17.6,22.8,14.1,10.3,0.0,61,小雨,0,,1,0,7,0.55,1.08,1.6,1.2,1859
2025-06-15,2,玉舍国家森林公园,2300,forest,17.6,22.8,14.1,10.3,0.0,61,小雨,0,,1,0,7,0.55,1.077,1.6,1.2,1298
2025-06-15,3,乌蒙大草原,2857,grassland,17.6,22.8,14.1,10.3,0.0,61,小雨,0,,1,0,7,0.55,1.095,1.6,1.2,2058
2025-06-15,4,水城古镇,1800,ancient_town,17.6,22.8,14.1,10.3,0.0,61,小雨,0,,1,0,7,0.865,1.06,1.6,1.2,1649
2025-06-15,5,明湖国家湿地公园,1750,wetland,17.6,22.8,14.1,10.3,0.0,61,小雨,0,,1,0,7,0.44,1.058,1.6,1.2,747
2025-06-16,1,梅花山风景区,2400,mountain,19.3,26.4,11.8,0.3,0.0,51,小雨,0,,0,0,1,1.0,1.08,1.0,1.2,1928
2025-06-16,2,玉舍国家森林公园,2300,forest,19.3,26.4,11.8,0.3,0.0,51,小雨,0,,0,0,1,1.0,1.077,1.0,1.2,1524
2025-06-16,3,乌蒙大草原,2857,grassland,19.3,26.4,11.8,0.3,0.0,51,小雨,0,,0,0,1,1.0,1.095,1.0,1.2,2305
2025-06-16,4,水城古镇,1800,ancient_town,19.3,26.4,11.8,0.3,0.0,51,小雨,0,,0,0,1,1.0,1.06,1.0,1.2,1174
2025-06-16,5,明湖国家湿地公园,1750,wetland,19.3,26.4,11.8,0.3,0.0,51,小雨,0,,0,0,1,1.0,1.058,1.0,1.2,1154
2025-06-17,1,梅花山风景区,2400,mountain,20.3,26.0,16.8,2.0,0.0,53,中雨,0,,0,0,2,0.8,1.08,1.0,1.2,1533
2025-06-17,2,玉舍国家森林公园,2300,forest,20.3,26.0,16.8,2.0,0.0,53,中雨,0,,0,0,2,0.8,1.077,1.0,1.2,1297
2025-06-17,3,乌蒙大草原,2857,grassland,20.3,26.0,16.8,2.0,0.0,53,中雨,0,,0,0,2,0.8,1.095,1.0,1.2,1944
2025-06-17,4,水城古镇,1800,ancient_town,20.3,26.0,16.8,2.0,0.0,53,中雨,0,,0,0,2,0.94,1.06,1.0,1.2,1117
2025-06-17,5,明湖国家湿地公园,1750,wetland,20.3,26.0,16.8,2.0,0.0,53,中雨,0,,0,0,2,0.64,1.058,1.0,1.2,745
2025-06-18,1,梅花山风景区,2400,mountain,21.1,27.0,18.4,10.5,0.0,63,中雨,0,,0,0,3,0.55,1.08,1.0,1.2,1037
2025-06-18,2,玉舍国家森林公园,2300,forest,21.1,27.0,18.4,10.5,0.0,63,中雨,0,,0,0,3,0.55,1.077,1.0,1.2,918
2025-06-18,3,乌蒙大草原,2857,grassland,21.1,27.0,18.4,10.5,0.0,63,中雨,0,,0,0,3,0.55,1.095,1.0,1.2,1299
2025-06-18,4,水城古镇,1800,ancient_town,21.1,27.0,18.4,10.5,0.0,63,中雨,0,,0,0,3,0.865,1.06,1.0,1.2,1072
2025-06-18,5,明湖国家湿地公园,1750,wetland,21.1,27.0,18.4,10.5,0.0,63,中雨,0,,0,0,3,0.44,1.058,1.0,1.2,492
2025-06-19,1,梅花山风景区,2400,mountain,19.3,23.0,17.9,46.0,0.0,65,大雨,0,,0,0,4,0.3,1.08,1.0,1.2,539
2025-06-19,2,玉舍国家森林公园,2300,forest,19.3,23.0,17.9,46.0,0.0,65,大雨,0,,0,0,4,0.3,1.077,1.0,1.2,494
2025-06-19,3,乌蒙大草原,2857,grassland,19.3,23.0,17.9,46.0,0.0,65,大雨,0,,0,0,4,0.3,1.095,1.0,1.2,784
2025-06-19,4,水城古镇,1800,ancient_town,19.3,23.0,17.9,46.0,0.0,65,大雨,0,,0,0,4,0.79,1.06,1.0,1.2,917
2025-06-19,5,明湖国家湿地公园,1750,wetland,19.3,23.0,17.9,46.0,0.0,65,大雨,0,,0,0,4,0.24,1.058,1.0,1.2,270
2025-06-20,1,梅花山风景区,2400,mountain,19.3,23.6,16.3,1.7,0.0,51,小雨,0,,0,0,5,1.0,1.08,1.0,1.2,1933
2025-06-20,2,玉舍国家森林公园,2300,forest,19.3,23.6,16.3,1.7,0.0,51,小雨,0,,0,0,5,1.0,1.077,1.0,1.2,1504
2025-06-20,3,乌蒙大草原,2857,grassland,19.3,23.6,16.3,1.7,0.0,51,小雨,0,,0,0,5,1.0,1.095,1.0,1.2,2509
2025-06-20,4,水城古镇,1800,ancient_town,19.3,23.6,16.3,1.7,0.0,51,小雨,0,,0,0,5,1.0,1.06,1.0,1.2,1351
2025-06-20,5,明湖国家湿地公园,1750,wetland,19.3,23.6,16.3,1.7,0.0,51,小雨,0,,0,0,5,1.0,1.058,1.0,1.2,1128
2025-06-21,1,梅花山风景区,2400,mountain,18.5,21.7,15.7,1.2,0.0,53,中雨,0,,1,0,6,1.0,1.08,1.6,1.2,3432
2025-06-21,2,玉舍国家森林公园,2300,forest,18.5,21.7,15.7,1.2,0.0,53,中雨,0,,1,0,6,1.0,1.077,1.6,1.2,2484
2025-06-21,3,乌蒙大草原,2857,grassland,18.5,21.7,15.7,1.2,0.0,53,中雨,0,,1,0,6,1.0,1.095,1.6,1.2,3739
2025-06-21,4,水城古镇,1800,ancient_town,18.5,21.7,15.7,1.2,0.0,53,中雨,0,,1,0,6,1.0,1.06,1.6,1.2,2063
2025-06-21,5,明湖国家湿地公园,1750,wetland,18.5,21.7,15.7,1.2,0.0,53,中雨,0,,1,0,6,1.0,1.058,1.6,1.2,1760
2025-06-22,1,梅花山风景区,2400,mountain,17.3,19.9,15.4,1.9,0.0,53,中雨,0,,1,0,7,1.0,1.08,1.6,1.2,3336
2025-06-22,2,玉舍国家森林公园,2300,forest,17.3,19.9,15.4,1.9,0.0,53,中雨,0,,1,0,7,1.0,1.077,1.6,1.2,2557
2025-06-22,3,乌蒙大草原,2857,grassland,17.3,19.9,15.4,1.9,0.0,53,中雨,0,,1,0,7,1.0,1.095,1.6,1.2,3717
2025-06-22,4,水城古镇,1800,ancient_town,17.3,19.9,15.4,1.9,0.0,53,中雨,0,,1,0,7,1.0,1.06,1.6,1.2,2016
2025-06-22,5,明湖国家湿地公园,1750,wetland,17.3,19.9,15.4,1.9,0.0,53,中雨,0,,1,0,7,1.0,1.058,1.6,1.2,1745
2025-06-23,1,梅花山风景区,2400,mountain,19.0,24.9,14.8,2.1,0.0,53,中雨,0,,0,0,1,0.8,1.08,1.0,1.2,1575
2025-06-23,2,玉舍国家森林公园,2300,forest,19.0,24.9,14.8,2.1,0.0,53,中雨,0,,0,0,1,0.8,1.077,1.0,1.2,1160
2025-06-23,3,乌蒙大草原,2857,grassland,19.0,24.9,14.8,2.1,0.0,53,中雨,0,,0,0,1,0.8,1.095,1.0,1.2,1892
2025-06-23,4,水城古镇,1800,ancient_town,19.0,24.9,14.8,2.1,0.0,53,中雨,0,,0,0,1,0.94,1.06,1.0,1.2,1164
2025-06-23,5,明湖国家湿地公园,1750,wetland,19.0,24.9,14.8,2.1,0.0,53,中雨,0,,0,0,1,0.64,1.058,1.0,1.2,752
2025-06-24,1,梅花山风景区,2400,mountain,19.2,22.9,16.9,21.1,0.0,63,中雨,0,,0,0,2,0.3,1.08,1.0,1.2,613
2025-06-24,2,玉舍国家森林公园,2300,forest,19.2,22.9,16.9,21.1,0.0,63,中雨,0,,0,0,2,0.3,1.077,1.0,1.2,483
2025-06-24,3,乌蒙大草原,2857,grassland,19.2,22.9,16.9,21.1,0.0,63,中雨,0,,0,0,2,0.3,1.095,1.0,1.2,705
2025-06-24,4,水城古镇,1800,ancient_town,19.2,22.9,16.9,21.1,0.0,63,中雨,0,,0,0,2,0.79,1.06,1.0,1.2,969
2025-06-24,5,明湖国家湿地公园,1750,wetland,19.2,22.9,16.9,21.1,0.0,63,中雨,0,,0,0,2,0.24,1.058,1.0,1.2,270
2025-06-25,1,梅花山风景区,2400,mountain,18.5,22.1,17.2,32.3,0.0,65,大雨,0,,0,0,3,0.3,1.08,1.0,1.2,582
2025-06-25,2,玉舍国家森林公园,2300,forest,18.5,22.1,17.2,32.3,0.0,65,大雨,0,,0,0,3,0.3,1.077,1.0,1.2,476
2025-06-25,3,乌蒙大草原,2857,grassland,18.5,22.1,17.2,32.3,0.0,65,大雨,0,,0,0,3,0.3,1.095,1.0,1.2,689
2025-06-25,4,水城古镇,1800,ancient_town,18.5,22.1,17.2,32.3,0.0,65,大雨,0,,0,0,3,0.79,1.06,1.0,1.2,956
2025-06-25,5,明湖国家湿地公园,1750,wetland,18.5,22.1,17.2,32.3,0.0,65,大雨,0,,0,0,3,0.24,1.058,1.0,1.2,276
2025-06-26,1,梅花山风景区,2400,mountain,17.2,19.7,15.3,58.7,0.0,63,中雨,0,,0,0,4,0.3,1.08,1.0,1.2,622
2025-06-26,2,玉舍国家森林公园,2300,forest,17.2,19.7,15.3,58.7,0.0,63,中雨,0,,0,0,4,0.3,1.077,1.0,1.2,508
2025-06-26,3,乌蒙大草原,2857,grassland,17.2,19.7,15.3,58.7,0.0,63,中雨,0,,0,0,4,0.3,1.095,1.0,1.2,737
2025-06-26,4,水城古镇,1800,ancient_town,17.2,19.7,15.3,58.7,0.0,63,中雨,0,,0,0,4,0.79,1.06,1.0,1.2,955
2025-06-26,5,明湖国家湿地公园,1750,wetland,17.2,19.7,15.3,58.7,0.0,63,中雨,0,,0,0,4,0.24,1.058,1.0,1.2,293
2025-06-27,1,梅花山风景区,2400,mountain,18.1,21.7,16.2,15.4,0.0,61,小雨,0,,0,0,5,0.55,1.08,1.0,1.2,1023
2025-06-27,2,玉舍国家森林公园,2300,forest,18.1,21.7,16.2,15.4,0.0,61,小雨,0,,0,0,5,0.55,1.077,1.0,1.2,819
2025-06-27,3,乌蒙大草原,2857,grassland,18.1,21.7,16.2,15.4,0.0,61,小雨,0,,0,0,5,0.55,1.095,1.0,1.2,1328
2025-06-27,4,水城古镇,1800,ancient_town,18.1,21.7,16.2,15.4,0.0,61,小雨,0,,0,0,5,0.865,1.06,1.0,1.2,1024
2025-06-27,5,明湖国家湿地公园,1750,wetland,18.1,21.7,16.2,15.4,0.0,61,小雨,0,,0,0,5,0.44,1.058,1.0,1.2,523
2025-06-28,1,梅花山风景区,2400,mountain,19.3,24.7,14.8,1.5,0.0,53,中雨,0,,1,0,6,1.0,1.08,1.6,1.2,3102
2025-06-28,2,玉舍国家森林公园,2300,forest,19.3,24.7,14.8,1.5,0.0,53,中雨,0,,1,0,6,1.0,1.077,1.6,1.2,2530
2025-06-28,3,乌蒙大草原,2857,grassland,19.3,24.7,14.8,1.5,0.0,53,中雨,0,,1,0,6,1.0,1.095,1.6,1.2,3629
2025-06-28,4,水城古镇,1800,ancient_town,19.3,24.7,14.8,1.5,0.0,53,中雨,0,,1,0,6,1.0,1.06,1.6,1.2,2121
2025-06-28,5,明湖国家湿地公园,1750,wetland,19.3,24.7,14.8,1.5,0.0,53,中雨,0,,1,0,6,1.0,1.058,1.6,1.2,1875
2025-06-29,1,梅花山风景区,2400,mountain,20.3,24.8,17.7,1.0,0.0,53,中雨,0,,1,0,7,1.0,1.08,1.6,1.2,3053
2025-06-29,2,玉舍国家森林公园,2300,forest,20.3,24.8,17.7,1.0,0.0,53,中雨,0,,1,0,7,1.0,1.077,1.6,1.2,2597
2025-06-29,3,乌蒙大草原,2857,grassland,20.3,24.8,17.7,1.0,0.0,53,中雨,0,,1,0,7,1.0,1.095,1.6,1.2,3281
2025-06-29,4,水城古镇,1800,ancient_town,20.3,24.8,17.7,1.0,0.0,53,中雨,0,,1,0,7,1.0,1.06,1.6,1.2,2072
2025-06-29,5,明湖国家湿地公园,1750,wetland,20.3,24.8,17.7,1.0,0.0,53,中雨,0,,1,0,7,1.0,1.058,1.6,1.2,1818
2025-06-30,1,梅花山风景区,2400,mountain,18.3,19.5,16.9,28.9,0.0,63,中雨,0,,0,0,1,0.3,1.08,1.0,1.2,560
2025-06-30,2,玉舍国家森林公园,2300,forest,18.3,19.5,16.9,28.9,0.0,63,中雨,0,,0,0,1,0.3,1.077,1.0,1.2,469
2025-06-30,3,乌蒙大草原,2857,grassland,18.3,19.5,16.9,28.9,0.0,63,中雨,0,,0,0,1,0.3,1.095,1.0,1.2,727
2025-06-30,4,水城古镇,1800,ancient_town,18.3,19.5,16.9,28.9,0.0,63,中雨,0,,0,0,1,0.79,1.06,1.0,1.2,967
2025-06-30,5,明湖国家湿地公园,1750,wetland,18.3,19.5,16.9,28.9,0.0,63,中雨,0,,0,0,1,0.24,1.058,1.0,1.2,272
2025-07-01,1,梅花山风景区,2400,mountain,19.0,23.4,16.3,3.9,0.0,53,中雨,0,,0,0,2,0.8,1.08,1.0,1.48,1914
2025-07-01,2,玉舍国家森林公园,2300,forest,19.0,23.4,16.3,3.9,0.0,53,中雨,0,,0,0,2,0.8,1.077,1.0,1.467,1545
2025-07-01,3,乌蒙大草原,2857,grassland,19.0,23.4,16.3,3.9,0.0,53,中雨,0,,0,0,2,0.8,1.095,1.0,1.541,2579
2025-07-01,4,水城古镇,1800,ancient_town,19.0,23.4,16.3,3.9,0.0,53,中雨,0,,0,0,2,0.94,1.06,1.0,1.4,1362
2025-07-01,5,明湖国家湿地公园,1750,wetland,19.0,23.4,16.3,3.9,0.0,53,中雨,0,,0,0,2,0.64,1.058,1.0,1.393,905
2025-07-02,1,梅花山风景区,2400,mountain,19.6,23.3,16.9,4.1,0.0,55,大雨,0,,0,0,3,0.8,1.08,1.0,1.48,1792
2025-07-02,2,玉舍国家森林公园,2300,forest,19.6,23.3,16.9,4.1,0.0,55,大雨,0,,0,0,3,0.8,1.077,1.0,1.467,1538
2025-07-02,3,乌蒙大草原,2857,grassland,19.6,23.3,16.9,4.1,0.0,55,大雨,0,,0,0,3,0.8,1.095,1.0,1.541,2221
2025-07-02,4,水城古镇,1800,ancient_town,19.6,23.3,16.9,4.1,0.0,55,大雨,0,,0,0,3,0.94,1.06,1.0,1.4,1399
2025-07-02,5,明湖国家湿地公园,1750,wetland,19.6,23.3,16.9,4.1,0.0,55,大雨,0,,0,0,3,0.64,1.058,1.0,1.393,880
2025-07-03,1,梅花山风景区,2400,mountain,20.1,24.7,17.2,0.8,0.0,51,小雨,0,,0,0,4,1.0,1.08,1.0,1.48,2640
2025-07-03,2,玉舍国家森林公园,2300,forest,20.1,24.7,17.2,0.8,0.0,51,小雨,0,,0,0,4,1.0,1.077,1.0,1.467,1899
2025-07-03,3,乌蒙大草原,2857,grassland,20.1,24.7,17.2,0.8,0.0,51,小雨,0,,0,0,4,1.0,1.095,1.0,1.541,2924
2025-07-03,4,水城古镇,1800,ancient_town,20.1,24.7,17.2,0.8,0.0,51,小雨,0,,0,0,4,1.0,1.06,1.0,1.4,1560
2025-07-03,5,明湖国家湿地公园,1750,wetland,20.1,24.7,17.2,0.8,0.0,51,小雨,0,,0,0,4,1.0,1.058,1.0,1.393,1329
2025-07-04,1,梅花山风景区,2400,mountain,20.9,25.6,17.7,0.1,0.0,51,小雨,0,,0,0,5,1.0,1.08,1.0,1.48,2409
2025-07-04,2,玉舍国家森林公园,2300,forest,20.9,25.6,17.7,0.1,0.0,51,小雨,0,,0,0,5,1.0,1.077,1.0,1.467,1981
2025-07-04,3,乌蒙大草原,2857,grassland,20.9,25.6,17.7,0.1,0.0,51,小雨,0,,0,0,5,1.0,1.095,1.0,1.541,3203
2025-07-04,4,水城古镇,1800,ancient_town,20.9,25.6,17.7,0.1,0.0,51,小雨,0,,0,0,5,1.0,1.06,1.0,1.4,1355
2025-07-04,5,明湖国家湿地公园,1750,wetland,20.9,25.6,17.7,0.1,0.0,51,小雨,0,,0,0,5,1.0,1.058,1.0,1.393,1330
2025-07-05,1,梅花山风景区,2400,mountain,20.0,26.0,15.8,3.1,0.0,61,小雨,0,,1,0,6,0.8,1.08,1.6,1.48,3066
2025-07-05,2,玉舍国家森林公园,2300,forest,20.0,26.0,15.8,3.1,0.0,61,小雨,0,,1,0,6,0.8,1.077,1.6,1.467,2295
2025-07-05,3,乌蒙大草原,2857,grassland,20.0,26.0,15.8,3.1,0.0,61,小雨,0,,1,0,6,0.8,1.095,1.6,1.541,3572
2025-07-05,4,水城古镇,1800,ancient_town,20.0,26.0,15.8,3.1,0.0,61,小雨,0,,1,0,6,0.94,1.06,1.6,1.4,2224
2025-07-05,5,明湖国家湿地公园,1750,wetland,20.0,26.0,15.8,3.1,0.0,61,小雨,0,,1,0,6,0.64,1.058,1.6,1.393,1327
2025-07-06,1,梅花山风景区,2400,mountain,19.6,24.8,15.0,2.3,0.0,51,小雨,0,,1,0,7,0.8,1.08,1.6,1.48,2957
2025-07-06,2,玉舍国家森林公园,2300,forest,19.6,24.8,15.0,2.3,0.0,51,小雨,0,,1,0,7,0.8,1.077,1.6,1.467,2408
2025-07-06,3,乌蒙大草原,2857,grassland,19.6,24.8,15.0,2.3,0.0,51,小雨,0,,1,0,7,0.8,1.095,1.6,1.541,3820
2025-07-06,4,水城古镇,1800,ancient_town,19.6,24.8,15.0,2.3,0.0,51,小雨,0,,1,0,7,0.94,1.06,1.6,1.4,2233
2025-07-06,5,明湖国家湿地公园,1750,wetland,19.6,24.8,15.0,2.3,0.0,51,小雨,0,,1,0,7,0.64,1.058,1.6,1.393,1466
2025-07-07,1,梅花山风景区,2400,mountain,20.5,26.2,15.5,1.1,0.0,51,小雨,0,,0,0,1,1.0,1.08,1.0,1.48,2393
2025-07-07,2,玉舍国家森林公园,2300,forest,20.5,26.2,15.5,1.1,0.0,51,小雨,0,,0,0,1,1.0,1.077,1.0,1.467,2073
2025-07-07,3,乌蒙大草原,2857,grassland,20.5,26.2,15.5,1.1,0.0,51,小雨,0,,0,0,1,1.0,1.095,1.0,1.541,3226
2025-07-07,4,水城古镇,1800,ancient_town,20.5,26.2,15.5,1.1,0.0,51,小雨,0,,0,0,1,1.0,1.06,1.0,1.4,1555
2025-07-07,5,明湖国家湿地公园,1750,wetland,20.5,26.2,15.5,1.1,0.0,51,小雨,0,,0,0,1,1.0,1.058,1.0,1.393,1278
2025-07-08,1,梅花山风景区,2400,mountain,20.5,26.4,15.9,14.2,0.0,63,中雨,0,,0,0,2,0.55,1.08,1.0,1.48,1299
2025-07-08,2,玉舍国家森林公园,2300,forest,20.5,26.4,15.9,14.2,0.0,63,中雨,0,,0,0,2,0.55,1.077,1.0,1.467,994
2025-07-08,3,乌蒙大草原,2857,grassland,20.5,26.4,15.9,14.2,0.0,63,中雨,0,,0,0,2,0.55,1.095,1.0,1.541,1705
2025-07-08,4,水城古镇,1800,ancient_town,20.5,26.4,15.9,14.2,0.0,63,中雨,0,,0,0,2,0.865,1.06,1.0,1.4,1279
2025-07-08,5,明湖国家湿地公园,1750,wetland,20.5,26.4,15.9,14.2,0.0,63,中雨,0,,0,0,2,0.44,1.058,1.0,1.393,596
2025-07-09,1,梅花山风景区,2400,mountain,19.4,22.5,17.2,12.4,0.0,63,中雨,0,,0,0,3,0.55,1.08,1.0,1.48,1338
2025-07-09,2,玉舍国家森林公园,2300,forest,19.4,22.5,17.2,12.4,0.0,63,中雨,0,,0,0,3,0.55,1.077,1.0,1.467,1050
2025-07-09,3,乌蒙大草原,2857,grassland,19.4,22.5,17.2,12.4,0.0,63,中雨,0,,0,0,3,0.55,1.095,1.0,1.541,1640
2025-07-09,4,水城古镇,1800,ancient_town,19.4,22.5,17.2,12.4,0.0,63,中雨,0,,0,0,3,0.865,1.06,1.0,1.4,1221
2025-07-09,5,明湖国家湿地公园,1750,wetland,19.4,22.5,17.2,12.4,0.0,63,中雨,0,,0,0,3,0.44,1.058,1.0,1.393,571
2025-07-10,1,梅花山风景区,2400,mountain,18.2,21.7,15.2,8.7,0.0,61,小雨,0,,0,0,4,0.8,1.08,1.0,1.48,1986
2025-07-10,2,玉舍国家森林公园,2300,forest,18.2,21.7,15.2,8.7,0.0,61,小雨,0,,0,0,4,0.8,1.077,1.0,1.467,1503
2025-07-10,3,乌蒙大草原,2857,grassland,18.2,21.7,15.2,8.7,0.0,61,小雨,0,,0,0,4,0.8,1.095,1.0,1.541,2422
2025-07-10,4,水城古镇,1800,ancient_town,18.2,21.7,15.2,8.7,0.0,61,小雨,0,,0,0,4,0.94,1.06,1.0,1.4,1455
2025-07-10,5,明湖国家湿地公园,1750,wetland,18.2,21.7,15.2,8.7,0.0,61,小雨,0,,0,0,4,0.64,1.058,1.0,1.393,870
2025-07-11,1,梅花山风景区,2400,mountain,19.2,23.7,15.7,4.7,0.0,53,中雨,0,,0,0,5,0.8,1.08,1.0,1.48,1776
2025-07-11,2,玉舍国家森林公园,2300,forest,19.2,23.7,15.7,4.7,0.0,53,中雨,0,,0,0,5,0.8,1.077,1.0,1.467,1509
2025-07-11,3,乌蒙大草原,2857,grassland,19.2,23.7,15.7,4.7,0.0,53,中雨,0,,0,0,5,0.8,1.095,1.0,1.541,2324
2025-07-11,4,水城古镇,1800,ancient_town,19.2,23.7,15.7,4.7,0.0,53,中雨,0,,0,0,5,0.94,1.06,1.0,1.4,1391
2025-07-11,5,明湖国家湿地公园,1750,wetland,19.2,23.7,15.7,4.7,0.0,53,中雨,0,,0,0,5,0.64,1.058,1.0,1.393,865
2025-07-12,1,梅花山风景区,2400,mountain,19.3,23.7,16.0,5.5,0.0,61,小雨,0,,1,0,6,0.8,1.08,1.6,1.48,3147
2025-07-12,2,玉舍国家森林公园,2300,forest,19.3,23.7,16.0,5.5,0.0,61,小雨,0,,1,0,6,0.8,1.077,1.6,1.467,2627
2025-07-12,3,乌蒙大草原,2857,grassland,19.3,23.7,16.0,5.5,0.0,61,小雨,0,,1,0,6,0.8,1.095,1.6,1.541,3791
2025-07-12,4,水城古镇,1800,ancient_town,19.3,23.7,16.0,5.5,0.0,61,小雨,0,,1,0,6,0.94,1.06,1.6,1.4,2199
2025-07-12,5,明湖国家湿地公园,1750,wetland,19.3,23.7,16.0,5.5,0.0,61,小雨,0,,1,0,6,0.64,1.058,1.6,1.393,1398
2025-07-13,1,梅花山风景区,2400,mountain,19.8,25.4,14.9,3.3,0.0,61,小雨,0,,1,0,7,0.8,1.08,1.6,1.48,3216
2025-07-13,2,玉舍国家森林公园,2300,forest,19.8,25.4,14.9,3.3,0.0,61,小雨,0,,1,0,7,0.8,1.077,1.6,1.467,2300
2025-07-13,3,乌蒙大草原,2857,grassland,19.8,25.4,14.9,3.3,0.0,61,小雨,0,,1,0,7,0.8,1.095,1.6,1.541,4021
2025-07-13,4,水城古镇,1800,ancient_town,19.8,25.4,14.9,3.3,0.0,61,小雨,0,,1,0,7,0.94,1.06,1.6,1.4,2306
2025-07-13,5,明湖国家湿地公园,1750,wetland,19.8,25.4,14.9,3.3,0.0,61,小雨,0,,1,0,7,0.64,1.058,1.6,1.393,1348
2025-07-14,1,梅花山风景区,2400,mountain,20.0,25.8,14.9,4.0,0.0,63,中雨,0,,0,0,1,0.8,1.08,1.0,1.48,1891
2025-07-14,2,玉舍国家森林公园,2300,forest,20.0,25.8,14.9,4.0,0.0,63,中雨,0,,0,0,1,0.8,1.077,1.0,1.467,1571
2025-07-14,3,乌蒙大草原,2857,grassland,20.0,25.8,14.9,4.0,0.0,63,中雨,0,,0,0,1,0.8,1.095,1.0,1.541,2482
2025-07-14,4,水城古镇,1800,ancient_town,20.0,25.8,14.9,4.0,0.0,63,中雨,0,,0,0,1,0.94,1.06,1.0,1.4,1422
2025-07-14,5,明湖国家湿地公园,1750,wetland,20.0,25.8,14.9,4.0,0.0,63,中雨,0,,0,0,1,0.64,1.058,1.0,1.393,818
2025-07-15,1,梅花山风景区,2400,mountain,20.8,27.0,14.4,0.7,0.0,51,小雨,0,,0,0,2,1.0,1.08,1.0,1.48,2191
2025-07-15,2,玉舍国家森林公园,2300,forest,20.8,27.0,14.4,0.7,0.0,51,小雨,0,,0,0,2,1.0,1.077,1.0,1.467,1886
2025-07-15,3,乌蒙大草原,2857,grassland,20.8,27.0,14.4,0.7,0.0,51,小雨,0,,0,0,2,1.0,1.095,1.0,1.541,2996
2025-07-15,4,水城古镇,1800,ancient_town,20.8,27.0,14.4,0.7,0.0,51,小雨,0,,0,0,2,1.0,1.06,1.0,1.4,1517
2025-07-15,5,明湖国家湿地公园,1750,wetland,20.8,27.0,14.4,0.7,0.0,51,小雨,0,,0,0,2,1.0,1.058,1.0,1.393,1276
2025-07-16,1,梅花山风景区,2400,mountain,21.3,26.6,15.7,0.8,0.0,51,小雨,0,,0,0,3,1.0,1.08,1.0,1.48,2473
2025-07-16,2,玉舍国家森林公园,2300,forest,21.3,26.6,15.7,0.8,0.0,51,小雨,0,,0,0,3,1.0,1.077,1.0,1.467,1933
2025-07-16,3,乌蒙大草原,2857,grassland,21.3,26.6,15.7,0.8,0.0,51,小雨,0,,0,0,3,1.0,1.095,1.0,1.541,2925
2025-07-16,4,水城古镇,1800,ancient_town,21.3,26.6,15.7,0.8,0.0,51,小雨,0,,0,0,3,1.0,1.06,1.0,1.4,1554
2025-07-16,5,明湖国家湿地公园,1750,wetland,21.3,26.6,15.7,0.8,0.0,51,小雨,0,,0,0,3,1.0,1.058,1.0,1.393,1304
2025-07-17,1,梅花山风景区,2400,mountain,21.9,27.8,16.3,1.1,0.0,53,中雨,0,,0,0,4,1.0,1.08,1.0,1.48,2314
2025-07-17,2,玉舍国家森林公园,2300,forest,21.9,27.8,16.3,1.1,0.0,53,中雨,0,,0,0,4,1.0,1.077,1.0,1.467,1918
2025-07-17,3,乌蒙大草原,2857,grassland,21.9,27.8,16.3,1.1,0.0,53,中雨,0,,0,0,4,1.0,1.095,1.0,1.541,3035
2025-07-17,4,水城古镇,1800,ancient_town,21.9,27.8,16.3,1.1,0.0,53,中雨,0,,0,0,4,1.0,1.06,1.0,1.4,1416
2025-07-17,5,明湖国家湿地公园,1750,wetland,21.9,27.8,16.3,1.1,0.0,53,中雨,0,,0,0,4,1.0,1.058,1.0,1.393,1368
2025-07-18,1,梅花山风景区,2400,mountain,21.2,26.2,16.9,5.8,0.0,63,中雨,0,,0,0,5,0.8,1.08,1.0,1.48,1917
2025-07-18,2,玉舍国家森林公园,2300,forest,21.2,26.2,16.9,5.8,0.0,63,中雨,0,,0,0,5,0.8,1.077,1.0,1.467,1458
2025-07-18,3,乌蒙大草原,2857,grassland,21.2,26.2,16.9,5.8,0.0,63,中雨,0,,0,0,5,0.8,1.095,1.0,1.541,2217
2025-07-18,4,水城古镇,1800,ancient_town,21.2,26.2,16.9,5.8,0.0,63,中雨,0,,0,0,5,0.94,1.06,1.0,1.4,1424
2025-07-18,5,明湖国家湿地公园,1750,wetland,21.2,26.2,16.9,5.8,0.0,63,中雨,0,,0,0,5,0.64,1.058,1.0,1.393,853
2025-07-19,1,梅花山风景区,2400,mountain,20.6,26.0,17.1,9.3,0.0,63,中雨,0,,1,0,6,0.8,1.08,1.6,1.48,3087
2025-07-19,2,玉舍国家森林公园,2300,forest,20.6,26.0,17.1,9.3,0.0,63,中雨,0,,1,0,6,0.8,1.077,1.6,1.467,2592
2025-07-19,3,乌蒙大草原,2857,grassland,20.6,26.0,17.1,9.3,0.0,63,中雨,0,,1,0,6,0.8,1.095,1.6,1.541,3404
2025-07-19,4,水城古镇,1800,ancient_town,20.6,26.0,17.1,9.3,0.0,63,中雨,0,,1,0,6,0.94,1.06,1.6,1.4,2373
2025-07-19,5,明湖国家湿地公园,1750,wetland,20.6,26.0,17.1,9.3,0.0,63,中雨,0,,1,0,6,0.64,1.058,1.6,1.393,1451
2025-07-20,1,梅花山风景区,2400,mountain,20.1,23.7,16.5,3.2,0.0,55,大雨,0,,1,0,7,0.8,1.08,1.6,1.48,2918
2025-07-20,2,玉舍国家森林公园,2300,forest,20.1,23.7,16.5,3.2,0.0,55,大雨,0,,1,0,7,0.8,1.077,1.6,1.467,2548
2025-07-20,3,乌蒙大草原,2857,grassland,20.1,23.7,16.5,3.2,0.0,55,大雨,0,,1,0,7,0.8,1.095,1.6,1.541,3730
2025-07-20,4,水城古镇,1800,ancient_town,20.1,23.7,16.5,3.2,0.0,55,大雨,0,,1,0,7,0.94,1.06,1.6,1.4,2115
2025-07-20,5,明湖国家湿地公园,1750,wetland,20.1,23.7,16.5,3.2,0.0,55,大雨,0,,1,0,7,0.64,1.058,1.6,1.393,1352
2025-07-21,1,梅花山风景区,2400,mountain,19.7,23.4,17.5,4.9,0.0,55,大雨,0,,0,0,1,0.8,1.08,1.0,1.48,2093
2025-07-21,2,玉舍国家森林公园,2300,forest,19.7,23.4,17.5,4.9,0.0,55,大雨,0,,0,0,1,0.8,1.077,1.0,1.467,1543
2025-07-21,3,乌蒙大草原,2857,grassland,19.7,23.4,17.5,4.9,0.0,55,大雨,0,,0,0,1,0.8,1.095,1.0,1.541,2436
2025-07-21,4,水城古镇,1800,ancient_town,19.7,23.4,17.5,4.9,0.0,55,大雨,0,,0,0,1,0.94,1.06,1.0,1.4,1456
2025-07-21,5,明湖国家湿地公园,1750,wetland,19.7,23.4,17.5,4.9,0.0,55,大雨,0,,0,0,1,0.64,1.058,1.0,1.393,822
2025-07-22,1,梅花山风景区,2400,mountain,19.5,23.0,17.7,14.0,0.0,63,中雨,0,,0,0,2,0.55,1.08,1.0,1.48,1417
2025-07-22,2,玉舍国家森林公园,2300,forest,19.5,23.0,17.7,14.0,0.0,63,中雨,0,,0,0,2,0.55,1.077,1.0,1.467,1124
2025-07-22,3,乌蒙大草原,2857,grassland,19.5,23.0,17.7,14.0,0.0,63,中雨,0,,0,0,2,0.55,1.095,1.0,1.541,1706
2025-07-22,4,水城古镇,1800,ancient_town,19.5,23.0,17.7,14.0,0.0,63,中雨,0,,0,0,2,0.865,1.06,1.0,1.4,1233
2025-07-22,5,明湖国家湿地公园,1750,wetland,19.5,23.0,17.7,14.0,0.0,63,中雨,0,,0,0,2,0.44,1.058,1.0,1.393,615
2025-07-23,1,梅花山风景区,2400,mountain,18.8,22.0,17.4,21.6,0.0,63,中雨,0,,0,0,3,0.3,1.08,1.0,1.48,729
2025-07-23,2,玉舍国家森林公园,2300,forest,18.8,22.0,17.4,21.6,0.0,63,中雨,0,,0,0,3,0.3,1.077,1.0,1.467,586
2025-07-23,3,乌蒙大草原,2857,grassland,18.8,22.0,17.4,21.6,0.0,63,中雨,0,,0,0,3,0.3,1.095,1.0,1.541,963
2025-07-23,4,水城古镇,1800,ancient_town,18.8,22.0,17.4,21.6,0.0,63,中雨,0,,0,0,3,0.79,1.06,1.0,1.4,1197
2025-07-23,5,明湖国家湿地公园,1750,wetland,18.8,22.0,17.4,21.6,0.0,63,中雨,0,,0,0,3,0.24,1.058,1.0,1.393,304
2025-07-24,1,梅花山风景区,2400,mountain,19.3,23.2,17.3,8.5,0.0,55,大雨,0,,0,0,4,0.8,1.08,1.0,1.48,2061
2025-07-24,2,玉舍国家森林公园,2300,forest,19.3,23.2,17.3,8.5,0.0,55,大雨,0,,0,0,4,0.8,1.077,1.0,1.467,1537
2025-07-24,3,乌蒙大草原,2857,grassland,19.3,23.2,17.3,8.5,0.0,55,大雨,0,,0,0,4,0.8,1.095,1.0,1.541,2469
2025-07-24,4,水城古镇,1800,ancient_town,19.3,23.2,17.3,8.5,0.0,55,大雨,0,,0,0,4,0.94,1.06,1.0,1.4,1437
2025-07-24,5,明湖国家湿地公园,1750,wetland,19.3,23.2,17.3,8.5,0.0,55,大雨,0,,0,0,4,0.64,1.058,1.0,1.393,862
2025-07-25,1,梅花山风景区,2400,mountain,20.1,24.5,17.6,4.7,0.0,61,小雨,0,,0,0,5,0.8,1.08,1.0,1.48,1989
2025-07-25,2,玉舍国家森林公园,2300,forest,20.1,24.5,17.6,4.7,0.0,61,小雨,0,,0,0,5,0.8,1.077,1.0,1.467,1530
2025-07-25,3,乌蒙大草原,2857,grassland,20.1,24.5,17.6,4.7,0.0,61,小雨,0,,0,0,5,0.8,1.095,1.0,1.541,2408
2025-07-25,4,水城古镇,1800,ancient_town,20.1,24.5,17.6,4.7,0.0,61,小雨,0,,0,0,5,0.94,1.06,1.0,1.4,1356
2025-07-25,5,明湖国家湿地公园,1750,wetland,20.1,24.5,17.6,4.7,0.0,61,小雨,0,,0,0,5,0.64,1.058,1.0,1.393,827
2025-07-26,1,梅花山风景区,2400,mountain,19.9,24.6,17.1,9.5,0.0,63,中雨,0,,1,0,6,0.8,1.08,1.6,1.48,3024
2025-07-26,2,玉舍国家森林公园,2300,forest,19.9,24.6,17.1,9.5,0.0,63,中雨,0,,1,0,6,0.8,1.077,1.6,1.467,2545
2025-07-26,3,乌蒙大草原,2857,grassland,19.9,24.6,17.1,9.5,0.0,63,中雨,0,,1,0,6,0.8,1.095,1.6,1.541,3822
2025-07-26,4,水城古镇,1800,ancient_town,19.9,24.6,17.1,9.5,0.0,63,中雨,0,,1,0,6,0.94,1.06,1.6,1.4,2219
2025-07-26,5,明湖国家湿地公园,1750,wetland,19.9,24.6,17.1,9.5,0.0,63,中雨,0,,1,0,6,0.64,1.058,1.6,1.393,1352
2025-07-27,1,梅花山风景区,2400,mountain,19.3,25.4,14.7,5.2,0.0,63,中雨,0,,1,0,7,0.8,1.08,1.6,1.48,3150
2025-07-27,2,玉舍国家森林公园,2300,forest,19.3,25.4,14.7,5.2,0.0,63,中雨,0,,1,0,7,0.8,1.077,1.6,1.467,2504
2025-07-27,3,乌蒙大草原,2857,grassland,19.3,25.4,14.7,5.2,0.0,63,中雨,0,,1,0,7,0.8,1.095,1.6,1.541,4272
2025-07-27,4,水城古镇,1800,ancient_town,19.3,25.4,14.7,5.2,0.0,63,中雨,0,,1,0,7,0.94,1.06,1.6,1.4,2076
2025-07-27,5,明湖国家湿地公园,1750,wetland,19.3,25.4,14.7,5.2,0.0,63,中雨,0,,1,0,7,0.64,1.058,1.6,1.393,1343
2025-07-28,1,梅花山风景区,2400,mountain,20.5,26.8,14.3,0.0,0.0,2,多云,0,,0,0,1,1.0,1.08,1.0,1.48,2466
2025-07-28,2,玉舍国家森林公园,2300,forest,20.5,26.8,14.3,0.0,0.0,2,多云,0,,0,0,1,1.0,1.077,1.0,1.467,1735
2025-07-28,3,乌蒙大草原,2857,grassland,20.5,26.8,14.3,0.0,0.0,2,多云,0,,0,0,1,1.0,1.095,1.0,1.541,3302
2025-07-28,4,水城古镇,1800,ancient_town,20.5,26.8,14.3,0.0,0.0,2,多云,0,,0,0,1,1.0,1.06,1.0,1.4,1475
2025-07-28,5,明湖国家湿地公园,1750,wetland,20.5,26.8,14.3,0.0,0.0,2,多云,0,,0,0,1,1.0,1.058,1.0,1.393,1274
2025-07-29,1,梅花山风景区,2400,mountain,21.2,27.1,15.2,3.9,0.0,63,中雨,0,,0,0,2,0.8,1.08,1.0,1.48,2011
2025-07-29,2,玉舍国家森林公园,2300,forest,21.2,27.1,15.2,3.9,0.0,63,中雨,0,,0,0,2,0.8,1.077,1.0,1.467,1349
2025-07-29,3,乌蒙大草原,2857,grassland,21.2,27.1,15.2,3.9,0.0,63,中雨,0,,0,0,2,0.8,1.095,1.0,1.541,2456
2025-07-29,4,水城古镇,1800,ancient_town,21.2,27.1,15.2,3.9,0.0,63,中雨,0,,0,0,2,0.94,1.06,1.0,1.4,1325
2025-07-29,5,明湖国家湿地公园,1750,wetland,21.2,27.1,15.2,3.9,0.0,63,中雨,0,,0,0,2,0.64,1.058,1.0,1.393,848
2025-07-30,1,梅花山风景区,2400,mountain,20.7,27.2,15.7,15.6,0.0,65,大雨,0,,0,0,3,0.55,1.08,1.0,1.48,1343
2025-07-30,2,玉舍国家森林公园,2300,forest,20.7,27.2,15.7,15.6,0.0,65,大雨,0,,0,0,3,0.55,1.077,1.0,1.467,1083
2025-07-30,3,乌蒙大草原,2857,grassland,20.7,27.2,15.7,15.6,0.0,65,大雨,0,,0,0,3,0.55,1.095,1.0,1.541,1705
2025-07-30,4,水城古镇,1800,ancient_town,20.7,27.2,15.7,15.6,0.0,65,大雨,0,,0,0,3,0.865,1.06,1.0,1.4,1417
2025-07-30,5,明湖国家湿地公园,1750,wetland,20.7,27.2,15.7,15.6,0.0,65,大雨,0,,0,0,3,0.44,1.058,1.0,1.393,585
2025-07-31,1,梅花山风景区,2400,mountain,20.4,25.8,16.3,2.9,0.0,61,小雨,0,,0,0,4,0.8,1.08,1.0,1.48,1885
2025-07-31,2,玉舍国家森林公园,2300,forest,20.4,25.8,16.3,2.9,0.0,61,小雨,0,,0,0,4,0.8,1.077,1.0,1.467,1608
2025-07-31,3,乌蒙大草原,2857,grassland,20.4,25.8,16.3,2.9,0.0,61,小雨,0,,0,0,4,0.8,1.095,1.0,1.541,2422
2025-07-31,4,水城古镇,1800,ancient_town,20.4,25.8,16.3,2.9,0.0,61,小雨,0,,0,0,4,0.94,1.06,1.0,1.4,1424
2025-07-31,5,明湖国家湿地公园,1750,wetland,20.4,25.8,16.3,2.9,0.0,61,小雨,0,,0,0,4,0.64,1.058,1.0,1.393,682
2025-08-01,1,梅花山风景区,2400,mountain,20.3,25.9,14.0,0.3,0.0,51,小雨,0,,0,0,5,1.0,1.08,1.0,1.48,2451
2025-08-01,2,玉舍国家森林公园,2300,forest,20.3,25.9,14.0,0.3,0.0,51,小雨,0,,0,0,5,1.0,1.077,1.0,1.467,1887
2025-08-01,3,乌蒙大草原,2857,grassland,20.3,25.9,14.0,0.3,0.0,51,小雨,0,,0,0,5,1.0,1.095,1.0,1.541,2971
2025-08-01,4,水城古镇,1800,ancient_town,20.3,25.9,14.0,0.3,0.0,51,小雨,0,,0,0,5,1.0,1.06,1.0,1.4,1435
2025-08-01,5,明湖国家湿地公园,1750,wetland,20.3,25.9,14.0,0.3,0.0,51,小雨,0,,0,0,5,1.0,1.058,1.0,1.393,1387
2025-08-02,1,梅花山风景区,2400,mountain,21.4,28.5,15.1,0.1,0.0,51,小雨,0,,1,0,6,1.0,1.08,1.6,1.48,3444
2025-08-02,2,玉舍国家森林公园,2300,forest,21.4,28.5,15.1,0.1,0.0,51,小雨,0,,1,0,6,1.0,1.077,1.6,1.467,3509
2025-08-02,3,乌蒙大草原,2857,grassland,21.4,28.5,15.1,0.1,0.0,51,小雨,0,,1,0,6,1.0,1.095,1.6,1.541,5141
2025-08-02,4,水城古镇,1800,ancient_town,21.4,28.5,15.1,0.1,0.0,51,小雨,0,,1,0,6,1.0,1.06,1.6,1.4,2418
2025-08-02,5,明湖国家湿地公园,1750,wetland,21.4,28.5,15.1,0.1,0.0,51,小雨,0,,1,0,6,1.0,1.058,1.6,1.393,2325
2025-08-03,1,梅花山风景区,2400,mountain,22.2,28.6,16.5,0.5,0.0,51,小雨,0,,1,0,7,0.9,1.08,1.6,1.48,3499
2025-08-03,2,玉舍国家森林公园,2300,forest,22.2,28.6,16.5,0.5,0.0,51,小雨,0,,1,0,7,0.9,1.077,1.6,1.467,2606
2025-08-03,3,乌蒙大草原,2857,grassland,22.2,28.6,16.5,0.5,0.0,51,小雨,0,,1,0,7,0.9,1.095,1.6,1.541,4599
2025-08-03,4,水城古镇,1800,ancient_town,22.2,28.6,16.5,0.5,0.0,51,小雨,0,,1,0,7,0.95,1.06,1.6,1.4,2071
2025-08-03,5,明湖国家湿地公园,1750,wetland,22.2,28.6,16.5,0.5,0.0,51,小雨,0,,1,0,7,0.9,1.058,1.6,1.393,1968
2025-08-04,1,梅花山风景区,2400,mountain,22.1,28.0,18.7,2.5,0.0,55,大雨,0,,0,0,1,0.72,1.08,1.0,1.48,1829
2025-08-04,2,玉舍国家森林公园,2300,forest,22.1,28.0,18.7,2.5,0.0,55,大雨,0,,0,0,1,0.72,1.077,1.0,1.467,1400
2025-08-04,3,乌蒙大草原,2857,grassland,22.1,28.0,18.7,2.5,0.0,55,大雨,0,,0,0,1,0.72,1.095,1.0,1.541,2028
2025-08-04,4,水城古镇,1800,ancient_town,22.1,28.0,18.7,2.5,0.0,55,大雨,0,,0,0,1,0.893,1.06,1.0,1.4,1338
2025-08-04,5,明湖国家湿地公园,1750,wetland,22.1,28.0,18.7,2.5,0.0,55,大雨,0,,0,0,1,0.576,1.058,1.0,1.393,759
2025-08-05,1,梅花山风景区,2400,mountain,21.1,26.8,17.1,13.5,0.0,63,中雨,0,,0,0,2,0.55,1.08,1.0,1.48,1269
2025-08-05,2,玉舍国家森林公园,2300,forest,21.1,26.8,17.1,13.5,0.0,63,中雨,0,,0,0,2,0.55,1.077,1.0,1.467,921
2025-08-05,3,乌蒙大草原,2857,grassland,21.1,26.8,17.1,13.5,0.0,63,中雨,0,,0,0,2,0.55,1.095,1.0,1.541,1571
2025-08-05,4,水城古镇,1800,ancient_town,21.1,26.8,17.1,13.5,0.0,63,中雨,0,,0,0,2,0.865,1.06,1.0,1.4,1251
2025-08-05,5,明湖国家湿地公园,1750,wetland,21.1,26.8,17.1,13.5,0.0,63,中雨,0,,0,0,2,0.44,1.058,1.0,1.393,616
2025-08-06,1,梅花山风景区,2400,mountain,20.2,25.5,16.5,33.2,0.0,63,中雨,0,,0,0,3,0.3,1.08,1.0,1.48,818
2025-08-06,2,玉舍国家森林公园,2300,forest,20.2,25.5,16.5,33.2,0.0,63,中雨,0,,0,0,3,0.3,1.077,1.0,1.467,592
2025-08-06,3,乌蒙大草原,2857,grassland,20.2,25.5,16.5,33.2,0.0,63,中雨,0,,0,0,3,0.3,1.095,1.0,1.541,875
2025-08-06,4,水城古镇,1800,ancient_town,20.2,25.5,16.5,33.2,0.0,63,中雨,0,,0,0,3,0.79,1.06,1.0,1.4,1147
2025-08-06,5,明湖国家湿地公园,1750,wetland,20.2,25.5,16.5,33.2,0.0,63,中雨,0,,0,0,3,0.24,1.058,1.0,1.393,335
2025-08-07,1,梅花山风景区,2400,mountain,20.2,24.9,16.8,8.9,0.0,63,中雨,0,,0,0,4,0.8,1.08,1.0,1.48,1976
2025-08-07,2,玉舍国家森林公园,2300,forest,20.2,24.9,16.8,8.9,0.0,63,中雨,0,,0,0,4,0.8,1.077,1.0,1.467,1545
2025-08-07,3,乌蒙大草原,2857,grassland,20.2,24.9,16.8,8.9,0.0,63,中雨,0,,0,0,4,0.8,1.095,1.0,1.541,2459
2025-08-07,4,水城古镇,1800,ancient_town,20.2,24.9,16.8,8.9,0.0,63,中雨,0,,0,0,4,0.94,1.06,1.0,1.4,1478
2025-08-07,5,明湖国家湿地公园,1750,wetland,20.2,24.9,16.8,8.9,0.0,63,中雨,0,,0,0,4,0.64,1.058,1.0,1.393,944
2025-08-08,1,梅花山风景区,2400,mountain,20.8,26.4,16.7,1.8,0.0,55,大雨,0,,0,0,5,1.0,1.08,1.0,1.48,2398
2025-08-08,2,玉舍国家森林公园,2300,forest,20.8,26.4,16.7,1.8,0.0,55,大雨,0,,0,0,5,1.0,1.077,1.0,1.467,1909
2025-08-08,3,乌蒙大草原,2857,grassland,20.8,26.4,16.7,1.8,0.0,55,大雨,0,,0,0,5,1.0,1.095,1.0,1.541,3114
2025-08-08,4,水城古镇,1800,ancient_town,20.8,26.4,16.7,1.8,0.0,55,大雨,0,,0,0,5,1.0,1.06,1.0,1.4,1449
2025-08-08,5,明湖国家湿地公园,1750,wetland,20.8,26.4,16.7,1.8,0.0,55,大雨,0,,0,0,5,1.0,1.058,1.0,1.393,1181
2025-08-09,1,梅花山风景区,2400,mountain,21.8,27.7,17.8,0.7,0.0,53,中雨,0,,1,0,6,1.0,1.08,1.6,1.48,3930
2025-08-09,2,玉舍国家森林公园,2300,forest,21.8,27.7,17.8,0.7,0.0,53,中雨,0,,1,0,6,1.0,1.077,1.6,1.467,2920
2025-08-09,3,乌蒙大草原,2857,grassland,21.8,27.7,17.8,0.7,0.0,53,中雨,0,,1,0,6,1.0,1.095,1.6,1.541,5180
2025-08-09,4,水城古镇,1800,ancient_town,21.8,27.7,17.8,0.7,0.0,53,中雨,0,,1,0,6,1.0,1.06,1.6,1.4,2396
2025-08-09,5,明湖国家湿地公园,1750,wetland,21.8,27.7,17.8,0.7,0.0,53,中雨,0,,1,0,6,1.0,1.058,1.6,1.393,2282
2025-08-10,1,梅花山风景区,2400,mountain,22.0,27.5,18.5,1.6,0.0,53,中雨,0,,1,0,7,0.9,1.08,1.6,1.48,3304
2025-08-10,2,玉舍国家森林公园,2300,forest,22.0,27.5,18.5,1.6,0.0,53,中雨,0,,1,0,7,0.9,1.077,1.6,1.467,2883
2025-08-10,3,乌蒙大草原,2857,grassland,22.0,27.5,18.5,1.6,0.0,53,中雨,0,,1,0,7,0.9,1.095,1.6,1.541,4017
2025-08-10,4,水城古镇,1800,ancient_town,22.0,27.5,18.5,1.6,0.0,53,中雨,0,,1,0,7,0.95,1.06,1.6,1.4,2361
2025-08-10,5,明湖国家湿地公园,1750,wetland,22.0,27.5,18.5,1.6,0.0,53,中雨,0,,1,0,7,0.9,1.058,1.6,1.393,1888
2025-08-11,1,梅花山风景区,2400,mountain,19.8,22.8,17.2,8.4,0.0,61,小雨,0,,0,0,1,0.8,1.08,1.0,1.48,2007
2025-08-11,2,玉舍国家森林公园,2300,forest,19.8,22.8,17.2,8.4,0.0,61,小雨,0,,0,0,1,0.8,1.077,1.0,1.467,1488
2025-08-11,3,乌蒙大草原,2857,grassland,19.8,22.8,17.2,8.4,0.0,61,小雨,0,,0,0,1,0.8,1.095,1.0,1.541,2513
2025-08-11,4,水城古镇,1800,ancient_town,19.8,22.8,17.2,8.4,0.0,61,小雨,0,,0,0,1,0.94,1.06,1.0,1.4,1430
2025-08-11,5,明湖国家湿地公园,1750,wetland,19.8,22.8,17.2,8.4,0.0,61,小雨,0,,0,0,1,0.64,1.058,1.0,1.393,865
2025-08-12,1,梅花山风景区,2400,mountain,19.5,23.2,16.1,0.6,0.0,51,小雨,0,,0,0,2,1.0,1.08,1.0,1.48,2450
2025-08-12,2,玉舍国家森林公园,2300,forest,19.5,23.2,16.1,0.6,0.0,51,小雨,0,,0,0,2,1.0,1.077,1.0,1.467,2054
2025-08-12,3,乌蒙大草原,2857,grassland,19.5,23.2,16.1,0.6,0.0,51,小雨,0,,0,0,2,1.0,1.095,1.0,1.541,2952
2025-08-12,4,水城古镇,1800,ancient_town,19.5,23.2,16.1,0.6,0.0,51,小雨,0,,0,0,2,1.0,1.06,1.0,1.4,1588
2025-08-12,5,明湖国家湿地公园,1750,wetland,19.5,23.2,16.1,0.6,0.0,51,小雨,0,,0,0,2,1.0,1.058,1.0,1.393,1303
2025-08-13,1,梅花山风景区,2400,mountain,20.4,25.4,15.5,0.1,0.0,51,小雨,0,,0,0,3,1.0,1.08,1.0,1.48,2542
2025-08-13,2,玉舍国家森林公园,2300,forest,20.4,25.4,15.5,0.1,0.0,51,小雨,0,,0,0,3,1.0,1.077,1.0,1.467,2116
2025-08-13,3,乌蒙大草原,2857,grassland,20.4,25.4,15.5,0.1,0.0,51,小雨,0,,0,0,3,1.0,1.095,1.0,1.541,2916
2025-08-13,4,水城古镇,1800,ancient_town,20.4,25.4,15.5,0.1,0.0,51,小雨,0,,0,0,3,1.0,1.06,1.0,1.4,1324
2025-08-13,5,明湖国家湿地公园,1750,wetland,20.4,25.4,15.5,0.1,0.0,51,小雨,0,,0,0,3,1.0,1.058,1.0,1.393,1338
2025-08-14,1,梅花山风景区,2400,mountain,20.4,26.2,14.9,0.2,0.0,51,小雨,0,,0,0,4,1.0,1.08,1.0,1.48,2314
2025-08-14,2,玉舍国家森林公园,2300,forest,20.4,26.2,14.9,0.2,0.0,51,小雨,0,,0,0,4,1.0,1.077,1.0,1.467,1845
2025-08-14,3,乌蒙大草原,2857,grassland,20.4,26.2,14.9,0.2,0.0,51,小雨,0,,0,0,4,1.0,1.095,1.0,1.541,2987
2025-08-14,4,水城古镇,1800,ancient_town,20.4,26.2,14.9,0.2,0.0,51,小雨,0,,0,0,4,1.0,1.06,1.0,1.4,1444
2025-08-14,5,明湖国家湿地公园,1750,wetland,20.4,26.2,14.9,0.2,0.0,51,小雨,0,,0,0,4,1.0,1.058,1.0,1.393,1422
2025-08-15,1,梅花山风景区,2400,mountain,18.9,24.4,16.1,18.4,0.0,65,大雨,0,,0,0,5,0.55,1.08,1.0,1.48,1392
2025-08-15,2,玉舍国家森林公园,2300,forest,18.9,24.4,16.1,18.4,0.0,65,大雨,0,,0,0,5,0.55,1.077,1.0,1.467,1102
2025-08-15,3,乌蒙大草原,2857,grassland,18.9,24.4,16.1,18.4,0.0,65,大雨,0,,0,0,5,0.55,1.095,1.0,1.541,1863
2025-08-15,4,水城古镇,1800,ancient_town,18.9,24.4,16.1,18.4,0.0,65,大雨,0,,0,0,5,0.865,1.06,1.0,1.4,1234
2025-08-15,5,明湖国家湿地公园,1750,wetland,18.9,24.4,16.1,18.4,0.0,65,大雨,0,,0,0,5,0.44,1.058,1.0,1.393,511
2025-08-16,1,梅花山风景区,2400,mountain,18.1,22.5,16.2,12.0,0.0,63,中雨,0,,1,0,6,0.55,1.08,1.6,1.48,2323
2025-08-16,2,玉舍国家森林公园,2300,forest,18.1,22.5,16.2,12.0,0.0,63,中雨,0,,1,0,6,0.55,1.077,1.6,1.467,1688
2025-08-16,3,乌蒙大草原,2857,grassland,18.1,22.5,16.2,12.0,0.0,63,中雨,0,,1,0,6,0.55,1.095,1.6,1.541,2665
2025-08-16,4,水城古镇,1800,ancient_town,18.1,22.5,16.2,12.0,0.0,63,中雨,0,,1,0,6,0.865,1.06,1.6,1.4,1868
2025-08-16,5,明湖国家湿地公园,1750,wetland,18.1,22.5,16.2,12.0,0.0,63,中雨,0,,1,0,6,0.44,1.058,1.6,1.393,871
2025-08-17,1,梅花山风景区,2400,mountain,19.6,24.7,15.6,0.6,0.0,51,小雨,0,,1,0,7,1.0,1.08,1.6,1.48,3968
2025-08-17,2,玉舍国家森林公园,2300,forest,19.6,24.7,15.6,0.6,0.0,51,小雨,0,,1,0,7,1.0,1.077,1.6,1.467,3010
2025-08-17,3,乌蒙大草原,2857,grassland,19.6,24.7,15.6,0.6,0.0,51,小雨,0,,1,0,7,1.0,1.095,1.6,1.541,4337
2025-08-17,4,水城古镇,1800,ancient_town,19.6,24.7,15.6,0.6,0.0,51,小雨,0,,1,0,7,1.0,1.06,1.6,1.4,2262
2025-08-17,5,明湖国家湿地公园,1750,wetland,19.6,24.7,15.6,0.6,0.0,51,小雨,0,,1,0,7,1.0,1.058,1.6,1.393,2234
2025-08-18,1,梅花山风景区,2400,mountain,19.3,25.0,14.6,0.7,0.0,51,小雨,0,,0,0,1,1.0,1.08,1.0,1.48,2550
2025-08-18,2,玉舍国家森林公园,2300,forest,19.3,25.0,14.6,0.7,0.0,51,小雨,0,,0,0,1,1.0,1.077,1.0,1.467,1915
2025-08-18,3,乌蒙大草原,2857,grassland,19.3,25.0,14.6,0.7,0.0,51,小雨,0,,0,0,1,1.0,1.095,1.0,1.541,3468
2025-08-18,4,水城古镇,1800,ancient_town,19.3,25.0,14.6,0.7,0.0,51,小雨,0,,0,0,1,1.0,1.06,1.0,1.4,1560
2025-08-18,5,明湖国家湿地公园,1750,wetland,19.3,25.0,14.6,0.7,0.0,51,小雨,0,,0,0,1,1.0,1.058,1.0,1.393,1447
2025-08-19,1,梅花山风景区,2400,mountain,18.7,23.4,14.5,0.9,0.0,51,小雨,0,,0,0,2,1.0,1.08,1.0,1.48,2557
2025-08-19,2,玉舍国家森林公园,2300,forest,18.7,23.4,14.5,0.9,0.0,51,小雨,0,,0,0,2,1.0,1.077,1.0,1.467,1973
2025-08-19,3,乌蒙大草原,2857,grassland,18.7,23.4,14.5,0.9,0.0,51,小雨,0,,0,0,2,1.0,1.095,1.0,1.541,2834
2025-08-19,4,水城古镇,1800,ancient_town,18.7,23.4,14.5,0.9,0.0,51,小雨,0,,0,0,2,1.0,1.06,1.0,1.4,1365
2025-08-19,5,明湖国家湿地公园,1750,wetland,18.7,23.4,14.5,0.9,0.0,51,小雨,0,,0,0,2,1.0,1.058,1.0,1.393,1277
2025-08-20,1,梅花山风景区,2400,mountain,19.8,25.2,17.0,6.2,0.0,63,中雨,0,,0,0,3,0.8,1.08,1.0,1.48,1942
2025-08-20,2,玉舍国家森林公园,2300,forest,19.8,25.2,17.0,6.2,0.0,63,中雨,0,,0,0,3,0.8,1.077,1.0,1.467,1516
2025-08-20,3,乌蒙大草原,2857,grassland,19.8,25.2,17.0,6.2,0.0,63,中雨,0,,0,0,3,0.8,1.095,1.0,1.541,2475
2025-08-20,4,水城古镇,1800,ancient_town,19.8,25.2,17.0,6.2,0.0,63,中雨,0,,0,0,3,0.94,1.06,1.0,1.4,1393
2025-08-20,5,明湖国家湿地公园,1750,wetland,19.8,25.2,17.0,6.2,0.0,63,中雨,0,,0,0,3,0.64,1.058,1.0,1.393,869
2025-08-21,1,梅花山风景区,2400,mountain,18.6,22.2,17.1,18.0,0.0,65,大雨,0,,0,0,4,0.55,1.08,1.0,1.48,1383
2025-08-21,2,玉舍国家森林公园,2300,forest,18.6,22.2,17.1,18.0,0.0,65,大雨,0,,0,0,4,0.55,1.077,1.0,1.467,1042
2025-08-21,3,乌蒙大草原,2857,grassland,18.6,22.2,17.1,18.0,0.0,65,大雨,0,,0,0,4,0.55,1.095,1.0,1.541,1646
2025-08-21,4,水城古镇,1800,ancient_town,18.6,22.2,17.1,18.0,0.0,65,大雨,0,,0,0,4,0.865,1.06,1.0,1.4,1115
2025-08-21,5,明湖国家湿地公园,1750,wetland,18.6,22.2,17.1,18.0,0.0,65,大雨,0,,0,0,4,0.44,1.058,1.0,1.393,609
2025-08-22,1,梅花山风景区,2400,mountain,17.9,20.6,16.6,12.1,0.0,63,中雨,0,,0,0,5,0.55,1.08,1.0,1.48,1267
2025-08-22,2,玉舍国家森林公园,2300,forest,17.9,20.6,16.6,12.1,0.0,63,中雨,0,,0,0,5,0.55,1.077,1.0,1.467,994
2025-08-22,3,乌蒙大草原,2857,grassland,17.9,20.6,16.6,12.1,0.0,63,中雨,0,,0,0,5,0.55,1.095,1.0,1.541,1743
2025-08-22,4,水城古镇,1800,ancient_town,17.9,20.6,16.6,12.1,0.0,63,中雨,0,,0,0,5,0.865,1.06,1.0,1.4,1342
2025-08-22,5,明湖国家湿地公园,1750,wetland,17.9,20.6,16.6,12.1,0.0,63,中雨,0,,0,0,5,0.44,1.058,1.0,1.393,603
2025-08-23,1,梅花山风景区,2400,mountain,18.5,22.6,15.9,9.2,0.0,63,中雨,0,,1,0,6,0.8,1.08,1.6,1.48,3215
2025-08-23,2,玉舍国家森林公园,2300,forest,18.5,22.6,15.9,9.2,0.0,63,中雨,0,,1,0,6,0.8,1.077,1.6,1.467,2292
2025-08-23,3,乌蒙大草原,2857,grassland,18.5,22.6,15.9,9.2,0.0,63,中雨,0,,1,0,6,0.8,1.095,1.6,1.541,3843
2025-08-23,4,水城古镇,1800,ancient_town,18.5,22.6,15.9,9.2,0.0,63,中雨,0,,1,0,6,0.94,1.06,1.6,1.4,2170
2025-08-23,5,明湖国家湿地公园,1750,wetland,18.5,22.6,15.9,9.2,0.0,63,中雨,0,,1,0,6,0.64,1.058,1.6,1.393,1476
2025-08-24,1,梅花山风景区,2400,mountain,19.4,24.6,16.1,1.0,0.0,51,小雨,0,,1,0,7,1.0,1.08,1.6,1.48,4001
2025-08-24,2,玉舍国家森林公园,2300,forest,19.4,24.6,16.1,1.0,0.0,51,小雨,0,,1,0,7,1.0,1.077,1.6,1.467,2994
2025-08-24,3,乌蒙大草原,2857,grassland,19.4,24.6,16.1,1.0,0.0,51,小雨,0,,1,0,7,1.0,1.095,1.6,1.541,5065
2025-08-24,4,水城古镇,1800,ancient_town,19.4,24.6,16.1,1.0,0.0,51,小雨,0,,1,0,7,1.0,1.06,1.6,1.4,2418
2025-08-24,5,明湖国家湿地公园,1750,wetland,19.4,24.6,16.1,1.0,0.0,51,小雨,0,,1,0,7,1.0,1.058,1.6,1.393,2110
2025-08-25,1,梅花山风景区,2400,mountain,19.1,23.3,16.0,0.2,0.0,51,小雨,0,,0,0,1,1.0,1.08,1.0,1.48,2453
2025-08-25,2,玉舍国家森林公园,2300,forest,19.1,23.3,16.0,0.2,0.0,51,小雨,0,,0,0,1,1.0,1.077,1.0,1.467,1975
2025-08-25,3,乌蒙大草原,2857,grassland,19.1,23.3,16.0,0.2,0.0,51,小雨,0,,0,0,1,1.0,1.095,1.0,1.541,3016
2025-08-25,4,水城古镇,1800,ancient_town,19.1,23.3,16.0,0.2,0.0,51,小雨,0,,0,0,1,1.0,1.06,1.0,1.4,1391
2025-08-25,5,明湖国家湿地公园,1750,wetland,19.1,23.3,16.0,0.2,0.0,51,小雨,0,,0,0,1,1.0,1.058,1.0,1.393,1350
2025-08-26,1,梅花山风景区,2400,mountain,18.4,23.7,13.3,1.3,0.0,51,小雨,0,,0,0,2,1.0,1.08,1.0,1.48,2365
2025-08-26,2,玉舍国家森林公园,2300,forest,18.4,23.7,13.3,1.3,0.0,51,小雨,0,,0,0,2,1.0,1.077,1.0,1.467,1786
2025-08-26,3,乌蒙大草原,2857,grassland,18.4,23.7,13.3,1.3,0.0,51,小雨,0,,0,0,2,1.0,1.095,1.0,1.541,2921
2025-08-26,4,水城古镇,1800,ancient_town,18.4,23.7,13.3,1.3,0.0,51,小雨,0,,0,0,2,1.0,1.06,1.0,1.4,1465
2025-08-26,5,明湖国家湿地公园,1750,wetland,18.4,23.7,13.3,1.3,0.0,51,小雨,0,,0,0,2,1.0,1.058,1.0,1.393,1328
2025-08-27,1,梅花山风景区,2400,mountain,19.0,23.9,15.6,1.3,0.0,53,中雨,0,,0,0,3,1.0,1.08,1.0,1.48,2464
2025-08-27,2,玉舍国家森林公园,2300,forest,19.0,23.9,15.6,1.3,0.0,53,中雨,0,,0,0,3,1.0,1.077,1.0,1.467,1874
2025-08-27,3,乌蒙大草原,2857,grassland,19.0,23.9,15.6,1.3,0.0,53,中雨,0,,0,0,3,1.0,1.095,1.0,1.541,3106
2025-08-27,4,水城古镇,1800,ancient_town,19.0,23.9,15.6,1.3,0.0,53,中雨,0,,0,0,3,1.0,1.06,1.0,1.4,1456
2025-08-27,5,明湖国家湿地公园,1750,wetland,19.0,23.9,15.6,1.3,0.0,53,中雨,0,,0,0,3,1.0,1.058,1.0,1.393,1363
2025-08-28,1,梅花山风景区,2400,mountain,19.6,24.1,16.6,0.3,0.0,51,小雨,0,,0,0,4,1.0,1.08,1.0,1.48,2445
2025-08-28,2,玉舍国家森林公园,2300,forest,19.6,24.1,16.6,0.3,0.0,51,小雨,0,,0,0,4,1.0,1.077,1.0,1.467,1948
2025-08-28,3,乌蒙大草原,2857,grassland,19.6,24.1,16.6,0.3,0.0,51,小雨,0,,0,0,4,1.0,1.095,1.0,1.541,3256
2025-08-28,4,水城古镇,1800,ancient_town,19.6,24.1,16.6,0.3,0.0,51,小雨,0,,0,0,4,1.0,1.06,1.0,1.4,1463
2025-08-28,5,明湖国家湿地公园,1750,wetland,19.6,24.1,16.6,0.3,0.0,51,小雨,0,,0,0,4,1.0,1.058,1.0,1.393,1221
2025-08-29,1,梅花山风景区,2400,mountain,18.9,23.3,15.4,2.2,0.0,53,中雨,0,,0,0,5,0.8,1.08,1.0,1.48,1910
2025-08-29,2,玉舍国家森林公园,2300,forest,18.9,23.3,15.4,2.2,0.0,53,中雨,0,,0,0,5,0.8,1.077,1.0,1.467,1577
2025-08-29,3,乌蒙大草原,2857,grassland,18.9,23.3,15.4,2.2,0.0,53,中雨,0,,0,0,5,0.8,1.095,1.0,1.541,2433
2025-08-29,4,水城古镇,1800,ancient_town,18.9,23.3,15.4,2.2,0.0,53,中雨,0,,0,0,5,0.94,1.06,1.0,1.4,1417
2025-08-29,5,明湖国家湿地公园,1750,wetland,18.9,23.3,15.4,2.2,0.0,53,中雨,0,,0,0,5,0.64,1.058,1.0,1.393,776
2025-08-30,1,梅花山风景区,2400,mountain,19.2,25.3,13.4,0.2,0.0,51,小雨,0,,1,0,6,1.0,1.08,1.6,1.48,3676
2025-08-30,2,玉舍国家森林公园,2300,forest,19.2,25.3,13.4,0.2,0.0,51,小雨,0,,1,0,6,1.0,1.077,1.6,1.467,3113
2025-08-30,3,乌蒙大草原,2857,grassland,19.2,25.3,13.4,0.2,0.0,51,小雨,0,,1,0,6,1.0,1.095,1.6,1.541,5049
2025-08-30,4,水城古镇,1800,ancient_town,19.2,25.3,13.4,0.2,0.0,51,小雨,0,,1,0,6,1.0,1.06,1.6,1.4,2285
2025-08-30,5,明湖国家湿地公园,1750,wetland,19.2,25.3,13.4,0.2,0.0,51,小雨,0,,1,0,6,1.0,1.058,1.6,1.393,2162
2025-08-31,1,梅花山风景区,2400,mountain,19.1,25.0,15.9,4.8,0.0,63,中雨,0,,1,0,7,0.8,1.08,1.6,1.48,2959
2025-08-31,2,玉舍国家森林公园,2300,forest,19.1,25.0,15.9,4.8,0.0,63,中雨,0,,1,0,7,0.8,1.077,1.6,1.467,2285
2025-08-31,3,乌蒙大草原,2857,grassland,19.1,25.0,15.9,4.8,0.0,63,中雨,0,,1,0,7,0.8,1.095,1.6,1.541,3902
2025-08-31,4,水城古镇,1800,ancient_town,19.1,25.0,15.9,4.8,0.0,63,中雨,0,,1,0,7,0.94,1.06,1.6,1.4,2256
2025-08-31,5,明湖国家湿地公园,1750,wetland,19.1,25.0,15.9,4.8,0.0,63,中雨,0,,1,0,7,0.64,1.058,1.6,1.393,1385
2025-09-01,1,梅花山风景区,2400,mountain,19.6,25.6,14.0,0.1,0.0,51,小雨,0,,0,0,1,1.0,1.08,1.0,1.15,1931
2025-09-01,2,玉舍国家森林公园,2300,forest,19.6,25.6,14.0,0.1,0.0,51,小雨,0,,0,0,1,1.0,1.077,1.0,1.15,1610
2025-09-01,3,乌蒙大草原,2857,grassland,19.6,25.6,14.0,0.1,0.0,51,小雨,0,,0,0,1,1.0,1.095,1.0,1.15,2374
2025-09-01,4,水城古镇,1800,ancient_town,19.6,25.6,14.0,0.1,0.0,51,小雨,0,,0,0,1,1.0,1.06,1.0,1.15,1197
2025-09-01,5,明湖国家湿地公园,1750,wetland,19.6,25.6,14.0,0.1,0.0,51,小雨,0,,0,0,1,1.0,1.058,1.0,1.15,1146
2025-09-02,1,梅花山风景区,2400,mountain,20.8,27.4,15.9,0.3,0.0,51,小雨,0,,0,0,2,1.0,1.08,1.0,1.15,1726
2025-09-02,2,玉舍国家森林公园,2300,forest,20.8,27.4,15.9,0.3,0.0,51,小雨,0,,0,0,2,1.0,1.077,1.0,1.15,1493
2025-09-02,3,乌蒙大草原,2857,grassland,20.8,27.4,15.9,0.3,0.0,51,小雨,0,,0,0,2,1.0,1.095,1.0,1.15,2386
2025-09-02,4,水城古镇,1800,ancient_town,20.8,27.4,15.9,0.3,0.0,51,小雨,0,,0,0,2,1.0,1.06,1.0,1.15,1260
2025-09-02,5,明湖国家湿地公园,1750,wetland,20.8,27.4,15.9,0.3,0.0,51,小雨,0,,0,0,2,1.0,1.058,1.0,1.15,1140
2025-09-03,1,梅花山风景区,2400,mountain,21.3,27.5,17.4,0.6,0.0,51,小雨,0,,0,0,3,1.0,1.08,1.0,1.15,2040
2025-09-03,2,玉舍国家森林公园,2300,forest,21.3,27.5,17.4,0.6,0.0,51,小雨,0,,0,0,3,1.0,1.077,1.0,1.15,1430
2025-09-03,3,乌蒙大草原,2857,grassland,21.3,27.5,17.4,0.6,0.0,51,小雨,0,,0,0,3,1.0,1.095,1.0,1.15,2357
2025-09-03,4,水城古镇,1800,ancient_town,21.3,27.5,17.4,0.6,0.0,51,小雨,0,,0,0,3,1.0,1.06,1.0,1.15,1213
2025-09-03,5,明湖国家湿地公园,1750,wetland,21.3,27.5,17.4,0.6,0.0,51,小雨,0,,0,0,3,1.0,1.058,1.0,1.15,1156
2025-09-04,1,梅花山风景区,2400,mountain,21.7,27.6,17.3,0.1,0.0,51,小雨,0,,0,0,4,1.0,1.08,1.0,1.15,1873
2025-09-04,2,玉舍国家森林公园,2300,forest,21.7,27.6,17.3,0.1,0.0,51,小雨,0,,0,0,4,1.0,1.077,1.0,1.15,1543
2025-09-04,3,乌蒙大草原,2857,grassland,21.7,27.6,17.3,0.1,0.0,51,小雨,0,,0,0,4,1.0,1.095,1.0,1.15,2442
2025-09-04,4,水城古镇,1800,ancient_town,21.7,27.6,17.3,0.1,0.0,51,小雨,0,,0,0,4,1.0,1.06,1.0,1.15,1257
2025-09-04,5,明湖国家湿地公园,1750,wetland,21.7,27.6,17.3,0.1,0.0,51,小雨,0,,0,0,4,1.0,1.058,1.0,1.15,1083
2025-09-05,1,梅花山风景区,2400,mountain,22.2,28.2,17.8,6.2,0.0,63,中雨,0,,0,0,5,0.72,1.08,1.0,1.15,1316
2025-09-05,2,玉舍国家森林公园,2300,forest,22.2,28.2,17.8,6.2,0.0,63,中雨,0,,0,0,5,0.72,1.077,1.0,1.15,1032
2025-09-05,3,乌蒙大草原,2857,grassland,22.2,28.2,17.8,6.2,0.0,63,中雨,0,,0,0,5,0.72,1.095,1.0,1.15,1717
2025-09-05,4,水城古镇,1800,ancient_town,22.2,28.2,17.8,6.2,0.0,63,中雨,0,,0,0,5,0.893,1.06,1.0,1.15,1159
2025-09-05,5,明湖国家湿地公园,1750,wetland,22.2,28.2,17.8,6.2,0.0,63,中雨,0,,0,0,5,0.576,1.058,1.0,1.15,623
2025-09-06,1,梅花山风景区,2400,mountain,19.4,24.5,16.1,17.3,0.0,63,中雨,0,,1,0,6,0.55,1.08,1.6,1.15,1491
2025-09-06,2,玉舍国家森林公园,2300,forest,19.4,24.5,16.1,17.3,0.0,63,中雨,0,,1,0,6,0.55,1.077,1.6,1.15,1266
2025-09-06,3,乌蒙大草原,2857,grassland,19.4,24.5,16.1,17.3,0.0,63,中雨,0,,1,0,6,0.55,1.095,1.6,1.15,2038
2025-09-06,4,水城古镇,1800,ancient_town,19.4,24.5,16.1,17.3,0.0,63,中雨,0,,1,0,6,0.865,1.06,1.6,1.15,1607
2025-09-06,5,明湖国家湿地公园,1750,wetland,19.4,24.5,16.1,17.3,0.0,63,中雨,0,,1,0,6,0.44,1.058,1.6,1.15,695
2025-09-07,1,梅花山风景区,2400,mountain,20.4,25.9,17.1,1.0,0.0,51,小雨,0,,1,0,7,1.0,1.08,1.6,1.15,2914
2025-09-07,2,玉舍国家森林公园,2300,forest,20.4,25.9,17.1,1.0,0.0,51,小雨,0,,1,0,7,1.0,1.077,1.6,1.15,2134
2025-09-07,3,乌蒙大草原,2857,grassland,20.4,25.9,17.1,1.0,0.0,51,小雨,0,,1,0,7,1.0,1.095,1.6,1.15,3686
2025-09-07,4,水城古镇,1800,ancient_town,20.4,25.9,17.1,1.0,0.0,51,小雨,0,,1,0,7,1.0,1.06,1.6,1.15,1911
2025-09-07,5,明湖国家湿地公园,1750,wetland,20.4,25.9,17.1,1.0,0.0,51,小雨,0,,1,0,7,1.0,1.058,1.6,1.15,1757
2025-09-08,1,梅花山风景区,2400,mountain,19.2,24.5,16.3,14.8,0.0,65,大雨,0,,0,0,1,0.55,1.08,1.0,1.15,1091
2025-09-08,2,玉舍国家森林公园,2300,forest,19.2,24.5,16.3,14.8,0.0,65,大雨,0,,0,0,1,0.55,1.077,1.0,1.15,780
2025-09-08,3,乌蒙大草原,2857,grassland,19.2,24.5,16.3,14.8,0.0,65,大雨,0,,0,0,1,0.55,1.095,1.0,1.15,1113
2025-09-08,4,水城古镇,1800,ancient_town,19.2,24.5,16.3,14.8,0.0,65,大雨,0,,0,0,1,0.865,1.06,1.0,1.15,1052
2025-09-08,5,明湖国家湿地公园,1750,wetland,19.2,24.5,16.3,14.8,0.0,65,大雨,0,,0,0,1,0.44,1.058,1.0,1.15,493
2025-09-09,1,梅花山风景区,2400,mountain,19.5,25.0,14.7,0.3,0.0,51,小雨,0,,0,0,2,1.0,1.08,1.0,1.15,1729
2025-09-09,2,玉舍国家森林公园,2300,forest,19.5,25.0,14.7,0.3,0.0,51,小雨,0,,0,0,2,1.0,1.077,1.0,1.15,1458
2025-09-09,3,乌蒙大草原,2857,grassland,19.5,25.0,14.7,0.3,0.0,51,小雨,0,,0,0,2,1.0,1.095,1.0,1.15,2227
2025-09-09,4,水城古镇,1800,ancient_town,19.5,25.0,14.7,0.3,0.0,51,小雨,0,,0,0,2,1.0,1.06,1.0,1.15,1220
2025-09-09,5,明湖国家湿地公园,1750,wetland,19.5,25.0,14.7,0.3,0.0,51,小雨,0,,0,0,2,1.0,1.058,1.0,1.15,1061
2025-09-10,1,梅花山风景区,2400,mountain,19.4,23.3,15.9,5.8,0.0,63,中雨,0,,0,0,3,0.8,1.08,1.0,1.15,1688
2025-09-10,2,玉舍国家森林公园,2300,forest,19.4,23.3,15.9,5.8,0.0,63,中雨,0,,0,0,3,0.8,1.077,1.0,1.15,1173
2025-09-10,3,乌蒙大草原,2857,grassland,19.4,23.3,15.9,5.8,0.0,63,中雨,0,,0,0,3,0.8,1.095,1.0,1.15,1830
2025-09-10,4,水城古镇,1800,ancient_town,19.4,23.3,15.9,5.8,0.0,63,中雨,0,,0,0,3,0.94,1.06,1.0,1.15,1118
2025-09-10,5,明湖国家湿地公园,1750,wetland,19.4,23.3,15.9,5.8,0.0,63,中雨,0,,0,0,3,0.64,1.058,1.0,1.15,608
2025-09-11,1,梅花山风景区,2400,mountain,20.4,25.2,17.6,1.3,0.0,51,小雨,0,,0,0,4,1.0,1.08,1.0,1.15,1991
2025-09-11,2,玉舍国家森林公园,2300,forest,20.4,25.2,17.6,1.3,0.0,51,小雨,0,,0,0,4,1.0,1.077,1.0,1.15,1251
2025-09-11,3,乌蒙大草原,2857,grassland,20.4,25.2,17.6,1.3,0.0,51,小雨,0,,0,0,4,1.0,1.095,1.0,1.15,2420
2025-09-11,4,水城古镇,1800,ancient_town,20.4,25.2,17.6,1.3,0.0,51,小雨,0,,0,0,4,1.0,1.06,1.0,1.15,1138
2025-09-11,5,明湖国家湿地公园,1750,wetland,20.4,25.2,17.6,1.3,0.0,51,小雨,0,,0,0,4,1.0,1.058,1.0,1.15,1020
2025-09-12,1,梅花山风景区,2400,mountain,19.7,23.3,17.3,12.8,0.0,61,小雨,0,,0,0,5,0.55,1.08,1.0,1.15,1019
2025-09-12,2,玉舍国家森林公园,2300,forest,19.7,23.3,17.3,12.8,0.0,61,小雨,0,,0,0,5,0.55,1.077,1.0,1.15,906
2025-09-12,3,乌蒙大草原,2857,grassland,19.7,23.3,17.3,12.8,0.0,61,小雨,0,,0,0,5,0.55,1.095,1.0,1.15,1266
2025-09-12,4,水城古镇,1800,ancient_town,19.7,23.3,17.3,12.8,0.0,61,小雨,0,,0,0,5,0.865,1.06,1.0,1.15,1044
2025-09-12,5,明湖国家湿地公园,1750,wetland,19.7,23.3,17.3,12.8,0.0,61,小雨,0,,0,0,5,0.44,1.058,1.0,1.15,463
2025-09-13,1,梅花山风景区,2400,mountain,18.1,21.2,16.5,46.0,0.0,63,中雨,0,,1,0,6,0.3,1.08,1.6,1.15,923
2025-09-13,2,玉舍国家森林公园,2300,forest,18.1,21.2,16.5,46.0,0.0,63,中雨,0,,1,0,6,0.3,1.077,1.6,1.15,699
2025-09-13,3,乌蒙大草原,2857,grassland,18.1,21.2,16.5,46.0,0.0,63,中雨,0,,1,0,6,0.3,1.095,1.6,1.15,1127
2025-09-13,4,水城古镇,1800,ancient_town,18.1,21.2,16.5,46.0,0.0,63,中雨,0,,1,0,6,0.79,1.06,1.6,1.15,1389
2025-09-13,5,明湖国家湿地公园,1750,wetland,18.1,21.2,16.5,46.0,0.0,63,中雨,0,,1,0,6,0.24,1.058,1.6,1.15,431
2025-09-14,1,梅花山风景区,2400,mountain,19.3,24.1,15.9,1.0,0.0,51,小雨,0,,1,0,7,1.0,1.08,1.6,1.15,3028
2025-09-14,2,玉舍国家森林公园,2300,forest,19.3,24.1,15.9,1.0,0.0,51,小雨,0,,1,0,7,1.0,1.077,1.6,1.15,2215
2025-09-14,3,乌蒙大草原,2857,grassland,19.3,24.1,15.9,1.0,0.0,51,小雨,0,,1,0,7,1.0,1.095,1.6,1.15,3440
2025-09-14,4,水城古镇,1800,ancient_town,19.3,24.1,15.9,1.0,0.0,51,小雨,0,,1,0,7,1.0,1.06,1.6,1.15,1936
2025-09-14,5,明湖国家湿地公园,1750,wetland,19.3,24.1,15.9,1.0,0.0,51,小雨,0,,1,0,7,1.0,1.058,1.6,1.15,1709
2025-09-15,1,梅花山风景区,2400,mountain,19.1,24.1,15.8,1.5,0.0,51,小雨,0,,0,0,1,1.0,1.08,1.0,1.15,1890
2025-09-15,2,玉舍国家森林公园,2300,forest,19.1,24.1,15.8,1.5,0.0,51,小雨,0,,0,0,1,1.0,1.077,1.0,1.15,1379
2025-09-15,3,乌蒙大草原,2857,grassland,19.1,24.1,15.8,1.5,0.0,51,小雨,0,,0,0,1,1.0,1.095,1.0,1.15,2166
2025-09-15,4,水城古镇,1800,ancient_town,19.1,24.1,15.8,1.5,0.0,51,小雨,0,,0,0,1,1.0,1.06,1.0,1.15,1347
2025-09-15,5,明湖国家湿地公园,1750,wetland,19.1,24.1,15.8,1.5,0.0,51,小雨,0,,0,0,1,1.0,1.058,1.0,1.15,1049
2025-09-16,1,梅花山风景区,2400,mountain,19.4,24.0,15.8,0.8,0.0,51,小雨,0,,0,0,2,1.0,1.08,1.0,1.15,1823
2025-09-16,2,玉舍国家森林公园,2300,forest,19.4,24.0,15.8,0.8,0.0,51,小雨,0,,0,0,2,1.0,1.077,1.0,1.15,1472
2025-09-16,3,乌蒙大草原,2857,grassland,19.4,24.0,15.8,0.8,0.0,51,小雨,0,,0,0,2,1.0,1.095,1.0,1.15,2235
2025-09-16,4,水城古镇,1800,ancient_town,19.4,24.0,15.8,0.8,0.0,51,小雨,0,,0,0,2,1.0,1.06,1.0,1.15,1292
2025-09-16,5,明湖国家湿地公园,1750,wetland,19.4,24.0,15.8,0.8,0.0,51,小雨,0,,0,0,2,1.0,1.058,1.0,1.15,1064
2025-09-17,1,梅花山风景区,2400,mountain,18.9,23.1,16.2,4.9,0.0,55,大雨,0,,0,0,3,0.8,1.08,1.0,1.15,1554
2025-09-17,2,玉舍国家森林公园,2300,forest,18.9,23.1,16.2,4.9,0.0,55,大雨,0,,0,0,3,0.8,1.077,1.0,1.15,1137
2025-09-17,3,乌蒙大草原,2857,grassland,18.9,23.1,16.2,4.9,0.0,55,大雨,0,,0,0,3,0.8,1.095,1.0,1.15,1883
2025-09-17,4,水城古镇,1800,ancient_town,18.9,23.1,16.2,4.9,0.0,55,大雨,0,,0,0,3,0.94,1.06,1.0,1.15,1133
2025-09-17,5,明湖国家湿地公园,1750,wetland,18.9,23.1,16.2,4.9,0.0,55,大雨,0,,0,0,3,0.64,1.058,1.0,1.15,694
2025-09-18,1,梅花山风景区,2400,mountain,19.4,24.0,16.4,0.4,0.0,51,小雨,0,,0,0,4,1.0,1.08,1.0,1.15,1854
2025-09-18,2,玉舍国家森林公园,2300,forest,19.4,24.0,16.4,0.4,0.0,51,小雨,0,,0,0,4,1.0,1.077,1.0,1.15,1526
2025-09-18,3,乌蒙大草原,2857,grassland,19.4,24.0,16.4,0.4,0.0,51,小雨,0,,0,0,4,1.0,1.095,1.0,1.15,2131
2025-09-18,4,水城古镇,1800,ancient_town,19.4,24.0,16.4,0.4,0.0,51,小雨,0,,0,0,4,1.0,1.06,1.0,1.15,1159
2025-09-18,5,明湖国家湿地公园,1750,wetland,19.4,24.0,16.4,0.4,0.0,51,小雨,0,,0,0,4,1.0,1.058,1.0,1.15,1206
2025-09-19,1,梅花山风景区,2400,mountain,19.2,24.1,17.2,10.0,0.0,63,中雨,0,,0,0,5,0.55,1.08,1.0,1.15,1050
2025-09-19,2,玉舍国家森林公园,2300,forest,19.2,24.1,17.2,10.0,0.0,63,中雨,0,,0,0,5,0.55,1.077,1.0,1.15,802
2025-09-19,3,乌蒙大草原,2857,grassland,19.2,24.1,17.2,10.0,0.0,63,中雨,0,,0,0,5,0.55,1.095,1.0,1.15,1286
2025-09-19,4,水城古镇,1800,ancient_town,19.2,24.1,17.2,10.0,0.0,63,中雨,0,,0,0,5,0.865,1.06,1.0,1.15,1051
2025-09-19,5,明湖国家湿地公园,1750,wetland,19.2,24.1,17.2,10.0,0.0,63,中雨,0,,0,0,5,0.44,1.058,1.0,1.15,427
2025-09-20,1,梅花山风景区,2400,mountain,19.4,24.0,16.6,3.1,0.0,53,中雨,0,,1,0,6,0.8,1.08,1.6,1.15,2403
2025-09-20,2,玉舍国家森林公园,2300,forest,19.4,24.0,16.6,3.1,0.0,53,中雨,0,,1,0,6,0.8,1.077,1.6,1.15,1890
2025-09-20,3,乌蒙大草原,2857,grassland,19.4,24.0,16.6,3.1,0.0,53,中雨,0,,1,0,6,0.8,1.095,1.6,1.15,2952
2025-09-20,4,水城古镇,1800,ancient_town,19.4,24.0,16.6,3.1,0.0,53,中雨,0,,1,0,6,0.94,1.06,1.6,1.15,1762
2025-09-20,5,明湖国家湿地公园,1750,wetland,19.4,24.0,16.6,3.1,0.0,53,中雨,0,,1,0,6,0.64,1.058,1.6,1.15,1109
2025-09-21,1,梅花山风景区,2400,mountain,19.5,24.0,16.6,9.4,0.0,63,中雨,0,,1,0,7,0.8,1.08,1.6,1.15,2520
2025-09-21,2,玉舍国家森林公园,2300,forest,19.5,24.0,16.6,9.4,0.0,63,中雨,0,,1,0,7,0.8,1.077,1.6,1.15,1887
2025-09-21,3,乌蒙大草原,2857,grassland,19.5,24.0,16.6,9.4,0.0,63,中雨,0,,1,0,7,0.8,1.095,1.6,1.15,2839
2025-09-21,4,水城古镇,1800,ancient_town,19.5,24.0,16.6,9.4,0.0,63,中雨,0,,1,0,7,0.94,1.06,1.6,1.15,1866
2025-09-21,5,明湖国家湿地公园,1750,wetland,19.5,24.0,16.6,9.4,0.0,63,中雨,0,,1,0,7,0.64,1.058,1.6,1.15,1099
2025-09-22,1,梅花山风景区,2400,mountain,17.4,19.1,16.0,57.2,0.0,65,大雨,0,,0,0,1,0.3,1.08,1.0,1.15,588
2025-09-22,2,玉舍国家森林公园,2300,forest,17.4,19.1,16.0,57.2,0.0,65,大雨,0,,0,0,1,0.3,1.077,1.0,1.15,441
2025-09-22,3,乌蒙大草原,2857,grassland,17.4,19.1,16.0,57.2,0.0,65,大雨,0,,0,0,1,0.3,1.095,1.0,1.15,692
2025-09-22,4,水城古镇,1800,ancient_town,17.4,19.1,16.0,57.2,0.0,65,大雨,0,,0,0,1,0.79,1.06,1.0,1.15,929
2025-09-22,5,明湖国家湿地公园,1750,wetland,17.4,19.1,16.0,57.2,0.0,65,大雨,0,,0,0,1,0.24,1.058,1.0,1.15,246
2025-09-23,1,梅花山风景区,2400,mountain,16.6,20.7,15.1,9.7,0.0,61,小雨,0,,0,0,2,0.8,1.08,1.0,1.15,1544
2025-09-23,2,玉舍国家森林公园,2300,forest,16.6,20.7,15.1,9.7,0.0,61,小雨,0,,0,0,2,0.8,1.077,1.0,1.15,1204
2025-09-23,3,乌蒙大草原,2857,grassland,16.6,20.7,15.1,9.7,0.0,61,小雨,0,,0,0,2,0.8,1.095,1.0,1.15,1871
2025-09-23,4,水城古镇,1800,ancient_town,16.6,20.7,15.1,9.7,0.0,61,小雨,0,,0,0,2,0.94,1.06,1.0,1.15,1188
2025-09-23,5,明湖国家湿地公园,1750,wetland,16.6,20.7,15.1,9.7,0.0,61,小雨,0,,0,0,2,0.64,1.058,1.0,1.15,649
2025-09-24,1,梅花山风景区,2400,mountain,16.4,21.2,12.7,0.0,0.0,3,阴,0,,0,0,3,1.0,1.08,1.0,1.15,1874
2025-09-24,2,玉舍国家森林公园,2300,forest,16.4,21.2,12.7,0.0,0.0,3,阴,0,,0,0,3,1.0,1.077,1.0,1.15,1336
2025-09-24,3,乌蒙大草原,2857,grassland,16.4,21.2,12.7,0.0,0.0,3,阴,0,,0,0,3,1.0,1.095,1.0,1.15,2326
2025-09-24,4,水城古镇,1800,ancient_town,16.4,21.2,12.7,0.0,0.0,3,阴,0,,0,0,3,1.0,1.06,1.0,1.15,1152
2025-09-24,5,明湖国家湿地公园,1750,wetland,16.4,21.2,12.7,0.0,0.0,3,阴,0,,0,0,3,1.0,1.058,1.0,1.15,1120
2025-09-25,1,梅花山风景区,2400,mountain,14.0,15.9,11.8,9.5,0.0,61,小雨,0,,0,0,4,0.8,0.96,1.0,1.15,1372
2025-09-25,2,玉舍国家森林公园,2300,forest,14.0,15.9,11.8,9.5,0.0,61,小雨,0,,0,0,4,0.8,0.962,1.0,1.15,1033
2025-09-25,3,乌蒙大草原,2857,grassland,14.0,15.9,11.8,9.5,0.0,61,小雨,0,,0,0,4,0.8,0.952,1.0,1.15,1575
2025-09-25,4,水城古镇,1800,ancient_town,14.0,15.9,11.8,9.5,0.0,61,小雨,0,,0,0,4,0.94,0.97,1.0,1.15,1112
2025-09-25,5,明湖国家湿地公园,1750,wetland,14.0,15.9,11.8,9.5,0.0,61,小雨,0,,0,0,4,0.64,0.971,1.0,1.15,589
2025-09-26,1,梅花山风景区,2400,mountain,15.1,16.6,14.0,30.9,0.0,63,中雨,0,,0,0,5,0.3,1.08,1.0,1.15,576
2025-09-26,2,玉舍国家森林公园,2300,forest,15.1,16.6,14.0,30.9,0.0,63,中雨,0,,0,0,5,0.3,1.077,1.0,1.15,448
2025-09-26,3,乌蒙大草原,2857,grassland,15.1,16.6,14.0,30.9,0.0,63,中雨,0,,0,0,5,0.3,1.095,1.0,1.15,712
2025-09-26,4,水城古镇,1800,ancient_town,15.1,16.6,14.0,30.9,0.0,63,中雨,0,,0,0,5,0.79,1.06,1.0,1.15,883
2025-09-26,5,明湖国家湿地公园,1750,wetland,15.1,16.6,14.0,30.9,0.0,63,中雨,0,,0,0,5,0.24,1.058,1.0,1.15,262
2025-09-27,1,梅花山风景区,2400,mountain,18.3,23.3,15.8,1.2,0.0,51,小雨,0,,1,0,6,1.0,1.08,1.6,1.15,3145
2025-09-27,2,玉舍国家森林公园,2300,forest,18.3,23.3,15.8,1.2,0.0,51,小雨,0,,1,0,6,1.0,1.077,1.6,1.15,2538
2025-09-27,3,乌蒙大草原,2857,grassland,18.3,23.3,15.8,1.2,0.0,51,小雨,0,,1,0,6,1.0,1.095,1.6,1.15,3487
2025-09-27,4,水城古镇,1800,ancient_town,18.3,23.3,15.8,1.2,0.0,51,小雨,0,,1,0,6,1.0,1.06,1.6,1.15,1923
2025-09-27,5,明湖国家湿地公园,1750,wetland,18.3,23.3,15.8,1.2,0.0,51,小雨,0,,1,0,6,1.0,1.058,1.6,1.15,1913
2025-09-28,1,梅花山风景区,2400,mountain,18.9,24.6,16.1,0.8,0.0,51,小雨,0,,1,0,7,1.0,1.08,1.6,1.15,2769
2025-09-28,2,玉舍国家森林公园,2300,forest,18.9,24.6,16.1,0.8,0.0,51,小雨,0,,1,0,7,1.0,1.077,1.6,1.15,2371
2025-09-28,3,乌蒙大草原,2857,grassland,18.9,24.6,16.1,0.8,0.0,51,小雨,0,,1,0,7,1.0,1.095,1.6,1.15,3659
2025-09-28,4,水城古镇,1800,ancient_town,18.9,24.6,16.1,0.8,0.0,51,小雨,0,,1,0,7,1.0,1.06,1.6,1.15,1967
2025-09-28,5,明湖国家湿地公园,1750,wetland,18.9,24.6,16.1,0.8,0.0,51,小雨,0,,1,0,7,1.0,1.058,1.6,1.15,1670
2025-09-29,1,梅花山风景区,2400,mountain,16.7,20.3,13.0,2.2,0.0,53,中雨,0,,0,0,1,0.8,1.08,1.0,1.15,1562
2025-09-29,2,玉舍国家森林公园,2300,forest,16.7,20.3,13.0,2.2,0.0,53,中雨,0,,0,0,1,0.8,1.077,1.0,1.15,1241
2025-09-29,3,乌蒙大草原,2857,grassland,16.7,20.3,13.0,2.2,0.0,53,中雨,0,,0,0,1,0.8,1.095,1.0,1.15,1978
2025-09-29,4,水城古镇,1800,ancient_town,16.7,20.3,13.0,2.2,0.0,53,中雨,0,,0,0,1,0.94,1.06,1.0,1.15,1100
2025-09-29,5,明湖国家湿地公园,1750,wetland,16.7,20.3,13.0,2.2,0.0,53,中雨,0,,0,0,1,0.64,1.058,1.0,1.15,684
2025-09-30,1,梅花山风景区,2400,mountain,16.3,17.4,15.7,26.5,0.0,63,中雨,0,,0,0,2,0.3,1.08,1.0,1.15,589
2025-09-30,2,玉舍国家森林公园,2300,forest,16.3,17.4,15.7,26.5,0.0,63,中雨,0,,0,0,2,0.3,1.077,1.0,1.15,486
2025-09-30,3,乌蒙大草原,2857,grassland,16.3,17.4,15.7,26.5,0.0,63,中雨,0,,0,0,2,0.3,1.095,1.0,1.15,679
2025-09-30,4,水城古镇,1800,ancient_town,16.3,17.4,15.7,26.5,0.0,63,中雨,0,,0,0,2,0.79,1.06,1.0,1.15,889
2025-09-30,5,明湖国家湿地公园,1750,wetland,16.3,17.4,15.7,26.5,0.0,63,中雨,0,,0,0,2,0.24,1.058,1.0,1.15,260
2025-10-01,1,梅花山风景区,2400,mountain,18.2,22.1,16.0,2.1,0.0,51,小雨,1,国庆中秋,0,8,3,0.8,1.08,4.5,1.15,7030
2025-10-01,2,玉舍国家森林公园,2300,forest,18.2,22.1,16.0,2.1,0.0,51,小雨,1,国庆中秋,0,8,3,0.8,1.077,4.5,1.15,5530
2025-10-01,3,乌蒙大草原,2857,grassland,18.2,22.1,16.0,2.1,0.0,51,小雨,1,国庆中秋,0,8,3,0.8,1.095,4.5,1.15,8615
2025-10-01,4,水城古镇,1800,ancient_town,18.2,22.1,16.0,2.1,0.0,51,小雨,1,国庆中秋,0,8,3,0.94,1.06,5.175,1.15,5000
2025-10-01,5,明湖国家湿地公园,1750,wetland,18.2,22.1,16.0,2.1,0.0,51,小雨,1,国庆中秋,0,8,3,0.64,1.058,4.725,1.15,3240
2025-10-02,1,梅花山风景区,2400,mountain,20.1,26.0,16.9,0.7,0.0,51,小雨,1,国庆中秋,0,8,4,1.0,1.08,4.5,1.15,8000
2025-10-02,2,玉舍国家森林公园,2300,forest,20.1,26.0,16.9,0.7,0.0,51,小雨,1,国庆中秋,0,8,4,1.0,1.077,4.5,1.15,6000
2025-10-02,3,乌蒙大草原,2857,grassland,20.1,26.0,16.9,0.7,0.0,51,小雨,1,国庆中秋,0,8,4,1.0,1.095,4.5,1.15,10000
2025-10-02,4,水城古镇,1800,ancient_town,20.1,26.0,16.9,0.7,0.0,51,小雨,1,国庆中秋,0,8,4,1.0,1.06,5.175,1.15,5000
2025-10-02,5,明湖国家湿地公园,1750,wetland,20.1,26.0,16.9,0.7,0.0,51,小雨,1,国庆中秋,0,8,4,1.0,1.058,4.725,1.15,4000
2025-10-03,1,梅花山风景区,2400,mountain,19.8,24.1,16.5,0.1,0.0,51,小雨,1,国庆中秋,0,8,5,1.0,1.08,4.5,1.15,8000
2025-10-03,2,玉舍国家森林公园,2300,forest,19.8,24.1,16.5,0.1,0.0,51,小雨,1,国庆中秋,0,8,5,1.0,1.077,4.5,1.15,6000
2025-10-03,3,乌蒙大草原,2857,grassland,19.8,24.1,16.5,0.1,0.0,51,小雨,1,国庆中秋,0,8,5,1.0,1.095,4.5,1.15,10000
2025-10-03,4,水城古镇,1800,ancient_town,19.8,24.1,16.5,0.1,0.0,51,小雨,1,国庆中秋,0,8,5,1.0,1.06,5.175,1.15,5000
2025-10-03,5,明湖国家湿地公园,1750,wetland,19.8,24.1,16.5,0.1,0.0,51,小雨,1,国庆中秋,0,8,5,1.0,1.058,4.725,1.15,4000
2025-10-04,1,梅花山风景区,2400,mountain,19.8,24.4,17.1,1.5,0.0,51,小雨,1,国庆中秋,1,8,6,1.0,1.08,4.5,1.15,8000
2025-10-04,2,玉舍国家森林公园,2300,forest,19.8,24.4,17.1,1.5,0.0,51,小雨,1,国庆中秋,1,8,6,1.0,1.077,4.5,1.15,6000
2025-10-04,3,乌蒙大草原,2857,grassland,19.8,24.4,17.1,1.5,0.0,51,小雨,1,国庆中秋,1,8,6,1.0,1.095,4.5,1.15,10000
2025-10-04,4,水城古镇,1800,ancient_town,19.8,24.4,17.1,1.5,0.0,51,小雨,1,国庆中秋,1,8,6,1.0,1.06,5.175,1.15,5000
2025-10-04,5,明湖国家湿地公园,1750,wetland,19.8,24.4,17.1,1.5,0.0,51,小雨,1,国庆中秋,1,8,6,1.0,1.058,4.725,1.15,4000
2025-10-05,1,梅花山风景区,2400,mountain,19.8,24.2,17.5,1.8,0.0,51,小雨,1,国庆中秋,1,8,7,1.0,1.08,4.5,1.15,8000
2025-10-05,2,玉舍国家森林公园,2300,forest,19.8,24.2,17.5,1.8,0.0,51,小雨,1,国庆中秋,1,8,7,1.0,1.077,4.5,1.15,6000
2025-10-05,3,乌蒙大草原,2857,grassland,19.8,24.2,17.5,1.8,0.0,51,小雨,1,国庆中秋,1,8,7,1.0,1.095,4.5,1.15,9783
2025-10-05,4,水城古镇,1800,ancient_town,19.8,24.2,17.5,1.8,0.0,51,小雨,1,国庆中秋,1,8,7,1.0,1.06,5.175,1.15,5000
2025-10-05,5,明湖国家湿地公园,1750,wetland,19.8,24.2,17.5,1.8,0.0,51,小雨,1,国庆中秋,1,8,7,1.0,1.058,4.725,1.15,4000
2025-10-06,1,梅花山风景区,2400,mountain,17.8,21.9,15.4,4.9,0.0,61,小雨,1,国庆中秋,0,8,1,0.8,1.08,4.5,1.15,6702
2025-10-06,2,玉舍国家森林公园,2300,forest,17.8,21.9,15.4,4.9,0.0,61,小雨,1,国庆中秋,0,8,1,0.8,1.077,4.5,1.15,5648
2025-10-06,3,乌蒙大草原,2857,grassland,17.8,21.9,15.4,4.9,0.0,61,小雨,1,国庆中秋,0,8,1,0.8,1.095,4.5,1.15,7825
2025-10-06,4,水城古镇,1800,ancient_town,17.8,21.9,15.4,4.9,0.0,61,小雨,1,国庆中秋,0,8,1,0.94,1.06,5.175,1.15,5000
2025-10-06,5,明湖国家湿地公园,1750,wetland,17.8,21.9,15.4,4.9,0.0,61,小雨,1,国庆中秋,0,8,1,0.64,1.058,4.725,1.15,3250
2025-10-07,1,梅花山风景区,2400,mountain,15.5,16.4,15.1,45.9,0.0,63,中雨,1,国庆中秋,0,8,2,0.3,1.08,4.5,1.15,2550
2025-10-07,2,玉舍国家森林公园,2300,forest,15.5,16.4,15.1,45.9,0.0,63,中雨,1,国庆中秋,0,8,2,0.3,1.077,4.5,1.15,1858
2025-10-07,3,乌蒙大草原,2857,grassland,15.5,16.4,15.1,45.9,0.0,63,中雨,1,国庆中秋,0,8,2,0.3,1.095,4.5,1.15,3044
2025-10-07,4,水城古镇,1800,ancient_town,15.5,16.4,15.1,45.9,0.0,63,中雨,1,国庆中秋,0,8,2,0.79,1.06,5.175,1.15,5000
2025-10-07,5,明湖国家湿地公园,1750,wetland,15.5,16.4,15.1,45.9,0.0,63,中雨,1,国庆中秋,0,8,2,0.24,1.058,4.725,1.15,1192
2025-10-08,1,梅花山风景区,2400,mountain,17.2,21.2,14.8,4.1,0.0,55,大雨,1,国庆中秋,0,8,3,0.8,1.08,4.5,1.15,6430
2025-10-08,2,玉舍国家森林公园,2300,forest,17.2,21.2,14.8,4.1,0.0,55,大雨,1,国庆中秋,0,8,3,0.8,1.077,4.5,1.15,5055
2025-10-08,3,乌蒙大草原,2857,grassland,17.2,21.2,14.8,4.1,0.0,55,大雨,1,国庆中秋,0,8,3,0.8,1.095,4.5,1.15,8103
2025-10-08,4,水城古镇,1800,ancient_town,17.2,21.2,14.8,4.1,0.0,55,大雨,1,国庆中秋,0,8,3,0.94,1.06,5.175,1.15,5000
2025-10-08,5,明湖国家湿地公园,1750,wetland,17.2,21.2,14.8,4.1,0.0,55,大雨,1,国庆中秋,0,8,3,0.64,1.058,4.725,1.15,3767
2025-10-09,1,梅花山风景区,2400,mountain,18.9,23.7,16.1,0.4,0.0,51,小雨,0,,0,0,4,1.0,1.08,1.0,1.15,1971
2025-10-09,2,玉舍国家森林公园,2300,forest,18.9,23.7,16.1,0.4,0.0,51,小雨,0,,0,0,4,1.0,1.077,1.0,1.15,1392
2025-10-09,3,乌蒙大草原,2857,grassland,18.9,23.7,16.1,0.4,0.0,51,小雨,0,,0,0,4,1.0,1.095,1.0,1.15,2092
2025-10-09,4,水城古镇,1800,ancient_town,18.9,23.7,16.1,0.4,0.0,51,小雨,0,,0,0,4,1.0,1.06,1.0,1.15,1212
2025-10-09,5,明湖国家湿地公园,1750,wetland,18.9,23.7,16.1,0.4,0.0,51,小雨,0,,0,0,4,1.0,1.058,1.0,1.15,1181
2025-10-10,1,梅花山风景区,2400,mountain,19.4,24.9,16.1,0.0,0.0,3,阴,0,,0,0,5,1.0,1.08,1.0,1.15,1924
2025-10-10,2,玉舍国家森林公园,2300,forest,19.4,24.9,16.1,0.0,0.0,3,阴,0,,0,0,5,1.0,1.077,1.0,1.15,1446
2025-10-10,3,乌蒙大草原,2857,grassland,19.4,24.9,16.1,0.0,0.0,3,阴,0,,0,0,5,1.0,1.095,1.0,1.15,2380
2025-10-10,4,水城古镇,1800,ancient_town,19.4,24.9,16.1,0.0,0.0,3,阴,0,,0,0,5,1.0,1.06,1.0,1.15,1302
2025-10-10,5,明湖国家湿地公园,1750,wetland,19.4,24.9,16.1,0.0,0.0,3,阴,0,,0,0,5,1.0,1.058,1.0,1.15,1175
2025-10-11,1,梅花山风景区,2400,mountain,18.9,23.9,15.9,1.1,0.0,53,中雨,0,,1,0,6,1.0,1.08,1.6,1.15,2821
2025-10-11,2,玉舍国家森林公园,2300,forest,18.9,23.9,15.9,1.1,0.0,53,中雨,0,,1,0,6,1.0,1.077,1.6,1.15,2429
2025-10-11,3,乌蒙大草原,2857,grassland,18.9,23.9,15.9,1.1,0.0,53,中雨,0,,1,0,6,1.0,1.095,1.6,1.15,3395
2025-10-11,4,水城古镇,1800,ancient_town,18.9,23.9,15.9,1.1,0.0,53,中雨,0,,1,0,6,1.0,1.06,1.6,1.15,1871
2025-10-11,5,明湖国家湿地公园,1750,wetland,18.9,23.9,15.9,1.1,0.0,53,中雨,0,,1,0,6,1.0,1.058,1.6,1.15,1640
2025-10-12,1,梅花山风景区,2400,mountain,19.4,26.4,15.2,0.0,0.0,3,阴,0,,1,0,7,1.0,1.08,1.6,1.15,2941
2025-10-12,2,玉舍国家森林公园,2300,forest,19.4,26.4,15.2,0.0,0.0,3,阴,0,,1,0,7,1.0,1.077,1.6,1.15,2206
2025-10-12,3,乌蒙大草原,2857,grassland,19.4,26.4,15.2,0.0,0.0,3,阴,0,,1,0,7,1.0,1.095,1.6,1.15,3767
2025-10-12,4,水城古镇,1800,ancient_town,19.4,26.4,15.2,0.0,0.0,3,阴,0,,1,0,7,1.0,1.06,1.6,1.15,1949
2025-10-12,5,明湖国家湿地公园,1750,wetland,19.4,26.4,15.2,0.0,0.0,3,阴,0,,1,0,7,1.0,1.058,1.6,1.15,1676
2025-10-13,1,梅花山风景区,2400,mountain,16.0,19.4,12.8,4.9,0.0,61,小雨,0,,0,0,1,0.8,1.08,1.0,1.15,1526
2025-10-13,2,玉舍国家森林公园,2300,forest,16.0,19.4,12.8,4.9,0.0,61,小雨,0,,0,0,1,0.8,1.077,1.0,1.15,1279
2025-10-13,3,乌蒙大草原,2857,grassland,16.0,19.4,12.8,4.9,0.0,61,小雨,0,,0,0,1,0.8,1.095,1.0,1.15,1845
2025-10-13,4,水城古镇,1800,ancient_town,16.0,19.4,12.8,4.9,0.0,61,小雨,0,,0,0,1,0.94,1.06,1.0,1.15,1112
2025-10-13,5,明湖国家湿地公园,1750,wetland,16.0,19.4,12.8,4.9,0.0,61,小雨,0,,0,0,1,0.64,1.058,1.0,1.15,691
2025-10-14,1,梅花山风景区,2400,mountain,18.0,22.5,15.2,1.8,0.0,51,小雨,0,,0,0,2,1.0,1.08,1.0,1.15,1853
2025-10-14,2,玉舍国家森林公园,2300,forest,18.0,22.5,15.2,1.8,0.0,51,小雨,0,,0,0,2,1.0,1.077,1.0,1.15,1433
2025-10-14,3,乌蒙大草原,2857,grassland,18.0,22.5,15.2,1.8,0.0,51,小雨,0,,0,0,2,1.0,1.095,1.0,1.15,2073
2025-10-14,4,水城古镇,1800,ancient_town,18.0,22.5,15.2,1.8,0.0,51,小雨,0,,0,0,2,1.0,1.06,1.0,1.15,1195
2025-10-14,5,明湖国家湿地公园,1750,wetland,18.0,22.5,15.2,1.8,0.0,51,小雨,0,,0,0,2,1.0,1.058,1.0,1.15,1163
2025-10-15,1,梅花山风景区,2400,mountain,18.0,21.9,16.1,11.8,0.0,63,中雨,0,,0,0,3,0.55,1.08,1.0,1.15,982
2025-10-15,2,玉舍国家森林公园,2300,forest,18.0,21.9,16.1,11.8,0.0,63,中雨,0,,0,0,3,0.55,1.077,1.0,1.15,738
2025-10-15,3,乌蒙大草原,2857,grassland,18.0,21.9,16.1,11.8,0.0,63,中雨,0,,0,0,3,0.55,1.095,1.0,1.15,1241
2025-10-15,4,水城古镇,1800,ancient_town,18.0,21.9,16.1,11.8,0.0,63,中雨,0,,0,0,3,0.865,1.06,1.0,1.15,1112
2025-10-15,5,明湖国家湿地公园,1750,wetland,18.0,21.9,16.1,11.8,0.0,63,中雨,0,,0,0,3,0.44,1.058,1.0,1.15,440
2025-10-16,1,梅花山风景区,2400,mountain,17.5,21.6,15.2,4.9,0.0,53,中雨,0,,0,0,4,0.8,1.08,1.0,1.15,1504
2025-10-16,2,玉舍国家森林公园,2300,forest,17.5,21.6,15.2,4.9,0.0,53,中雨,0,,0,0,4,0.8,1.077,1.0,1.15,1213
2025-10-16,3,乌蒙大草原,2857,grassland,17.5,21.6,15.2,4.9,0.0,53,中雨,0,,0,0,4,0.8,1.095,1.0,1.15,1862
2025-10-16,4,水城古镇,1800,ancient_town,17.5,21.6,15.2,4.9,0.0,53,中雨,0,,0,0,4,0.94,1.06,1.0,1.15,1177
2025-10-16,5,明湖国家湿地公园,1750,wetland,17.5,21.6,15.2,4.9,0.0,53,中雨,0,,0,0,4,0.64,1.058,1.0,1.15,722
2025-10-17,1,梅花山风景区,2400,mountain,16.9,20.2,14.3,22.8,0.0,63,中雨,0,,0,0,5,0.3,1.08,1.0,1.15,514
2025-10-17,2,玉舍国家森林公园,2300,forest,16.9,20.2,14.3,22.8,0.0,63,中雨,0,,0,0,5,0.3,1.077,1.0,1.15,459
2025-10-17,3,乌蒙大草原,2857,grassland,16.9,20.2,14.3,22.8,0.0,63,中雨,0,,0,0,5,0.3,1.095,1.0,1.15,726
2025-10-17,4,水城古镇,1800,ancient_town,16.9,20.2,14.3,22.8,0.0,63,中雨,0,,0,0,5,0.79,1.06,1.0,1.15,952
2025-10-17,5,明湖国家湿地公园,1750,wetland,16.9,20.2,14.3,22.8,0.0,63,中雨,0,,0,0,5,0.24,1.058,1.0,1.15,267
2025-10-18,1,梅花山风景区,2400,mountain,13.3,14.4,12.0,15.5,0.0,61,小雨,0,,1,0,6,0.55,0.96,1.6,1.15,1383
2025-10-18,2,玉舍国家森林公园,2300,forest,13.3,14.4,12.0,15.5,0.0,61,小雨,0,,1,0,6,0.55,0.962,1.6,1.15,1243
2025-10-18,3,乌蒙大草原,2857,grassland,13.3,14.4,12.0,15.5,0.0,61,小雨,0,,1,0,6,0.55,0.952,1.6,1.15,1681
2025-10-18,4,水城古镇,1800,ancient_town,13.3,14.4,12.0,15.5,0.0,61,小雨,0,,1,0,6,0.865,0.97,1.6,1.15,1671
2025-10-18,5,明湖国家湿地公园,1750,wetland,13.3,14.4,12.0,15.5,0.0,61,小雨,0,,1,0,6,0.44,0.971,1.6,1.15,693
2025-10-19,1,梅花山风景区,2400,mountain,13.1,14.5,11.7,21.4,0.0,63,中雨,0,,1,0,7,0.3,0.96,1.6,1.15,821
2025-10-19,2,玉舍国家森林公园,2300,forest,13.1,14.5,11.7,21.4,0.0,63,中雨,0,,1,0,7,0.3,0.962,1.6,1.15,620
2025-10-19,3,乌蒙大草原,2857,grassland,13.1,14.5,11.7,21.4,0.0,63,中雨,0,,1,0,7,0.3,0.952,1.6,1.15,1035
2025-10-19,4,水城古镇,1800,ancient_town,13.1,14.5,11.7,21.4,0.0,63,中雨,0,,1,0,7,0.79,0.97,1.6,1.15,1270
2025-10-19,5,明湖国家湿地公园,1750,wetland,13.1,14.5,11.7,21.4,0.0,63,中雨,0,,1,0,7,0.24,0.971,1.6,1.15,392
2025-10-20,1,梅花山风景区,2400,mountain,13.3,15.6,11.2,5.4,0.0,61,小雨,0,,0,0,1,0.8,0.96,1.0,1.15,1187
2025-10-20,2,玉舍国家森林公园,2300,forest,13.3,15.6,11.2,5.4,0.0,61,小雨,0,,0,0,1,0.8,0.962,1.0,1.15,997
2025-10-20,3,乌蒙大草原,2857,grassland,13.3,15.6,11.2,5.4,0.0,61,小雨,0,,0,0,1,0.8,0.952,1.0,1.15,1726
2025-10-20,4,水城古镇,1800,ancient_town,13.3,15.6,11.2,5.4,0.0,61,小雨,0,,0,0,1,0.94,0.97,1.0,1.15,1096
2025-10-20,5,明湖国家湿地公园,1750,wetland,13.3,15.6,11.2,5.4,0.0,61,小雨,0,,0,0,1,0.64,0.971,1.0,1.15,578
2025-10-21,1,梅花山风景区,2400,mountain,11.0,12.9,9.3,5.1,0.0,61,小雨,0,,0,0,2,0.64,0.96,1.0,1.15,1059
2025-10-21,2,玉舍国家森林公园,2300,forest,11.0,12.9,9.3,5.1,0.0,61,小雨,0,,0,0,2,0.64,0.962,1.0,1.15,823
2025-10-21,3,乌蒙大草原,2857,grassland,11.0,12.9,9.3,5.1,0.0,61,小雨,0,,0,0,2,0.64,0.952,1.0,1.15,1297
2025-10-21,4,水城古镇,1800,ancient_town,11.0,12.9,9.3,5.1,0.0,61,小雨,0,,0,0,2,0.846,0.97,1.0,1.15,1031
2025-10-21,5,明湖国家湿地公园,1750,wetland,11.0,12.9,9.3,5.1,0.0,61,小雨,0,,0,0,2,0.512,0.971,1.0,1.15,531
2025-10-22,1,梅花山风景区,2400,mountain,11.1,13.8,8.8,1.3,0.0,51,小雨,0,,0,0,3,0.8,0.96,1.0,1.15,1353
2025-10-22,2,玉舍国家森林公园,2300,forest,11.1,13.8,8.8,1.3,0.0,51,小雨,0,,0,0,3,0.8,0.962,1.0,1.15,1088
2025-10-22,3,乌蒙大草原,2857,grassland,11.1,13.8,8.8,1.3,0.0,51,小雨,0,,0,0,3,0.8,0.952,1.0,1.15,1490
2025-10-22,4,水城古镇,1800,ancient_town,11.1,13.8,8.8,1.3,0.0,51,小雨,0,,0,0,3,0.9,0.97,1.0,1.15,1039
2025-10-22,5,明湖国家湿地公园,1750,wetland,11.1,13.8,8.8,1.3,0.0,51,小雨,0,,0,0,3,0.8,0.971,1.0,1.15,840
2025-10-23,1,梅花山风景区,2400,mountain,11.2,15.7,7.3,0.0,0.0,3,阴,0,,0,0,4,0.8,0.96,1.0,1.15,1284
2025-10-23,2,玉舍国家森林公园,2300,forest,11.2,15.7,7.3,0.0,0.0,3,阴,0,,0,0,4,0.8,0.962,1.0,1.15,1027
2025-10-23,3,乌蒙大草原,2857,grassland,11.2,15.7,7.3,0.0,0.0,3,阴,0,,0,0,4,0.8,0.952,1.0,1.15,1691
2025-10-23,4,水城古镇,1800,ancient_town,11.2,15.7,7.3,0.0,0.0,3,阴,0,,0,0,4,0.9,0.97,1.0,1.15,1014
2025-10-23,5,明湖国家湿地公园,1750,wetland,11.2,15.7,7.3,0.0,0.0,3,阴,0,,0,0,4,0.8,0.971,1.0,1.15,758
2025-10-24,1,梅花山风景区,2400,mountain,11.3,15.2,8.9,0.5,0.0,51,小雨,0,,0,0,5,0.8,0.96,1.0,1.15,1296
2025-10-24,2,玉舍国家森林公园,2300,forest,11.3,15.2,8.9,0.5,0.0,51,小雨,0,,0,0,5,0.8,0.962,1.0,1.15,1037
2025-10-24,3,乌蒙大草原,2857,grassland,11.3,15.2,8.9,0.5,0.0,51,小雨,0,,0,0,5,0.8,0.952,1.0,1.15,1572
2025-10-24,4,水城古镇,1800,ancient_town,11.3,15.2,8.9,0.5,0.0,51,小雨,0,,0,0,5,0.9,0.97,1.0,1.15,1000
2025-10-24,5,明湖国家湿地公园,1750,wetland,11.3,15.2,8.9,0.5,0.0,51,小雨,0,,0,0,5,0.8,0.971,1.0,1.15,793
2025-10-25,1,梅花山风景区,2400,mountain,10.1,11.3,9.1,2.9,0.0,53,中雨,0,,1,0,6,0.64,0.96,1.6,1.15,1837
2025-10-25,2,玉舍国家森林公园,2300,forest,10.1,11.3,9.1,2.9,0.0,53,中雨,0,,1,0,6,0.64,0.962,1.6,1.15,1415
2025-10-25,3,乌蒙大草原,2857,grassland,10.1,11.3,9.1,2.9,0.0,53,中雨,0,,1,0,6,0.64,0.952,1.6,1.15,2168
2025-10-25,4,水城古镇,1800,ancient_town,10.1,11.3,9.1,2.9,0.0,53,中雨,0,,1,0,6,0.846,0.97,1.6,1.15,1381
2025-10-25,5,明湖国家湿地公园,1750,wetland,10.1,11.3,9.1,2.9,0.0,53,中雨,0,,1,0,6,0.512,0.971,1.6,1.15,827
2025-10-26,1,梅花山风景区,2400,mountain,9.3,10.9,8.4,6.3,0.0,61,小雨,0,,1,0,7,0.64,0.96,1.6,1.15,1795
2025-10-26,2,玉舍国家森林公园,2300,forest,9.3,10.9,8.4,6.3,0.0,61,小雨,0,,1,0,7,0.64,0.962,1.6,1.15,1408
2025-10-26,3,乌蒙大草原,2857,grassland,9.3,10.9,8.4,6.3,0.0,61,小雨,0,,1,0,7,0.64,0.952,1.6,1.15,1950
2025-10-26,4,水城古镇,1800,ancient_town,9.3,10.9,8.4,6.3,0.0,61,小雨,0,,1,0,7,0.846,0.97,1.6,1.15,1452
2025-10-26,5,明湖国家湿地公园,1750,wetland,9.3,10.9,8.4,6.3,0.0,61,小雨,0,,1,0,7,0.512,0.971,1.6,1.15,862
2025-10-27,1,梅花山风景区,2400,mountain,10.1,14.1,7.5,3.3,0.0,61,小雨,0,,0,0,1,0.64,0.96,1.0,1.15,1048
2025-10-27,2,玉舍国家森林公园,2300,forest,10.1,14.1,7.5,3.3,0.0,61,小雨,0,,0,0,1,0.64,0.962,1.0,1.15,876
2025-10-27,3,乌蒙大草原,2857,grassland,10.1,14.1,7.5,3.3,0.0,61,小雨,0,,0,0,1,0.64,0.952,1.0,1.15,1271
2025-10-27,4,水城古镇,1800,ancient_town,10.1,14.1,7.5,3.3,0.0,61,小雨,0,,0,0,1,0.846,0.97,1.0,1.15,938
2025-10-27,5,明湖国家湿地公园,1750,wetland,10.1,14.1,7.5,3.3,0.0,61,小雨,0,,0,0,1,0.512,0.971,1.0,1.15,517
2025-10-28,1,梅花山风景区,2400,mountain,12.3,17.5,9.3,0.1,0.0,51,小雨,0,,0,0,2,1.0,0.96,1.0,1.15,1587
2025-10-28,2,玉舍国家森林公园,2300,forest,12.3,17.5,9.3,0.1,0.0,51,小雨,0,,0,0,2,1.0,0.962,1.0,1.15,1439
2025-10-28,3,乌蒙大草原,2857,grassland,12.3,17.5,9.3,0.1,0.0,51,小雨,0,,0,0,2,1.0,0.952,1.0,1.15,2025
2025-10-28,4,水城古镇,1800,ancient_town,12.3,17.5,9.3,0.1,0.0,51,小雨,0,,0,0,2,1.0,0.97,1.0,1.15,1193
2025-10-28,5,明湖国家湿地公园,1750,wetland,12.3,17.5,9.3,0.1,0.0,51,小雨,0,,0,0,2,1.0,0.971,1.0,1.15,978
2025-10-29,1,梅花山风景区,2400,mountain,12.0,14.1,9.5,6.0,0.0,61,小雨,0,,0,0,3,0.8,0.96,1.0,1.15,1288
2025-10-29,2,玉舍国家森林公园,2300,forest,12.0,14.1,9.5,6.0,0.0,61,小雨,0,,0,0,3,0.8,0.962,1.0,1.15,1044
2025-10-29,3,乌蒙大草原,2857,grassland,12.0,14.1,9.5,6.0,0.0,61,小雨,0,,0,0,3,0.8,0.952,1.0,1.15,1509
2025-10-29,4,水城古镇,1800,ancient_town,12.0,14.1,9.5,6.0,0.0,61,小雨,0,,0,0,3,0.94,0.97,1.0,1.15,1084
2025-10-29,5,明湖国家湿地公园,1750,wetland,12.0,14.1,9.5,6.0,0.0,61,小雨,0,,0,0,3,0.64,0.971,1.0,1.15,665
2025-10-30,1,梅花山风景区,2400,mountain,11.4,16.3,9.0,3.3,0.0,53,中雨,0,,0,0,4,0.64,0.96,1.0,1.15,1032
2025-10-30,2,玉舍国家森林公园,2300,forest,11.4,16.3,9.0,3.3,0.0,53,中雨,0,,0,0,4,0.64,0.962,1.0,1.15,835
2025-10-30,3,乌蒙大草原,2857,grassland,11.4,16.3,9.0,3.3,0.0,53,中雨,0,,0,0,4,0.64,0.952,1.0,1.15,1285
2025-10-30,4,水城古镇,1800,ancient_town,11.4,16.3,9.0,3.3,0.0,53,中雨,0,,0,0,4,0.846,0.97,1.0,1.15,908
2025-10-30,5,明湖国家湿地公园,1750,wetland,11.4,16.3,9.0,3.3,0.0,53,中雨,0,,0,0,4,0.512,0.971,1.0,1.15,503
2025-10-31,1,梅花山风景区,2400,mountain,10.0,11.2,8.1,10.0,0.0,55,大雨,0,,0,0,5,0.44,0.96,1.0,1.15,785
2025-10-31,2,玉舍国家森林公园,2300,forest,10.0,11.2,8.1,10.0,0.0,55,大雨,0,,0,0,5,0.44,0.962,1.0,1.15,562
2025-10-31,3,乌蒙大草原,2857,grassland,10.0,11.2,8.1,10.0,0.0,55,大雨,0,,0,0,5,0.44,0.952,1.0,1.15,845
2025-10-31,4,水城古镇,1800,ancient_town,10.0,11.2,8.1,10.0,0.0,55,大雨,0,,0,0,5,0.778,0.97,1.0,1.15,977
2025-10-31,5,明湖国家湿地公园,1750,wetland,10.0,11.2,8.1,10.0,0.0,55,大雨,0,,0,0,5,0.352,0.971,1.0,1.15,316
2025-11-01,1,梅花山风景区,2400,mountain,8.5,10.5,7.3,4.0,0.0,53,中雨,0,,1,0,6,0.64,0.96,1.6,0.95,1317
2025-11-01,2,玉舍国家森林公园,2300,forest,8.5,10.5,7.3,4.0,0.0,53,中雨,0,,1,0,6,0.64,0.962,1.6,0.95,1223
2025-11-01,3,乌蒙大草原,2857,grassland,8.5,10.5,7.3,4.0,0.0,53,中雨,0,,1,0,6,0.64,0.952,1.6,0.95,1633
2025-11-01,4,水城古镇,1800,ancient_town,8.5,10.5,7.3,4.0,0.0,53,中雨,0,,1,0,6,0.846,0.97,1.6,0.95,1278
2025-11-01,5,明湖国家湿地公园,1750,wetland,8.5,10.5,7.3,4.0,0.0,53,中雨,0,,1,0,6,0.512,0.971,1.6,0.95,752
2025-11-02,1,梅花山风景区,2400,mountain,7.6,8.9,6.7,9.2,0.0,53,中雨,0,,1,0,7,0.64,0.96,1.6,0.95,1350
2025-11-02,2,玉舍国家森林公园,2300,forest,7.6,8.9,6.7,9.2,0.0,53,中雨,0,,1,0,7,0.64,0.962,1.6,0.95,1089
2025-11-02,3,乌蒙大草原,2857,grassland,7.6,8.9,6.7,9.2,0.0,53,中雨,0,,1,0,7,0.64,0.952,1.6,0.95,1701
2025-11-02,4,水城古镇,1800,ancient_town,7.6,8.9,6.7,9.2,0.0,53,中雨,0,,1,0,7,0.846,0.97,1.6,0.95,1242
2025-11-02,5,明湖国家湿地公园,1750,wetland,7.6,8.9,6.7,9.2,0.0,53,中雨,0,,1,0,7,0.512,0.971,1.6,0.95,662
2025-11-03,1,梅花山风景区,2400,mountain,6.8,9.2,5.2,14.8,0.0,61,小雨,0,,0,0,1,0.44,0.96,1.0,0.95,597
2025-11-03,2,玉舍国家森林公园,2300,forest,6.8,9.2,5.2,14.8,0.0,61,小雨,0,,0,0,1,0.44,0.962,1.0,0.95,450
2025-11-03,3,乌蒙大草原,2857,grassland,6.8,9.2,5.2,14.8,0.0,61,小雨,0,,0,0,1,0.44,0.952,1.0,0.95,733
2025-11-03,4,水城古镇,1800,ancient_town,6.8,9.2,5.2,14.8,0.0,61,小雨,0,,0,0,1,0.778,0.97,1.0,0.95,747
2025-11-03,5,明湖国家湿地公园,1750,wetland,6.8,9.2,5.2,14.8,0.0,61,小雨,0,,0,0,1,0.352,0.971,1.0,0.95,289
2025-11-04,1,梅花山风景区,2400,mountain,9.2,15.4,4.7,0.4,0.0,51,小雨,0,,0,0,2,0.8,0.96,1.0,0.95,1082
2025-11-04,2,玉舍国家森林公园,2300,forest,9.2,15.4,4.7,0.4,0.0,51,小雨,0,,0,0,2,0.8,0.962,1.0,0.95,901
2025-11-04,3,乌蒙大草原,2857,grassland,9.2,15.4,4.7,0.4,0.0,51,小雨,0,,0,0,2,0.8,0.952,1.0,0.95,1267
2025-11-04,4,水城古镇,1800,ancient_town,9.2,15.4,4.7,0.4,0.0,51,小雨,0,,0,0,2,0.9,0.97,1.0,0.95,816
2025-11-04,5,明湖国家湿地公园,1750,wetland,9.2,15.4,4.7,0.4,0.0,51,小雨,0,,0,0,2,0.8,0.971,1.0,0.95,661
2025-11-05,1,梅花山风景区,2400,mountain,11.5,16.8,7.7,0.3,0.0,51,小雨,0,,0,0,3,0.8,0.96,1.0,0.95,1174
2025-11-05,2,玉舍国家森林公园,2300,forest,11.5,16.8,7.7,0.3,0.0,51,小雨,0,,0,0,3,0.8,0.962,1.0,0.95,874
2025-11-05,3,乌蒙大草原,2857,grassland,11.5,16.8,7.7,0.3,0.0,51,小雨,0,,0,0,3,0.8,0.952,1.0,0.95,1295
2025-11-05,4,水城古镇,1800,ancient_town,11.5,16.8,7.7,0.3,0.0,51,小雨,0,,0,0,3,0.9,0.97,1.0,0.95,822
2025-11-05,5,明湖国家湿地公园,1750,wetland,11.5,16.8,7.7,0.3,0.0,51,小雨,0,,0,0,3,0.8,0.971,1.0,0.95,651
2025-11-06,1,梅花山风景区,2400,mountain,15.2,23.3,11.4,0.0,0.0,3,阴,0,,0,0,4,1.0,1.08,1.0,0.95,1464
2025-11-06,2,玉舍国家森林公园,2300,forest,15.2,23.3,11.4,0.0,0.0,3,阴,0,,0,0,4,1.0,1.077,1.0,0.95,1170
2025-11-06,3,乌蒙大草原,2857,grassland,15.2,23.3,11.4,0.0,0.0,3,阴,0,,0,0,4,1.0,1.095,1.0,0.95,1953
2025-11-06,4,水城古镇,1800,ancient_town,15.2,23.3,11.4,0.0,0.0,3,阴,0,,0,0,4,1.0,1.06,1.0,0.95,978
2025-11-06,5,明湖国家湿地公园,1750,wetland,15.2,23.3,11.4,0.0,0.0,3,阴,0,,0,0,4,1.0,1.058,1.0,0.95,909
2025-11-07,1,梅花山风景区,2400,mountain,14.7,20.0,11.4,7.2,0.0,61,小雨,0,,0,0,5,0.8,0.96,1.0,0.95,1068
2025-11-07,2,玉舍国家森林公园,2300,forest,14.7,20.0,11.4,7.2,0.0,61,小雨,0,,0,0,5,0.8,0.962,1.0,0.95,818
2025-11-07,3,乌蒙大草原,2857,grassland,14.7,20.0,11.4,7.2,0.0,61,小雨,0,,0,0,5,0.8,0.952,1.0,0.95,1272
2025-11-07,4,水城古镇,1800,ancient_town,14.7,20.0,11.4,7.2,0.0,61,小雨,0,,0,0,5,0.94,0.97,1.0,0.95,926
2025-11-07,5,明湖国家湿地公园,1750,wetland,14.7,20.0,11.4,7.2,0.0,61,小雨,0,,0,0,5,0.64,0.971,1.0,0.95,520
2025-11-08,1,梅花山风景区,2400,mountain,11.5,13.5,9.8,6.5,0.0,55,大雨,0,,1,0,6,0.64,0.96,1.6,0.95,1353
2025-11-08,2,玉舍国家森林公园,2300,forest,11.5,13.5,9.8,6.5,0.0,55,大雨,0,,1,0,6,0.64,0.962,1.6,0.95,1098
2025-11-08,3,乌蒙大草原,2857,grassland,11.5,13.5,9.8,6.5,0.0,55,大雨,0,,1,0,6,0.64,0.952,1.6,0.95,1639
2025-11-08,4,水城古镇,1800,ancient_town,11.5,13.5,9.8,6.5,0.0,55,大雨,0,,1,0,6,0.846,0.97,1.6,0.95,1261
2025-11-08,5,明湖国家湿地公园,1750,wetland,11.5,13.5,9.8,6.5,0.0,55,大雨,0,,1,0,6,0.512,0.971,1.6,0.95,665
2025-11-09,1,梅花山风景区,2400,mountain,9.5,11.2,8.8,23.0,0.0,61,小雨,0,,1,0,7,0.24,0.96,1.6,0.95,522
2025-11-09,2,玉舍国家森林公园,2300,forest,9.5,11.2,8.8,23.0,0.0,61,小雨,0,,1,0,7,0.24,0.962,1.6,0.95,410
2025-11-09,3,乌蒙大草原,2857,grassland,9.5,11.2,8.8,23.0,0.0,61,小雨,0,,1,0,7,0.24,0.952,1.6,0.95,636
2025-11-09,4,水城古镇,1800,ancient_town,9.5,11.2,8.8,23.0,0.0,61,小雨,0,,1,0,7,0.711,0.97,1.6,0.95,1064
2025-11-09,5,明湖国家湿地公园,1750,wetland,9.5,11.2,8.8,23.0,0.0,61,小雨,0,,1,0,7,0.2,0.971,1.6,0.95,268
2025-11-10,1,梅花山风景区,2400,mountain,10.1,12.7,8.8,3.3,0.0,53,中雨,0,,0,0,1,0.64,0.96,1.0,0.95,903
2025-11-10,2,玉舍国家森林公园,2300,forest,10.1,12.7,8.8,3.3,0.0,53,中雨,0,,0,0,1,0.64,0.962,1.0,0.95,698
2025-11-10,3,乌蒙大草原,2857,grassland,10.1,12.7,8.8,3.3,0.0,53,中雨,0,,0,0,1,0.64,0.952,1.0,0.95,1105
2025-11-10,4,水城古镇,1800,ancient_town,10.1,12.7,8.8,3.3,0.0,53,中雨,0,,0,0,1,0.846,0.97,1.0,0.95,797
2025-11-10,5,明湖国家湿地公园,1750,wetland,10.1,12.7,8.8,3.3,0.0,53,中雨,0,,0,0,1,0.512,0.971,1.0,0.95,456
2025-11-11,1,梅花山风景区,2400,mountain,10.2,13.8,7.9,2.6,0.0,53,中雨,0,,0,0,2,0.64,0.96,1.0,0.95,872
2025-11-11,2,玉舍国家森林公园,2300,forest,10.2,13.8,7.9,2.6,0.0,53,中雨,0,,0,0,2,0.64,0.962,1.0,0.95,711
2025-11-11,3,乌蒙大草原,2857,grassland,10.2,13.8,7.9,2.6,0.0,53,中雨,0,,0,0,2,0.64,0.952,1.0,0.95,1006
2025-11-11,4,水城古镇,1800,ancient_town,10.2,13.8,7.9,2.6,0.0,53,中雨,0,,0,0,2,0.846,0.97,1.0,0.95,780
2025-11-11,5,明湖国家湿地公园,1750,wetland,10.2,13.8,7.9,2.6,0.0,53,中雨,0,,0,0,2,0.512,0.971,1.0,0.95,442
2025-11-12,1,梅花山风景区,2400,mountain,9.6,12.2,7.7,2.5,0.0,51,小雨,0,,0,0,3,0.64,0.96,1.0,0.95,859
2025-11-12,2,玉舍国家森林公园,2300,forest,9.6,12.2,7.7,2.5,0.0,51,小雨,0,,0,0,3,0.64,0.962,1.0,0.95,753
2025-11-12,3,乌蒙大草原,2857,grassland,9.6,12.2,7.7,2.5,0.0,51,小雨,0,,0,0,3,0.64,0.952,1.0,0.95,1043
2025-11-12,4,水城古镇,1800,ancient_town,9.6,12.2,7.7,2.5,0.0,51,小雨,0,,0,0,3,0.846,0.97,1.0,0.95,841
2025-11-12,5,明湖国家湿地公园,1750,wetland,9.6,12.2,7.7,2.5,0.0,51,小雨,0,,0,0,3,0.512,0.971,1.0,0.95,402
2025-11-13,1,梅花山风景区,2400,mountain,10.3,15.3,7.6,0.9,0.0,51,小雨,0,,0,0,4,0.8,0.96,1.0,0.95,1079
2025-11-13,2,玉舍国家森林公园,2300,forest,10.3,15.3,7.6,0.9,0.0,51,小雨,0,,0,0,4,0.8,0.962,1.0,0.95,855
2025-11-13,3,乌蒙大草原,2857,grassland,10.3,15.3,7.6,0.9,0.0,51,小雨,0,,0,0,4,0.8,0.952,1.0,0.95,1368
2025-11-13,4,水城古镇,1800,ancient_town,10.3,15.3,7.6,0.9,0.0,51,小雨,0,,0,0,4,0.9,0.97,1.0,0.95,855
2025-11-13,5,明湖国家湿地公园,1750,wetland,10.3,15.3,7.6,0.9,0.0,51,小雨,0,,0,0,4,0.8,0.971,1.0,0.95,661
2025-11-14,1,梅花山风景区,2400,mountain,10.4,15.0,8.3,1.0,0.0,51,小雨,0,,0,0,5,0.8,0.96,1.0,0.95,1069
2025-11-14,2,玉舍国家森林公园,2300,forest,10.4,15.0,8.3,1.0,0.0,51,小雨,0,,0,0,5,0.8,0.962,1.0,0.95,875
2025-11-14,3,乌蒙大草原,2857,grassland,10.4,15.0,8.3,1.0,0.0,51,小雨,0,,0,0,5,0.8,0.952,1.0,0.95,1350
2025-11-14,4,水城古镇,1800,ancient_town,10.4,15.0,8.3,1.0,0.0,51,小雨,0,,0,0,5,0.9,0.97,1.0,0.95,864
2025-11-14,5,明湖国家湿地公园,1750,wetland,10.4,15.0,8.3,1.0,0.0,51,小雨,0,,0,0,5,0.8,0.971,1.0,0.95,662
2025-11-15,1,梅花山风景区,2400,mountain,10.1,14.2,7.8,4.3,0.0,53,中雨,0,,1,0,6,0.64,0.96,1.6,0.95,1369
2025-11-15,2,玉舍国家森林公园,2300,forest,10.1,14.2,7.8,4.3,0.0,53,中雨,0,,1,0,6,0.64,0.962,1.6,0.95,1128
2025-11-15,3,乌蒙大草原,2857,grassland,10.1,14.2,7.8,4.3,0.0,53,中雨,0,,1,0,6,0.64,0.952,1.6,0.95,1678
2025-11-15,4,水城古镇,1800,ancient_town,10.1,14.2,7.8,4.3,0.0,53,中雨,0,,1,0,6,0.846,0.97,1.6,0.95,1263
2025-11-15,5,明湖国家湿地公园,1750,wetland,10.1,14.2,7.8,4.3,0.0,53,中雨,0,,1,0,6,0.512,0.971,1.6,0.95,664
2025-11-16,1,梅花山风景区,2400,mountain,11.2,17.8,6.9,0.1,0.0,51,小雨,0,,1,0,7,0.8,0.96,1.6,0.95,1903
2025-11-16,2,玉舍国家森林公园,2300,forest,11.2,17.8,6.9,0.1,0.0,51,小雨,0,,1,0,7,0.8,0.962,1.6,0.95,1359
2025-11-16,3,乌蒙大草原,2857,grassland,11.2,17.8,6.9,0.1,0.0,51,小雨,0,,1,0,7,0.8,0.952,1.6,0.95,2242
2025-11-16,4,水城古镇,1800,ancient_town,11.2,17.8,6.9,0.1,0.0,51,小雨,0,,1,0,7,0.9,0.97,1.6,0.95,1419
2025-11-16,5,明湖国家湿地公园,1750,wetland,11.2,17.8,6.9,0.1,0.0,51,小雨,0,,1,0,7,0.8,0.971,1.6,0.95,1112
2025-11-17,1,梅花山风景区,2400,mountain,8.8,11.3,6.7,1.7,0.0,51,小雨,0,,0,0,1,0.8,0.96,1.0,0.95,1196
2025-11-17,2,玉舍国家森林公园,2300,forest,8.8,11.3,6.7,1.7,0.0,51,小雨,0,,0,0,1,0.8,0.962,1.0,0.95,901
2025-11-17,3,乌蒙大草原,2857,grassland,8.8,11.3,6.7,1.7,0.0,51,小雨,0,,0,0,1,0.8,0.952,1.0,0.95,1282
2025-11-17,4,水城古镇,1800,ancient_town,8.8,11.3,6.7,1.7,0.0,51,小雨,0,,0,0,1,0.9,0.97,1.0,0.95,807
2025-11-17,5,明湖国家湿地公园,1750,wetland,8.8,11.3,6.7,1.7,0.0,51,小雨,0,,0,0,1,0.8,0.971,1.0,0.95,641
2025-11-18,1,梅花山风景区,2400,mountain,3.7,6.5,1.2,2.0,0.0,53,中雨,0,,0,0,2,0.4,0.84,1.0,0.95,498
2025-11-18,2,玉舍国家森林公园,2300,forest,3.7,6.5,1.2,2.0,0.0,53,中雨,0,,0,0,2,0.4,0.847,1.0,0.95,357
2025-11-18,3,乌蒙大草原,2857,grassland,3.7,6.5,1.2,2.0,0.0,53,中雨,0,,0,0,2,0.4,0.81,1.0,0.95,514
2025-11-18,4,水城古镇,1800,ancient_town,3.7,6.5,1.2,2.0,0.0,53,中雨,0,,0,0,2,0.705,0.88,1.0,0.95,634
2025-11-18,5,明湖国家湿地公园,1750,wetland,3.7,6.5,1.2,2.0,0.0,53,中雨,0,,0,0,2,0.32,0.883,1.0,0.95,253
2025-11-19,1,梅花山风景区,2400,mountain,4.9,11.5,1.2,0.0,0.0,3,阴,0,,0,0,3,0.5,0.84,1.0,0.95,610
2025-11-19,2,玉舍国家森林公园,2300,forest,4.9,11.5,1.2,0.0,0.0,3,阴,0,,0,0,3,0.5,0.847,1.0,0.95,504
2025-11-19,3,乌蒙大草原,2857,grassland,4.9,11.5,1.2,0.0,0.0,3,阴,0,,0,0,3,0.5,0.81,1.0,0.95,718
2025-11-19,4,水城古镇,1800,ancient_town,4.9,11.5,1.2,0.0,0.0,3,阴,0,,0,0,3,0.75,0.88,1.0,0.95,621
2025-11-19,5,明湖国家湿地公园,1750,wetland,4.9,11.5,1.2,0.0,0.0,3,阴,0,,0,0,3,0.5,0.883,1.0,0.95,349
2025-11-20,1,梅花山风景区,2400,mountain,5.6,10.6,1.9,0.0,0.0,3,阴,0,,0,0,4,0.8,0.96,1.0,0.95,1164
2025-11-20,2,玉舍国家森林公园,2300,forest,5.6,10.6,1.9,0.0,0.0,3,阴,0,,0,0,4,0.8,0.962,1.0,0.95,896
2025-11-20,3,乌蒙大草原,2857,grassland,5.6,10.6,1.9,0.0,0.0,3,阴,0,,0,0,4,0.8,0.952,1.0,0.95,1213
2025-11-20,4,水城古镇,1800,ancient_town,5.6,10.6,1.9,0.0,0.0,3,阴,0,,0,0,4,0.9,0.97,1.0,0.95,835
2025-11-20,5,明湖国家湿地公园,1750,wetland,5.6,10.6,1.9,0.0,0.0,3,阴,0,,0,0,4,0.8,0.971,1.0,0.95,648
2025-11-21,1,梅花山风景区,2400,mountain,5.9,11.5,1.4,0.0,0.0,3,阴,0,,0,0,5,0.8,0.96,1.0,0.95,1088
2025-11-21,2,玉舍国家森林公园,2300,forest,5.9,11.5,1.4,0.0,0.0,3,阴,0,,0,0,5,0.8,0.962,1.0,0.95,862
2025-11-21,3,乌蒙大草原,2857,grassland,5.9,11.5,1.4,0.0,0.0,3,阴,0,,0,0,5,0.8,0.952,1.0,0.95,1338
2025-11-21,4,水城古镇,1800,ancient_town,5.9,11.5,1.4,0.0,0.0,3,阴,0,,0,0,5,0.9,0.97,1.0,0.95,820
2025-11-21,5,明湖国家湿地公园,1750,wetland,5.9,11.5,1.4,0.0,0.0,3,阴,0,,0,0,5,0.8,0.971,1.0,0.95,625
2025-11-22,1,梅花山风景区,2400,mountain,7.2,10.9,3.0,0.1,0.0,51,小雨,0,,1,0,6,0.8,0.96,1.6,0.95,1809
2025-11-22,2,玉舍国家森林公园,2300,forest,7.2,10.9,3.0,0.1,0.0,51,小雨,0,,1,0,6,0.8,0.962,1.6,0.95,1437
2025-11-22,3,乌蒙大草原,2857,grassland,7.2,10.9,3.0,0.1,0.0,51,小雨,0,,1,0,6,0.8,0.952,1.6,0.95,1935
2025-11-22,4,水城古镇,1800,ancient_town,7.2,10.9,3.0,0.1,0.0,51,小雨,0,,1,0,6,0.9,0.97,1.6,0.95,1354
2025-11-22,5,明湖国家湿地公园,1750,wetland,7.2,10.9,3.0,0.1,0.0,51,小雨,0,,1,0,6,0.8,0.971,1.6,0.95,1109
2025-11-23,1,梅花山风景区,2400,mountain,4.1,7.0,2.0,2.9,0.0,51,小雨,0,,1,0,7,0.4,0.84,1.6,0.95,760
2025-11-23,2,玉舍国家森林公园,2300,forest,4.1,7.0,2.0,2.9,0.0,51,小雨,0,,1,0,7,0.4,0.847,1.6,0.95,623
2025-11-23,3,乌蒙大草原,2857,grassland,4.1,7.0,2.0,2.9,0.0,51,小雨,0,,1,0,7,0.4,0.81,1.6,0.95,852
2025-11-23,4,水城古镇,1800,ancient_town,4.1,7.0,2.0,2.9,0.0,51,小雨,0,,1,0,7,0.705,0.88,1.6,0.95,860
2025-11-23,5,明湖国家湿地公园,1750,wetland,4.1,7.0,2.0,2.9,0.0,51,小雨,0,,1,0,7,0.32,0.883,1.6,0.95,396
2025-11-24,1,梅花山风景区,2400,mountain,7.1,14.1,2.0,0.3,0.0,51,小雨,0,,0,0,1,0.8,0.96,1.0,0.95,1089
2025-11-24,2,玉舍国家森林公园,2300,forest,7.1,14.1,2.0,0.3,0.0,51,小雨,0,,0,0,1,0.8,0.962,1.0,0.95,895
2025-11-24,3,乌蒙大草原,2857,grassland,7.1,14.1,2.0,0.3,0.0,51,小雨,0,,0,0,1,0.8,0.952,1.0,0.95,1287
2025-11-24,4,水城古镇,1800,ancient_town,7.1,14.1,2.0,0.3,0.0,51,小雨,0,,0,0,1,0.9,0.97,1.0,0.95,818
2025-11-24,5,明湖国家湿地公园,1750,wetland,7.1,14.1,2.0,0.3,0.0,51,小雨,0,,0,0,1,0.8,0.971,1.0,0.95,669
2025-11-25,1,梅花山风景区,2400,mountain,4.6,12.7,-2.7,0.0,0.0,2,多云,0,,0,0,2,0.5,0.84,1.0,0.95,596
2025-11-25,2,玉舍国家森林公园,2300,forest,4.6,12.7,-2.7,0.0,0.0,2,多云,0,,0,0,2,0.5,0.847,1.0,0.95,503
2025-11-25,3,乌蒙大草原,2857,grassland,4.6,12.7,-2.7,0.0,0.0,2,多云,0,,0,0,2,0.5,0.81,1.0,0.95,677
2025-11-25,4,水城古镇,1800,ancient_town,4.6,12.7,-2.7,0.0,0.0,2,多云,0,,0,0,2,0.75,0.88,1.0,0.95,581
2025-11-25,5,明湖国家湿地公园,1750,wetland,4.6,12.7,-2.7,0.0,0.0,2,多云,0,,0,0,2,0.5,0.883,1.0,0.95,380
2025-11-26,1,梅花山风景区,2400,mountain,5.8,14.5,-0.4,0.0,0.0,2,多云,0,,0,0,3,0.8,0.96,1.0,0.95,1023
2025-11-26,2,玉舍国家森林公园,2300,forest,5.8,14.5,-0.4,0.0,0.0,2,多云,0,,0,0,3,0.8,0.962,1.0,0.95,765
2025-11-26,3,乌蒙大草原,2857,grassland,5.8,14.5,-0.4,0.0,0.0,2,多云,0,,0,0,3,0.8,0.952,1.0,0.95,1231
2025-11-26,4,水城古镇,1800,ancient_town,5.8,14.5,-0.4,0.0,0.0,2,多云,0,,0,0,3,0.9,0.97,1.0,0.95,811
2025-11-26,5,明湖国家湿地公园,1750,wetland,5.8,14.5,-0.4,0.0,0.0,2,多云,0,,0,0,3,0.8,0.971,1.0,0.95,637
2025-11-27,1,梅花山风景区,2400,mountain,5.9,14.1,-0.6,0.0,0.0,3,阴,0,,0,0,4,0.8,0.96,1.0,0.95,1010
2025-11-27,2,玉舍国家森林公园,2300,forest,5.9,14.1,-0.6,0.0,0.0,3,阴,0,,0,0,4,0.8,0.962,1.0,0.95,867
2025-11-27,3,乌蒙大草原,2857,grassland,5.9,14.1,-0.6,0.0,0.0,3,阴,0,,0,0,4,0.8,0.952,1.0,0.95,1382
2025-11-27,4,水城古镇,1800,ancient_town,5.9,14.1,-0.6,0.0,0.0,3,阴,0,,0,0,4,0.9,0.97,1.0,0.95,863
2025-11-27,5,明湖国家湿地公园,1750,wetland,5.9,14.1,-0.6,0.0,0.0,3,阴,0,,0,0,4,0.8,0.971,1.0,0.95,664
2025-11-28,1,梅花山风景区,2400,mountain,6.9,17.5,-1.6,0.0,0.0,0,晴,0,,0,0,5,0.8,0.96,1.0,0.95,1144
2025-11-28,2,玉舍国家森林公园,2300,forest,6.9,17.5,-1.6,0.0,0.0,0,晴,0,,0,0,5,0.8,0.962,1.0,0.95,857
2025-11-28,3,乌蒙大草原,2857,grassland,6.9,17.5,-1.6,0.0,0.0,0,晴,0,,0,0,5,0.8,0.952,1.0,0.95,1245
2025-11-28,4,水城古镇,1800,ancient_town,6.9,17.5,-1.6,0.0,0.0,0,晴,0,,0,0,5,0.9,0.97,1.0,0.95,857
2025-11-28,5,明湖国家湿地公园,1750,wetland,6.9,17.5,-1.6,0.0,0.0,0,晴,0,,0,0,5,0.8,0.971,1.0,0.95,628
2025-11-29,1,梅花山风景区,2400,mountain,8.0,18.3,0.3,0.0,0.0,0,晴,0,,1,0,6,0.8,0.96,1.6,0.95,1780
2025-11-29,2,玉舍国家森林公园,2300,forest,8.0,18.3,0.3,0.0,0.0,0,晴,0,,1,0,6,0.8,0.962,1.6,0.95,1401
2025-11-29,3,乌蒙大草原,2857,grassland,8.0,18.3,0.3,0.0,0.0,0,晴,0,,1,0,6,0.8,0.952,1.6,0.95,2046
2025-11-29,4,水城古镇,1800,ancient_town,8.0,18.3,0.3,0.0,0.0,0,晴,0,,1,0,6,0.9,0.97,1.6,0.95,1296
2025-11-29,5,明湖国家湿地公园,1750,wetland,8.0,18.3,0.3,0.0,0.0,0,晴,0,,1,0,6,0.8,0.971,1.6,0.95,1122
2025-11-30,1,梅花山风景区,2400,mountain,6.8,13.4,2.2,0.0,0.0,2,多云,0,,1,0,7,0.8,0.96,1.6,0.95,1611
2025-11-30,2,玉舍国家森林公园,2300,forest,6.8,13.4,2.2,0.0,0.0,2,多云,0,,1,0,7,0.8,0.962,1.6,0.95,1422
2025-11-30,3,乌蒙大草原,2857,grassland,6.8,13.4,2.2,0.0,0.0,2,多云,0,,1,0,7,0.8,0.952,1.6,0.95,2054
2025-11-30,4,水城古镇,1800,ancient_town,6.8,13.4,2.2,0.0,0.0,2,多云,0,,1,0,7,0.9,0.97,1.6,0.95,1277
2025-11-30,5,明湖国家湿地公园,1750,wetland,6.8,13.4,2.2,0.0,0.0,2,多云,0,,1,0,7,0.8,0.971,1.6,0.95,1064
2025-12-01,1,梅花山风景区,2400,mountain,7.7,16.8,1.7,0.0,0.0,3,阴,0,,0,0,1,0.8,0.96,1.0,0.75,877
2025-12-01,2,玉舍国家森林公园,2300,forest,7.7,16.8,1.7,0.0,0.0,3,阴,0,,0,0,1,0.8,0.962,1.0,0.75,690
2025-12-01,3,乌蒙大草原,2857,grassland,7.7,16.8,1.7,0.0,0.0,3,阴,0,,0,0,1,0.8,0.952,1.0,0.75,1041
2025-12-01,4,水城古镇,1800,ancient_town,7.7,16.8,1.7,0.0,0.0,3,阴,0,,0,0,1,0.9,0.97,1.0,0.75,701
2025-12-01,5,明湖国家湿地公园,1750,wetland,7.7,16.8,1.7,0.0,0.0,3,阴,0,,0,0,1,0.8,0.971,1.0,0.75,508
2025-12-02,1,梅花山风景区,2400,mountain,7.7,11.0,4.4,2.2,0.0,51,小雨,0,,0,0,2,0.64,0.96,1.0,0.75,705
2025-12-02,2,玉舍国家森林公园,2300,forest,7.7,11.0,4.4,2.2,0.0,51,小雨,0,,0,0,2,0.64,0.962,1.0,0.75,505
2025-12-02,3,乌蒙大草原,2857,grassland,7.7,11.0,4.4,2.2,0.0,51,小雨,0,,0,0,2,0.64,0.952,1.0,0.75,841
2025-12-02,4,水城古镇,1800,ancient_town,7.7,11.0,4.4,2.2,0.0,51,小雨,0,,0,0,2,0.846,0.97,1.0,0.75,558
2025-12-02,5,明湖国家湿地公园,1750,wetland,7.7,11.0,4.4,2.2,0.0,51,小雨,0,,0,0,2,0.512,0.971,1.0,0.75,346
2025-12-03,1,梅花山风景区,2400,mountain,6.5,8.2,5.3,1.9,0.0,51,小雨,0,,0,0,3,0.8,0.96,1.0,0.75,843
2025-12-03,2,玉舍国家森林公园,2300,forest,6.5,8.2,5.3,1.9,0.0,51,小雨,0,,0,0,3,0.8,0.962,1.0,0.75,698
2025-12-03,3,乌蒙大草原,2857,grassland,6.5,8.2,5.3,1.9,0.0,51,小雨,0,,0,0,3,0.8,0.952,1.0,0.75,953
2025-12-03,4,水城古镇,1800,ancient_town,6.5,8.2,5.3,1.9,0.0,51,小雨,0,,0,0,3,0.9,0.97,1.0,0.75,655
2025-12-03,5,明湖国家湿地公园,1750,wetland,6.5,8.2,5.3,1.9,0.0,51,小雨,0,,0,0,3,0.8,0.971,1.0,0.75,545
2025-12-04,1,梅花山风景区,2400,mountain,5.5,6.2,3.8,0.9,0.0,51,小雨,0,,0,0,4,0.8,0.96,1.0,0.75,890
2025-12-04,2,玉舍国家森林公园,2300,forest,5.5,6.2,3.8,0.9,0.0,51,小雨,0,,0,0,4,0.8,0.962,1.0,0.75,691
2025-12-04,3,乌蒙大草原,2857,grassland,5.5,6.2,3.8,0.9,0.0,51,小雨,0,,0,0,4,0.8,0.952,1.0,0.75,1028
2025-12-04,4,水城古镇,1800,ancient_town,5.5,6.2,3.8,0.9,0.0,51,小雨,0,,0,0,4,0.9,0.97,1.0,0.75,692
2025-12-04,5,明湖国家湿地公园,1750,wetland,5.5,6.2,3.8,0.9,0.0,51,小雨,0,,0,0,4,0.8,0.971,1.0,0.75,543
2025-12-05,1,梅花山风景区,2400,mountain,6.9,14.6,2.8,0.3,0.0,51,小雨,0,,0,0,5,0.8,0.96,1.0,0.75,837
2025-12-05,2,玉舍国家森林公园,2300,forest,6.9,14.6,2.8,0.3,0.0,51,小雨,0,,0,0,5,0.8,0.962,1.0,0.75,672
2025-12-05,3,乌蒙大草原,2857,grassland,6.9,14.6,2.8,0.3,0.0,51,小雨,0,,0,0,5,0.8,0.952,1.0,0.75,993
2025-12-05,4,水城古镇,1800,ancient_town,6.9,14.6,2.8,0.3,0.0,51,小雨,0,,0,0,5,0.9,0.97,1.0,0.75,653
2025-12-05,5,明湖国家湿地公园,1750,wetland,6.9,14.6,2.8,0.3,0.0,51,小雨,0,,0,0,5,0.8,0.971,1.0,0.75,493
2025-12-06,1,梅花山风景区,2400,mountain,7.0,13.7,2.3,0.3,0.0,51,小雨,0,,1,0,6,0.8,0.96,1.6,0.75,1233
2025-12-06,2,玉舍国家森林公园,2300,forest,7.0,13.7,2.3,0.3,0.0,51,小雨,0,,1,0,6,0.8,0.962,1.6,0.75,1095
2025-12-06,3,乌蒙大草原,2857,grassland,7.0,13.7,2.3,0.3,0.0,51,小雨,0,,1,0,6,0.8,0.952,1.6,0.75,1666
2025-12-06,4,水城古镇,1800,ancient_town,7.0,13.7,2.3,0.3,0.0,51,小雨,0,,1,0,6,0.9,0.97,1.6,0.75,1057
2025-12-06,5,明湖国家湿地公园,1750,wetland,7.0,13.7,2.3,0.3,0.0,51,小雨,0,,1,0,6,0.8,0.971,1.6,0.75,884
2025-12-07,1,梅花山风景区,2400,mountain,7.4,13.7,3.5,1.6,0.0,51,小雨,0,,1,0,7,0.8,0.96,1.6,0.75,1293
2025-12-07,2,玉舍国家森林公园,2300,forest,7.4,13.7,3.5,1.6,0.0,51,小雨,0,,1,0,7,0.8,0.962,1.6,0.75,1079
2025-12-07,3,乌蒙大草原,2857,grassland,7.4,13.7,3.5,1.6,0.0,51,小雨,0,,1,0,7,0.8,0.952,1.6,0.75,1527
2025-12-07,4,水城古镇,1800,ancient_town,7.4,13.7,3.5,1.6,0.0,51,小雨,0,,1,0,7,0.9,0.97,1.6,0.75,1060
2025-12-07,5,明湖国家湿地公园,1750,wetland,7.4,13.7,3.5,1.6,0.0,51,小雨,0,,1,0,7,0.8,0.971,1.6,0.75,834
2025-12-08,1,梅花山风景区,2400,mountain,5.9,10.7,0.9,0.0,0.0,3,阴,0,,0,0,1,0.8,0.96,1.0,0.75,843
2025-12-08,2,玉舍国家森林公园,2300,forest,5.9,10.7,0.9,0.0,0.0,3,阴,0,,0,0,1,0.8,0.962,1.0,0.75,693
2025-12-08,3,乌蒙大草原,2857,grassland,5.9,10.7,0.9,0.0,0.0,3,阴,0,,0,0,1,0.8,0.952,1.0,0.75,992
2025-12-08,4,水城古镇,1800,ancient_town,5.9,10.7,0.9,0.0,0.0,3,阴,0,,0,0,1,0.9,0.97,1.0,0.75,621
2025-12-08,5,明湖国家湿地公园,1750,wetland,5.9,10.7,0.9,0.0,0.0,3,阴,0,,0,0,1,0.8,0.971,1.0,0.75,565
2025-12-09,1,梅花山风景区,2400,mountain,8.5,13.7,6.1,0.3,0.0,51,小雨,0,,0,0,2,0.8,0.96,1.0,0.75,899
2025-12-09,2,玉舍国家森林公园,2300,forest,8.5,13.7,6.1,0.3,0.0,51,小雨,0,,0,0,2,0.8,0.962,1.0,0.75,686
2025-12-09,3,乌蒙大草原,2857,grassland,8.5,13.7,6.1,0.3,0.0,51,小雨,0,,0,0,2,0.8,0.952,1.0,0.75,949
2025-12-09,4,水城古镇,1800,ancient_town,8.5,13.7,6.1,0.3,0.0,51,小雨,0,,0,0,2,0.9,0.97,1.0,0.75,647
2025-12-09,5,明湖国家湿地公园,1750,wetland,8.5,13.7,6.1,0.3,0.0,51,小雨,0,,0,0,2,0.8,0.971,1.0,0.75,539
2025-12-10,1,梅花山风景区,2400,mountain,7.5,14.2,3.7,0.6,0.0,51,小雨,0,,0,0,3,0.8,0.96,1.0,0.75,871
2025-12-10,2,玉舍国家森林公园,2300,forest,7.5,14.2,3.7,0.6,0.0,51,小雨,0,,0,0,3,0.8,0.962,1.0,0.75,727
2025-12-10,3,乌蒙大草原,2857,grassland,7.5,14.2,3.7,0.6,0.0,51,小雨,0,,0,0,3,0.8,0.952,1.0,0.75,1091
2025-12-10,4,水城古镇,1800,ancient_town,7.5,14.2,3.7,0.6,0.0,51,小雨,0,,0,0,3,0.9,0.97,1.0,0.75,651
2025-12-10,5,明湖国家湿地公园,1750,wetland,7.5,14.2,3.7,0.6,0.0,51,小雨,0,,0,0,3,0.8,0.971,1.0,0.75,511
2025-12-11,1,梅花山风景区,2400,mountain,8.6,16.0,3.0,0.0,0.0,3,阴,0,,0,0,4,0.8,0.96,1.0,0.75,842
2025-12-11,2,玉舍国家森林公园,2300,forest,8.6,16.0,3.0,0.0,0.0,3,阴,0,,0,0,4,0.8,0.962,1.0,0.75,678
2025-12-11,3,乌蒙大草原,2857,grassland,8.6,16.0,3.0,0.0,0.0,3,阴,0,,0,0,4,0.8,0.952,1.0,0.75,1075
2025-12-11,4,水城古镇,1800,ancient_town,8.6,16.0,3.0,0.0,0.0,3,阴,0,,0,0,4,0.9,0.97,1.0,0.75,640
2025-12-11,5,明湖国家湿地公园,1750,wetland,8.6,16.0,3.0,0.0,0.0,3,阴,0,,0,0,4,0.8,0.971,1.0,0.75,480
2025-12-12,1,梅花山风景区,2400,mountain,9.3,16.9,3.9,0.3,0.0,51,小雨,0,,0,0,5,0.8,0.96,1.0,0.75,884
2025-12-12,2,玉舍国家森林公园,2300,forest,9.3,16.9,3.9,0.3,0.0,51,小雨,0,,0,0,5,0.8,0.962,1.0,0.75,688
2025-12-12,3,乌蒙大草原,2857,grassland,9.3,16.9,3.9,0.3,0.0,51,小雨,0,,0,0,5,0.8,0.952,1.0,0.75,1004
2025-12-12,4,水城古镇,1800,ancient_town,9.3,16.9,3.9,0.3,0.0,51,小雨,0,,0,0,5,0.9,0.97,1.0,0.75,590
2025-12-12,5,明湖国家湿地公园,1750,wetland,9.3,16.9,3.9,0.3,0.0,51,小雨,0,,0,0,5,0.8,0.971,1.0,0.75,554
2025-12-13,1,梅花山风景区,2400,mountain,6.1,9.7,3.2,1.5,0.0,51,小雨,0,,1,0,6,0.8,0.96,1.6,0.75,1430
2025-12-13,2,玉舍国家森林公园,2300,forest,6.1,9.7,3.2,1.5,0.0,51,小雨,0,,1,0,6,0.8,0.962,1.6,0.75,1044
2025-12-13,3,乌蒙大草原,2857,grassland,6.1,9.7,3.2,1.5,0.0,51,小雨,0,,1,0,6,0.8,0.952,1.6,0.75,1658
2025-12-13,4,水城古镇,1800,ancient_town,6.1,9.7,3.2,1.5,0.0,51,小雨,0,,1,0,6,0.9,0.97,1.6,0.75,990
2025-12-13,5,明湖国家湿地公园,1750,wetland,6.1,9.7,3.2,1.5,0.0,51,小雨,0,,1,0,6,0.8,0.971,1.6,0.75,781
2025-12-14,1,梅花山风景区,2400,mountain,5.5,10.2,3.3,0.0,0.0,3,阴,0,,1,0,7,0.8,0.96,1.6,0.75,1237
2025-12-14,2,玉舍国家森林公园,2300,forest,5.5,10.2,3.3,0.0,0.0,3,阴,0,,1,0,7,0.8,0.962,1.6,0.75,1151
2025-12-14,3,乌蒙大草原,2857,grassland,5.5,10.2,3.3,0.0,0.0,3,阴,0,,1,0,7,0.8,0.952,1.6,0.75,1718
2025-12-14,4,水城古镇,1800,ancient_town,5.5,10.2,3.3,0.0,0.0,3,阴,0,,1,0,7,0.9,0.97,1.6,0.75,1031
2025-12-14,5,明湖国家湿地公园,1750,wetland,5.5,10.2,3.3,0.0,0.0,3,阴,0,,1,0,7,0.8,0.971,1.6,0.75,836
2025-12-15,1,梅花山风景区,2400,mountain,7.9,14.3,4.8,0.0,0.0,3,阴,0,,0,0,1,0.8,0.96,1.0,0.75,939
2025-12-15,2,玉舍国家森林公园,2300,forest,7.9,14.3,4.8,0.0,0.0,3,阴,0,,0,0,1,0.8,0.962,1.0,0.75,666
2025-12-15,3,乌蒙大草原,2857,grassland,7.9,14.3,4.8,0.0,0.0,3,阴,0,,0,0,1,0.8,0.952,1.0,0.75,967
2025-12-15,4,水城古镇,1800,ancient_town,7.9,14.3,4.8,0.0,0.0,3,阴,0,,0,0,1,0.9,0.97,1.0,0.75,658
2025-12-15,5,明湖国家湿地公园,1750,wetland,7.9,14.3,4.8,0.0,0.0,3,阴,0,,0,0,1,0.8,0.971,1.0,0.75,538
2025-12-16,1,梅花山风景区,2400,mountain,8.1,12.0,5.1,0.2,0.0,51,小雨,0,,0,0,2,0.8,0.96,1.0,0.75,851
2025-12-16,2,玉舍国家森林公园,2300,forest,8.1,12.0,5.1,0.2,0.0,51,小雨,0,,0,0,2,0.8,0.962,1.0,0.75,643
2025-12-16,3,乌蒙大草原,2857,grassland,8.1,12.0,5.1,0.2,0.0,51,小雨,0,,0,0,2,0.8,0.952,1.0,0.75,989
2025-12-16,4,水城古镇,1800,ancient_town,8.1,12.0,5.1,0.2,0.0,51,小雨,0,,0,0,2,0.9,0.97,1.0,0.75,677
2025-12-16,5,明湖国家湿地公园,1750,wetland,8.1,12.0,5.1,0.2,0.0,51,小雨,0,,0,0,2,0.8,0.971,1.0,0.75,542
2025-12-17,1,梅花山风景区,2400,mountain,6.8,13.5,3.4,0.0,0.0,3,阴,0,,0,0,3,0.8,0.96,1.0,0.75,791
2025-12-17,2,玉舍国家森林公园,2300,forest,6.8,13.5,3.4,0.0,0.0,3,阴,0,,0,0,3,0.8,0.962,1.0,0.75,650
2025-12-17,3,乌蒙大草原,2857,grassland,6.8,13.5,3.4,0.0,0.0,3,阴,0,,0,0,3,0.8,0.952,1.0,0.75,977
2025-12-17,4,水城古镇,1800,ancient_town,6.8,13.5,3.4,0.0,0.0,3,阴,0,,0,0,3,0.9,0.97,1.0,0.75,653
2025-12-17,5,明湖国家湿地公园,1750,wetland,6.8,13.5,3.4,0.0,0.0,3,阴,0,,0,0,3,0.8,0.971,1.0,0.75,582
2025-12-18,1,梅花山风景区,2400,mountain,7.8,15.6,1.8,0.0,0.0,3,阴,0,,0,0,4,0.8,0.96,1.0,0.75,851
2025-12-18,2,玉舍国家森林公园,2300,forest,7.8,15.6,1.8,0.0,0.0,3,阴,0,,0,0,4,0.8,0.962,1.0,0.75,694
2025-12-18,3,乌蒙大草原,2857,grassland,7.8,15.6,1.8,0.0,0.0,3,阴,0,,0,0,4,0.8,0.952,1.0,0.75,987
2025-12-18,4,水城古镇,1800,ancient_town,7.8,15.6,1.8,0.0,0.0,3,阴,0,,0,0,4,0.9,0.97,1.0,0.75,739
2025-12-18,5,明湖国家湿地公园,1750,wetland,7.8,15.6,1.8,0.0,0.0,3,阴,0,,0,0,4,0.8,0.971,1.0,0.75,508
2025-12-19,1,梅花山风景区,2400,mountain,8.8,18.0,2.7,0.0,0.0,1,晴转多云,0,,0,0,5,0.8,0.96,1.0,0.75,841
2025-12-19,2,玉舍国家森林公园,2300,forest,8.8,18.0,2.7,0.0,0.0,1,晴转多云,0,,0,0,5,0.8,0.962,1.0,0.75,697
2025-12-19,3,乌蒙大草原,2857,grassland,8.8,18.0,2.7,0.0,0.0,1,晴转多云,0,,0,0,5,0.8,0.952,1.0,0.75,960
2025-12-19,4,水城古镇,1800,ancient_town,8.8,18.0,2.7,0.0,0.0,1,晴转多云,0,,0,0,5,0.9,0.97,1.0,0.75,681
2025-12-19,5,明湖国家湿地公园,1750,wetland,8.8,18.0,2.7,0.0,0.0,1,晴转多云,0,,0,0,5,0.8,0.971,1.0,0.75,524
2025-12-20,1,梅花山风景区,2400,mountain,6.6,9.6,4.4,1.4,0.0,51,小雨,0,,1,0,6,0.8,0.96,1.6,0.75,1324
2025-12-20,2,玉舍国家森林公园,2300,forest,6.6,9.6,4.4,1.4,0.0,51,小雨,0,,1,0,6,0.8,0.962,1.6,0.75,1074
2025-12-20,3,乌蒙大草原,2857,grassland,6.6,9.6,4.4,1.4,0.0,51,小雨,0,,1,0,6,0.8,0.952,1.6,0.75,1489
2025-12-20,4,水城古镇,1800,ancient_town,6.6,9.6,4.4,1.4,0.0,51,小雨,0,,1,0,6,0.9,0.97,1.6,0.75,1018
2025-12-20,5,明湖国家湿地公园,1750,wetland,6.6,9.6,4.4,1.4,0.0,51,小雨,0,,1,0,6,0.8,0.971,1.6,0.75,743
2025-12-21,1,梅花山风景区,2400,mountain,7.3,13.8,4.4,0.0,0.0,3,阴,0,,1,0,7,0.8,0.96,1.6,0.75,1351
2025-12-21,2,玉舍国家森林公园,2300,forest,7.3,13.8,4.4,0.0,0.0,3,阴,0,,1,0,7,0.8,0.962,1.6,0.75,1080
2025-12-21,3,乌蒙大草原,2857,grassland,7.3,13.8,4.4,0.0,0.0,3,阴,0,,1,0,7,0.8,0.952,1.6,0.75,1597
2025-12-21,4,水城古镇,1800,ancient_town,7.3,13.8,4.4,0.0,0.0,3,阴,0,,1,0,7,0.9,0.97,1.6,0.75,1017
2025-12-21,5,明湖国家湿地公园,1750,wetland,7.3,13.8,4.4,0.0,0.0,3,阴,0,,1,0,7,0.8,0.971,1.6,0.75,803
2025-12-22,1,梅花山风景区,2400,mountain,9.6,18.4,5.6,0.0,0.0,3,阴,0,,0,0,1,0.8,0.96,1.0,0.75,917
2025-12-22,2,玉舍国家森林公园,2300,forest,9.6,18.4,5.6,0.0,0.0,3,阴,0,,0,0,1,0.8,0.962,1.0,0.75,742
2025-12-22,3,乌蒙大草原,2857,grassland,9.6,18.4,5.6,0.0,0.0,3,阴,0,,0,0,1,0.8,0.952,1.0,0.75,1019
2025-12-22,4,水城古镇,1800,ancient_town,9.6,18.4,5.6,0.0,0.0,3,阴,0,,0,0,1,0.9,0.97,1.0,0.75,692
2025-12-22,5,明湖国家湿地公园,1750,wetland,9.6,18.4,5.6,0.0,0.0,3,阴,0,,0,0,1,0.8,0.971,1.0,0.75,516
2025-12-23,1,梅花山风景区,2400,mountain,5.6,9.4,2.6,1.3,0.0,51,小雨,0,,0,0,2,0.8,0.96,1.0,0.75,850
2025-12-23,2,玉舍国家森林公园,2300,forest,5.6,9.4,2.6,1.3,0.0,51,小雨,0,,0,0,2,0.8,0.962,1.0,0.75,663
2025-12-23,3,乌蒙大草原,2857,grassland,5.6,9.4,2.6,1.3,0.0,51,小雨,0,,0,0,2,0.8,0.952,1.0,0.75,1064
2025-12-23,4,水城古镇,1800,ancient_town,5.6,9.4,2.6,1.3,0.0,51,小雨,0,,0,0,2,0.9,0.97,1.0,0.75,674
2025-12-23,5,明湖国家湿地公园,1750,wetland,5.6,9.4,2.6,1.3,0.0,51,小雨,0,,0,0,2,0.8,0.971,1.0,0.75,490
2025-12-24,1,梅花山风景区,2400,mountain,3.2,4.4,1.9,4.2,0.0,53,中雨,0,,0,0,3,0.4,0.84,1.0,0.75,381
2025-12-24,2,玉舍国家森林公园,2300,forest,3.2,4.4,1.9,4.2,0.0,53,中雨,0,,0,0,3,0.4,0.847,1.0,0.75,296
2025-12-24,3,乌蒙大草原,2857,grassland,3.2,4.4,1.9,4.2,0.0,53,中雨,0,,0,0,3,0.4,0.81,1.0,0.75,417
2025-12-24,4,水城古镇,1800,ancient_town,3.2,4.4,1.9,4.2,0.0,53,中雨,0,,0,0,3,0.705,0.88,1.0,0.75,464
2025-12-24,5,明湖国家湿地公园,1750,wetland,3.2,4.4,1.9,4.2,0.0,53,中雨,0,,0,0,3,0.32,0.883,1.0,0.75,172
2025-12-25,1,梅花山风景区,2400,mountain,3.2,6.4,1.1,0.3,0.07,71,小雪,0,,0,0,4,0.5,0.84,1.0,0.75,462
2025-12-25,2,玉舍国家森林公园,2300,forest,3.2,6.4,1.1,0.3,0.07,71,小雪,0,,0,0,4,0.5,0.847,1.0,0.75,416
2025-12-25,3,乌蒙大草原,2857,grassland,3.2,6.4,1.1,0.3,0.07,71,小雪,0,,0,0,4,0.5,0.81,1.0,0.75,558
2025-12-25,4,水城古镇,1800,ancient_town,3.2,6.4,1.1,0.3,0.07,71,小雪,0,,0,0,4,0.75,0.88,1.0,0.75,466
2025-12-25,5,明湖国家湿地公园,1750,wetland,3.2,6.4,1.1,0.3,0.07,71,小雪,0,,0,0,4,0.5,0.883,1.0,0.75,306
2025-12-26,1,梅花山风景区,2400,mountain,3.5,7.2,2.2,0.0,0.0,3,阴,0,,0,0,5,0.5,0.84,1.0,0.75,474
2025-12-26,2,玉舍国家森林公园,2300,forest,3.5,7.2,2.2,0.0,0.0,3,阴,0,,0,0,5,0.5,0.847,1.0,0.75,374
2025-12-26,3,乌蒙大草原,2857,grassland,3.5,7.2,2.2,0.0,0.0,3,阴,0,,0,0,5,0.5,0.81,1.0,0.75,530
2025-12-26,4,水城古镇,1800,ancient_town,3.5,7.2,2.2,0.0,0.0,3,阴,0,,0,0,5,0.75,0.88,1.0,0.75,495
2025-12-26,5,明湖国家湿地公园,1750,wetland,3.5,7.2,2.2,0.0,0.0,3,阴,0,,0,0,5,0.5,0.883,1.0,0.75,289
2025-12-27,1,梅花山风景区,2400,mountain,4.0,5.9,2.9,0.4,0.0,51,小雨,0,,1,0,6,0.5,0.84,1.6,0.75,749
2025-12-27,2,玉舍国家森林公园,2300,forest,4.0,5.9,2.9,0.4,0.0,51,小雨,0,,1,0,6,0.5,0.847,1.6,0.75,632
2025-12-27,3,乌蒙大草原,2857,grassland,4.0,5.9,2.9,0.4,0.0,51,小雨,0,,1,0,6,0.5,0.81,1.6,0.75,909
2025-12-27,4,水城古镇,1800,ancient_town,4.0,5.9,2.9,0.4,0.0,51,小雨,0,,1,0,6,0.75,0.88,1.6,0.75,740
2025-12-27,5,明湖国家湿地公园,1750,wetland,4.0,5.9,2.9,0.4,0.0,51,小雨,0,,1,0,6,0.5,0.883,1.6,0.75,465
2025-12-28,1,梅花山风景区,2400,mountain,6.0,12.5,3.4,0.0,0.0,3,阴,0,,1,0,7,0.8,0.96,1.6,0.75,1493
2025-12-28,2,玉舍国家森林公园,2300,forest,6.0,12.5,3.4,0.0,0.0,3,阴,0,,1,0,7,0.8,0.962,1.6,0.75,1207
2025-12-28,3,乌蒙大草原,2857,grassland,6.0,12.5,3.4,0.0,0.0,3,阴,0,,1,0,7,0.8,0.952,1.6,0.75,1676
2025-12-28,4,水城古镇,1800,ancient_town,6.0,12.5,3.4,0.0,0.0,3,阴,0,,1,0,7,0.9,0.97,1.6,0.75,1131
2025-12-28,5,明湖国家湿地公园,1750,wetland,6.0,12.5,3.4,0.0,0.0,3,阴,0,,1,0,7,0.8,0.971,1.6,0.75,889
2025-12-29,1,梅花山风景区,2400,mountain,6.8,9.7,5.6,0.6,0.0,51,小雨,0,,0,0,1,0.8,0.96,1.0,0.75,858
2025-12-29,2,玉舍国家森林公园,2300,forest,6.8,9.7,5.6,0.6,0.0,51,小雨,0,,0,0,1,0.8,0.962,1.0,0.75,623
2025-12-29,3,乌蒙大草原,2857,grassland,6.8,9.7,5.6,0.6,0.0,51,小雨,0,,0,0,1,0.8,0.952,1.0,0.75,1025
2025-12-29,4,水城古镇,1800,ancient_town,6.8,9.7,5.6,0.6,0.0,51,小雨,0,,0,0,1,0.9,0.97,1.0,0.75,612
2025-12-29,5,明湖国家湿地公园,1750,wetland,6.8,9.7,5.6,0.6,0.0,51,小雨,0,,0,0,1,0.8,0.971,1.0,0.75,527
2025-12-30,1,梅花山风景区,2400,mountain,7.0,10.8,5.5,2.5,0.0,51,小雨,0,,0,0,2,0.64,0.96,1.0,0.75,751
2025-12-30,2,玉舍国家森林公园,2300,forest,7.0,10.8,5.5,2.5,0.0,51,小雨,0,,0,0,2,0.64,0.962,1.0,0.75,560
2025-12-30,3,乌蒙大草原,2857,grassland,7.0,10.8,5.5,2.5,0.0,51,小雨,0,,0,0,2,0.64,0.952,1.0,0.75,790
2025-12-30,4,水城古镇,1800,ancient_town,7.0,10.8,5.5,2.5,0.0,51,小雨,0,,0,0,2,0.846,0.97,1.0,0.75,579
2025-12-30,5,明湖国家湿地公园,1750,wetland,7.0,10.8,5.5,2.5,0.0,51,小雨,0,,0,0,2,0.512,0.971,1.0,0.75,302
2025-12-31,1,梅花山风景区,2400,mountain,7.8,11.2,5.0,1.6,0.0,51,小雨,0,,0,0,3,0.8,0.96,1.0,0.75,781
2025-12-31,2,玉舍国家森林公园,2300,forest,7.8,11.2,5.0,1.6,0.0,51,小雨,0,,0,0,3,0.8,0.962,1.0,0.75,748
2025-12-31,3,乌蒙大草原,2857,grassland,7.8,11.2,5.0,1.6,0.0,51,小雨,0,,0,0,3,0.8,0.952,1.0,0.75,1072
2025-12-31,4,水城古镇,1800,ancient_town,7.8,11.2,5.0,1.6,0.0,51,小雨,0,,0,0,3,0.9,0.97,1.0,0.75,650
2025-12-31,5,明湖国家湿地公园,1750,wetland,7.8,11.2,5.0,1.6,0.0,51,小雨,0,,0,0,3,0.8,0.971,1.0,0.75,520
